dataset,n_inserted,insert_time_sec,present_search_time_sec,absent_search_time_sec,false_negatives,observed_false_positive_rate,theoretical_false_positive_rate,memory_bytes,fill_ratio,bits_per_item,expected_items,desired_false_positive_rate
random,1000,0.004276022780686617,0.0048701101914048195,0.003908132668584585,0,0.0,1.0800114320987647e-15,119814,0.007276949753053189,958.506,100000,0.01
random,1000,0.004236212000250816,0.004853426944464445,0.003914100117981434,0,0.0,1.0800114320987647e-15,119814,0.007276949753053189,958.506,100000,0.01
random,1000,0.0043561989441514015,0.004872421734035015,0.003916779067367315,0,0.0,1.0800114320987647e-15,119814,0.007276949753053189,958.506,100000,0.01
random,1000,0.004279967397451401,0.004858874250203371,0.003913425840437412,0,0.0,1.0800114320987647e-15,119814,0.007276949753053189,958.506,100000,0.01
random,1000,0.004365342203527689,0.005068012047559023,0.003924115095287561,0,0.0,1.0800114320987647e-15,119814,0.007276949753053189,958.506,100000,0.01
random,1000,0.0042935023084282875,0.004890497773885727,0.0038972869515419006,0,0.0,1.0800114320987647e-15,119814,0.007276949753053189,958.506,100000,0.01
random,1000,0.004216285888105631,0.004836207255721092,0.003914463799446821,0,0.0,1.0800114320987647e-15,119814,0.007276949753053189,958.506,100000,0.01
random,1000,0.004417726770043373,0.0048226420767605305,0.003911982756108046,0,0.0,1.0800114320987647e-15,119814,0.007276949753053189,958.506,100000,0.01
random,1000,0.004224488977342844,0.004816359840333462,0.0038800020702183247,0,0.0,1.0800114320987647e-15,119814,0.007276949753053189,958.506,100000,0.01
random,1000,0.004228896927088499,0.005149181932210922,0.0038953698240220547,0,0.0,1.0800114320987647e-15,119814,0.007276949753053189,958.506,100000,0.01
random,5000,0.02133190305903554,0.024514055345207453,0.020048747770488262,0,0.0,7.620389843068936e-11,119814,0.035794246462724284,191.7012,100000,0.01
random,5000,0.021308948285877705,0.024598635267466307,0.01956910314038396,0,0.0,7.620389843068936e-11,119814,0.035794246462724284,191.7012,100000,0.01
random,5000,0.02181375492364168,0.024676794186234474,0.01960140187293291,0,0.0,7.620389843068936e-11,119814,0.035794246462724284,191.7012,100000,0.01
random,5000,0.02121642976999283,0.024322106037288904,0.01946893334388733,0,0.0,7.620389843068936e-11,119814,0.035794246462724284,191.7012,100000,0.01
random,5000,0.021035360172390938,0.024095077998936176,0.01932668499648571,0,0.0,7.620389843068936e-11,119814,0.035794246462724284,191.7012,100000,0.01
random,5000,0.02111898362636566,0.024392635095864534,0.01990883005782962,0,0.0,7.620389843068936e-11,119814,0.035794246462724284,191.7012,100000,0.01
random,5000,0.021097990684211254,0.02408084599301219,0.019476529210805893,0,0.0,7.620389843068936e-11,119814,0.035794246462724284,191.7012,100000,0.01
random,5000,0.02134778117761016,0.024543774779886007,0.019487136974930763,0,0.0,7.620389843068936e-11,119814,0.035794246462724284,191.7012,100000,0.01
random,5000,0.021076004020869732,0.024202523287385702,0.019563341978937387,0,0.0,7.620389843068936e-11,119814,0.035794246462724284,191.7012,100000,0.01
random,5000,0.02124026883393526,0.02421359298750758,0.019486016128212214,0,0.0,7.620389843068936e-11,119814,0.035794246462724284,191.7012,100000,0.01
random,10000,0.042477781884372234,0.04892142489552498,0.038981371093541384,0,0.0,8.593887279990108e-09,119814,0.0703302848391142,95.8506,100000,0.01
random,10000,0.04259528871625662,0.04835642920807004,0.03910996066406369,0,0.0,8.593887279990108e-09,119814,0.0703302848391142,95.8506,100000,0.01
random,10000,0.042335269041359425,0.0483929212205112,0.039132826030254364,0,0.0,8.593887279990108e-09,119814,0.0703302848391142,95.8506,100000,0.01
random,10000,0.04238880472257733,0.04830860299989581,0.039300038013607264,0,0.0,8.593887279990108e-09,119814,0.0703302848391142,95.8506,100000,0.01
random,10000,0.042436509393155575,0.048303660936653614,0.039448599331080914,0,0.0,8.593887279990108e-09,119814,0.0703302848391142,95.8506,100000,0.01
random,10000,0.04229812929406762,0.04828629782423377,0.03957276092842221,0,0.0,8.593887279990108e-09,119814,0.0703302848391142,95.8506,100000,0.01
random,10000,0.04249841533601284,0.04859718820080161,0.03940682439133525,0,0.0,8.593887279990108e-09,119814,0.0703302848391142,95.8506,100000,0.01
random,10000,0.04237561533227563,0.048979931976646185,0.03910872898995876,0,0.0,8.593887279990108e-09,119814,0.0703302848391142,95.8506,100000,0.01
random,10000,0.042374284006655216,0.04864454222843051,0.03924996918067336,0,0.0,8.593887279990108e-09,119814,0.0703302848391142,95.8506,100000,0.01
random,10000,0.04238896816968918,0.04886914789676666,0.03912752913311124,0,0.0,8.593887279990108e-09,119814,0.0703302848391142,95.8506,100000,0.01
random,25000,0.10595481377094984,0.12117419391870499,0.098512661177665,0,0.0,3.6041501959913267e-06,119814,0.16688471433668647,38.34024,100000,0.01
random,25000,0.10710231075063348,0.12107291910797358,0.09836677880957723,0,0.0,3.6041501959913267e-06,119814,0.16688471433668647,38.34024,100000,0.01
random,25000,0.1062132902443409,0.12114367308095098,0.09871492069214582,0,0.0,3.6041501959913267e-06,119814,0.16688471433668647,38.34024,100000,0.01
random,25000,0.10668675927445292,0.12077137595042586,0.09835925186052918,0,0.0,3.6041501959913267e-06,119814,0.16688471433668647,38.34024,100000,0.01
random,25000,0.10603453125804663,0.12106041377410293,0.09850041568279266,0,0.0,3.6041501959913267e-06,119814,0.16688471433668647,38.34024,100000,0.01
random,25000,0.10616995207965374,0.12417886406183243,0.09862074302509427,0,0.0,3.6041501959913267e-06,119814,0.16688471433668647,38.34024,100000,0.01
random,25000,0.10750494478270411,0.12097974959760904,0.0986745641566813,0,0.0,3.6041501959913267e-06,119814,0.16688471433668647,38.34024,100000,0.01
random,25000,0.10632087709382176,0.12135893711820245,0.09852913580834866,0,0.0,3.6041501959913267e-06,119814,0.16688471433668647,38.34024,100000,0.01
random,25000,0.10644246684387326,0.1211295141838491,0.09880978660658002,0,0.0,3.6041501959913267e-06,119814,0.16688471433668647,38.34024,100000,0.01
random,25000,0.10601844312623143,0.12147594289854169,0.09844349324703217,0,0.0,3.6041501959913267e-06,119814,0.16688471433668647,38.34024,100000,0.01
random,50000,0.21235055290162563,0.24344029696658254,0.19955115672200918,0,0.0002,0.00025069266290340725,119814,0.3060189503247763,19.17012,100000,0.01
random,50000,0.21208892576396465,0.24226696183905005,0.2000031117349863,0,0.0002,0.00025069266290340725,119814,0.3060189503247763,19.17012,100000,0.01
random,50000,0.21264856262132525,0.24208129802718759,0.1997968857176602,0,0.0002,0.00025069266290340725,119814,0.3060189503247763,19.17012,100000,0.01
random,50000,0.21279301261529326,0.2430861759930849,0.19931252161040902,0,0.0002,0.00025069266290340725,119814,0.3060189503247763,19.17012,100000,0.01
random,50000,0.2118820152245462,0.24309508502483368,0.1990798208862543,0,0.0002,0.00025069266290340725,119814,0.3060189503247763,19.17012,100000,0.01
random,50000,0.2121651330962777,0.24286702601239085,0.2002184959128499,0,0.0002,0.00025069266290340725,119814,0.3060189503247763,19.17012,100000,0.01
random,50000,0.21244230400770903,0.241893176920712,0.20023134304210544,0,0.0002,0.00025069266290340725,119814,0.3060189503247763,19.17012,100000,0.01
random,50000,0.2134498436935246,0.24259846564382315,0.20068844221532345,0,0.0002,0.00025069266290340725,119814,0.3060189503247763,19.17012,100000,0.01
random,50000,0.21342903701588511,0.24514409061521292,0.19975465815514326,0,0.0002,0.00025069266290340725,119814,0.3060189503247763,19.17012,100000,0.01
random,50000,0.21263479813933372,0.24315650295466185,0.2008771556429565,0,0.0002,0.00025069266290340725,119814,0.3060189503247763,19.17012,100000,0.01
random,100000,0.4239761857315898,0.4858375168405473,0.4121756707318127,0,0.01001,0.010039209581758123,119814,0.5183128744108018,9.58506,100000,0.01
random,100000,0.42368275998160243,0.48420768417418003,0.41352894296869636,0,0.01001,0.010039209581758123,119814,0.5183128744108018,9.58506,100000,0.01
random,100000,0.4254297870211303,0.4852784159593284,0.41379209188744426,0,0.01001,0.010039209581758123,119814,0.5183128744108018,9.58506,100000,0.01
random,100000,0.4263096801005304,0.48330143094062805,0.41231314511969686,0,0.01001,0.010039209581758123,119814,0.5183128744108018,9.58506,100000,0.01
random,100000,0.42416927590966225,0.4844176108017564,0.4119736938737333,0,0.01001,0.010039209581758123,119814,0.5183128744108018,9.58506,100000,0.01
random,100000,0.42506788298487663,0.4856359683908522,0.41182009875774384,0,0.01001,0.010039209581758123,119814,0.5183128744108018,9.58506,100000,0.01
random,100000,0.4229999389499426,0.48539271112531424,0.41317711723968387,0,0.01001,0.010039209581758123,119814,0.5183128744108018,9.58506,100000,0.01
random,100000,0.42398629523813725,0.48738213116303086,0.41368327056989074,0,0.01001,0.010039209581758123,119814,0.5183128744108018,9.58506,100000,0.01
random,100000,0.42424836102873087,0.48451408883556724,0.41380315413698554,0,0.01001,0.010039209581758123,119814,0.5183128744108018,9.58506,100000,0.01
random,100000,0.4260733649134636,0.48575265193358064,0.4137762668542564,0,0.01001,0.010039209581758123,119814,0.5183128744108018,9.58506,100000,0.01
random,1000,0.0043610138818621635,0.00479624979197979,0.003899254836142063,0,0.0,2.276537093556303e-16,149767,0.005824061268657152,1198.133,125000,0.01
random,1000,0.004218609072268009,0.004810165148228407,0.0038679162971675396,0,0.0,2.276537093556303e-16,149767,0.005824061268657152,1198.133,125000,0.01
random,1000,0.004206819925457239,0.004804527852684259,0.004124498926103115,0,0.0,2.276537093556303e-16,149767,0.005824061268657152,1198.133,125000,0.01
random,1000,0.004205125849694014,0.004807837773114443,0.003864903002977371,0,0.0,2.276537093556303e-16,149767,0.005824061268657152,1198.133,125000,0.01
random,1000,0.004459640011191368,0.0050214859656989574,0.003870937041938305,0,0.0,2.276537093556303e-16,149767,0.005824061268657152,1198.133,125000,0.01
random,1000,0.004436254967004061,0.004851931240409613,0.0038892608135938644,0,0.0,2.276537093556303e-16,149767,0.005824061268657152,1198.133,125000,0.01
random,1000,0.004237726796418428,0.004844199866056442,0.003884693142026663,0,0.0,2.276537093556303e-16,149767,0.005824061268657152,1198.133,125000,0.01
random,1000,0.0042222049087285995,0.004836208187043667,0.0038864980451762676,0,0.0,2.276537093556303e-16,149767,0.005824061268657152,1198.133,125000,0.01
random,1000,0.004229273647069931,0.004862028174102306,0.003896499052643776,0,0.0,2.276537093556303e-16,149767,0.005824061268657152,1198.133,125000,0.01
random,1000,0.0042216842994093895,0.005091763101518154,0.0038996022194623947,0,0.0,2.276537093556303e-16,149767,0.005824061268657152,1198.133,125000,0.01
random,5000,0.021119872108101845,0.024214582052081823,0.019466558936983347,0,0.0,1.6392525947628034e-11,149767,0.02880147696457739,239.6266,125000,0.01
random,5000,0.02169321710243821,0.024586448445916176,0.019456249196082354,0,0.0,1.6392525947628034e-11,149767,0.02880147696457739,239.6266,125000,0.01
random,5000,0.021119183860719204,0.02423897758126259,0.019687309861183167,0,0.0,1.6392525947628034e-11,149767,0.02880147696457739,239.6266,125000,0.01
random,5000,0.021287423092871904,0.02420332981273532,0.01940018916502595,0,0.0,1.6392525947628034e-11,149767,0.02880147696457739,239.6266,125000,0.01
random,5000,0.021406859159469604,0.024578329175710678,0.019373550079762936,0,0.0,1.6392525947628034e-11,149767,0.02880147696457739,239.6266,125000,0.01
random,5000,0.02122479910030961,0.024183363188058138,0.019401054829359055,0,0.0,1.6392525947628034e-11,149767,0.02880147696457739,239.6266,125000,0.01
random,5000,0.021388915367424488,0.024133692029863596,0.01934638014063239,0,0.0,1.6392525947628034e-11,149767,0.02880147696457739,239.6266,125000,0.01
random,5000,0.021145701874047518,0.02461096690967679,0.019681090023368597,0,0.0,1.6392525947628034e-11,149767,0.02880147696457739,239.6266,125000,0.01
random,5000,0.0211756257340312,0.02418093802407384,0.019399935845285654,0,0.0,1.6392525947628034e-11,149767,0.02880147696457739,239.6266,125000,0.01
random,5000,0.021561050787568092,0.024415438063442707,0.01939914282411337,0,0.0,1.6392525947628034e-11,149767,0.02880147696457739,239.6266,125000,0.01
random,10000,0.04221684206277132,0.049120621755719185,0.03899989137426019,0,0.0,1.8957314020525276e-09,149767,0.056751629410090536,119.8133,125000,0.01
random,10000,0.04285193979740143,0.048802323173731565,0.0389478993602097,0,0.0,1.8957314020525276e-09,149767,0.056751629410090536,119.8133,125000,0.01
random,10000,0.042981014121323824,0.048471872229129076,0.03900850098580122,0,0.0,1.8957314020525276e-09,149767,0.056751629410090536,119.8133,125000,0.01
random,10000,0.0427284836769104,0.048464862164109945,0.03928168397396803,0,0.0,1.8957314020525276e-09,149767,0.056751629410090536,119.8133,125000,0.01
random,10000,0.042591124307364225,0.048342830035835505,0.039194328244775534,0,0.0,1.8957314020525276e-09,149767,0.056751629410090536,119.8133,125000,0.01
random,10000,0.042636571917682886,0.04852369287982583,0.039097681641578674,0,0.0,1.8957314020525276e-09,149767,0.056751629410090536,119.8133,125000,0.01
random,10000,0.0425500120036304,0.04833267070353031,0.038882776629179716,0,0.0,1.8957314020525276e-09,149767,0.056751629410090536,119.8133,125000,0.01
random,10000,0.04238873394206166,0.04873209819197655,0.039052411913871765,0,0.0,1.8957314020525276e-09,149767,0.056751629410090536,119.8133,125000,0.01
random,10000,0.04243130097165704,0.048624841030687094,0.039284307043999434,0,0.0,1.8957314020525276e-09,149767,0.056751629410090536,119.8133,125000,0.01
random,10000,0.042571926955133677,0.048612105660140514,0.039203034713864326,0,0.0,1.8957314020525276e-09,149767,0.056751629410090536,119.8133,125000,0.01
random,25000,0.10735221579670906,0.12177128670737147,0.09809555998072028,0,0.0,8.558869606662519e-07,149767,0.1359615334858484,47.92532,125000,0.01
random,25000,0.10604407964274287,0.12136984895914793,0.09836152009665966,0,0.0,8.558869606662519e-07,149767,0.1359615334858484,47.92532,125000,0.01
random,25000,0.1064017373137176,0.12136959517374635,0.10121810995042324,0,0.0,8.558869606662519e-07,149767,0.1359615334858484,47.92532,125000,0.01
random,25000,0.10611782409250736,0.12160229496657848,0.09857435245066881,0,0.0,8.558869606662519e-07,149767,0.1359615334858484,47.92532,125000,0.01
random,25000,0.10639968886971474,0.12145855044946074,0.09846871113404632,0,0.0,8.558869606662519e-07,149767,0.1359615334858484,47.92532,125000,0.01
random,25000,0.10619309218600392,0.12120058108121157,0.09857203811407089,0,0.0,8.558869606662519e-07,149767,0.1359615334858484,47.92532,125000,0.01
random,25000,0.10638599982485175,0.12196736875921488,0.098143698181957,0,0.0,8.558869606662519e-07,149767,0.1359615334858484,47.92532,125000,0.01
random,25000,0.10658739507198334,0.12325894366949797,0.09940427634865046,0,0.0,8.558869606662519e-07,149767,0.1359615334858484,47.92532,125000,0.01
random,25000,0.10677328798919916,0.12299631908535957,0.0989408791065216,0,0.0,8.558869606662519e-07,149767,0.1359615334858484,47.92532,125000,0.01
random,25000,0.1066678399220109,0.1218650029040873,0.09871186316013336,0,0.0,8.558869606662519e-07,149767,0.1359615334858484,47.92532,125000,0.01
random,50000,0.21265274984762073,0.24331477796658874,0.20007072761654854,0,6e-05,6.694368083188371e-05,149767,0.25353779588743486,23.96266,125000,0.01
random,50000,0.21283974079415202,0.24367413576692343,0.2004995490424335,0,6e-05,6.694368083188371e-05,149767,0.25353779588743486,23.96266,125000,0.01
random,50000,0.21313998475670815,0.2435463429428637,0.20030137710273266,0,6e-05,6.694368083188371e-05,149767,0.25353779588743486,23.96266,125000,0.01
random,50000,0.21427640691399574,0.2439001128077507,0.1995753780938685,0,6e-05,6.694368083188371e-05,149767,0.25353779588743486,23.96266,125000,0.01
random,50000,0.2129034069366753,0.2443465581163764,0.1994543899782002,0,6e-05,6.694368083188371e-05,149767,0.25353779588743486,23.96266,125000,0.01
random,50000,0.21521567413583398,0.24643629183992743,0.19933480909094214,0,6e-05,6.694368083188371e-05,149767,0.25353779588743486,23.96266,125000,0.01
random,50000,0.21336215594783425,0.24836520291864872,0.20048155030235648,0,6e-05,6.694368083188371e-05,149767,0.25353779588743486,23.96266,125000,0.01
random,50000,0.2128462977707386,0.24628738779574633,0.20162517437711358,0,6e-05,6.694368083188371e-05,149767,0.25353779588743486,23.96266,125000,0.01
random,50000,0.2133672907948494,0.2470683166757226,0.19924250803887844,0,6e-05,6.694368083188371e-05,149767,0.25353779588743486,23.96266,125000,0.01
random,50000,0.21922113467007875,0.244739037938416,0.1995939528569579,0,6e-05,6.694368083188371e-05,149767,0.25353779588743486,23.96266,125000,0.01
random,100000,0.4296557647176087,0.48632867401465774,0.40809882804751396,0,0.00375,0.0033204706885829435,149767,0.4426436797918094,11.98133,125000,0.01
random,100000,0.4379490767605603,0.48891765158623457,0.40780043695122004,0,0.00375,0.0033204706885829435,149767,0.4426436797918094,11.98133,125000,0.01
random,100000,0.436769078951329,0.49477897491306067,0.4091027178801596,0,0.00375,0.0033204706885829435,149767,0.4426436797918094,11.98133,125000,0.01
random,100000,0.4272062801755965,0.4884001249447465,0.4079110031016171,0,0.00375,0.0033204706885829435,149767,0.4426436797918094,11.98133,125000,0.01
random,100000,0.4263953482732177,0.48855442367494106,0.40807444090023637,0,0.00375,0.0033204706885829435,149767,0.4426436797918094,11.98133,125000,0.01
random,100000,0.42637640703469515,0.49268273590132594,0.4081838638521731,0,0.00375,0.0033204706885829435,149767,0.4426436797918094,11.98133,125000,0.01
random,100000,0.4248683131299913,0.4864276507869363,0.4075968819670379,0,0.00375,0.0033204706885829435,149767,0.4426436797918094,11.98133,125000,0.01
random,100000,0.4254125920124352,0.48757978482171893,0.4069918589666486,0,0.00375,0.0033204706885829435,149767,0.4426436797918094,11.98133,125000,0.01
random,100000,0.42503983760252595,0.48876355588436127,0.408455871976912,0,0.00375,0.0033204706885829435,149767,0.4426436797918094,11.98133,125000,0.01
random,100000,0.42531109834089875,0.4869420388713479,0.4067327752709389,0,0.00375,0.0033204706885829435,149767,0.4426436797918094,11.98133,125000,0.01
random,1000,0.004469991661608219,0.004835173022001982,0.003877597860991955,0,0.0,6.375086231590716e-17,179720,0.004857559577091849,1437.759,150000,0.01
random,1000,0.004249264020472765,0.004858135245740414,0.0039036967791616917,0,0.0,6.375086231590716e-17,179720,0.004857559577091849,1437.759,150000,0.01
random,1000,0.0042338902130723,0.00484877685084939,0.003974423743784428,0,0.0,6.375086231590716e-17,179720,0.004857559577091849,1437.759,150000,0.01
random,1000,0.004227663855999708,0.004843314178287983,0.00392040004953742,0,0.0,6.375086231590716e-17,179720,0.004857559577091849,1437.759,150000,0.01
random,1000,0.004228258039802313,0.004857318941503763,0.003879725933074951,0,0.0,6.375086231590716e-17,179720,0.004857559577091849,1437.759,150000,0.01
random,1000,0.004222906194627285,0.004850524943321943,0.003879130817949772,0,0.0,6.375086231590716e-17,179720,0.004857559577091849,1437.759,150000,0.01
random,1000,0.004224870819598436,0.005063098855316639,0.0038764136843383312,0,0.0,6.375086231590716e-17,179720,0.004857559577091849,1437.759,150000,0.01
random,1000,0.004223134834319353,0.004850767087191343,0.003878222778439522,0,0.0,6.375086231590716e-17,179720,0.004857559577091849,1437.759,150000,0.01
random,1000,0.004262209869921207,0.004834223072975874,0.0038773189298808575,0,0.0,6.375086231590716e-17,179720,0.004857559577091849,1437.759,150000,0.01
random,1000,0.004223278723657131,0.0048383381217718124,0.0038994858041405678,0,0.0,6.375086231590716e-17,179720,0.004857559577091849,1437.759,150000,0.01
random,5000,0.02140649314969778,0.024459832813590765,0.019530832767486572,0,0.0,4.653138022104431e-12,179720,0.0240339305822464,287.5518,150000,0.01
random,5000,0.021657807752490044,0.02445519482716918,0.019636635202914476,0,0.0,4.653138022104431e-12,179720,0.0240339305822464,287.5518,150000,0.01
random,5000,0.021213216241449118,0.024347389116883278,0.01959347678348422,0,0.0,4.653138022104431e-12,179720,0.0240339305822464,287.5518,150000,0.01
random,5000,0.021401690784841776,0.024325612001121044,0.019449059385806322,0,0.0,4.653138022104431e-12,179720,0.0240339305822464,287.5518,150000,0.01
random,5000,0.021197363268584013,0.024358313996344805,0.019648545887321234,0,0.0,4.653138022104431e-12,179720,0.0240339305822464,287.5518,150000,0.01
random,5000,0.021128531079739332,0.024280783254653215,0.019454177003353834,0,0.0,4.653138022104431e-12,179720,0.0240339305822464,287.5518,150000,0.01
random,5000,0.021489831153303385,0.02448177896440029,0.019535062834620476,0,0.0,4.653138022104431e-12,179720,0.0240339305822464,287.5518,150000,0.01
random,5000,0.021165364887565374,0.024663238786160946,0.019614481832832098,0,0.0,4.653138022104431e-12,179720,0.0240339305822464,287.5518,150000,0.01
random,5000,0.021326212212443352,0.024325532838702202,0.019639937207102776,0,0.0,4.653138022104431e-12,179720,0.0240339305822464,287.5518,150000,0.01
random,5000,0.021521687973290682,0.02441705670207739,0.019511639140546322,0,0.0,4.653138022104431e-12,179720,0.0240339305822464,287.5518,150000,0.01
random,10000,0.04262388590723276,0.04883719701319933,0.03905656794086099,0,0.0,5.472406080344295e-10,179720,0.047496138087120304,143.7759,150000,0.01
random,10000,0.04294550884515047,0.04892753204330802,0.03897105669602752,0,0.0,5.472406080344295e-10,179720,0.047496138087120304,143.7759,150000,0.01
random,10000,0.0431476435624063,0.048818171955645084,0.03919078130275011,0,0.0,5.472406080344295e-10,179720,0.047496138087120304,143.7759,150000,0.01
random,10000,0.04260523431003094,0.04872148996219039,0.03933328203856945,0,0.0,5.472406080344295e-10,179720,0.047496138087120304,143.7759,150000,0.01
random,10000,0.042789401952177286,0.04856575978919864,0.039464274886995554,0,0.0,5.472406080344295e-10,179720,0.047496138087120304,143.7759,150000,0.01
random,10000,0.04230154398828745,0.04879623698070645,0.03949125111103058,0,0.0,5.472406080344295e-10,179720,0.047496138087120304,143.7759,150000,0.01
random,10000,0.04234629776328802,0.04880620865151286,0.03943723300471902,0,0.0,5.472406080344295e-10,179720,0.047496138087120304,143.7759,150000,0.01
random,10000,0.042689938098192215,0.04886075109243393,0.03957591624930501,0,0.0,5.472406080344295e-10,179720,0.047496138087120304,143.7759,150000,0.01
random,10000,0.04269095417112112,0.048775449860841036,0.03946670703589916,0,0.0,5.472406080344295e-10,179720,0.047496138087120304,143.7759,150000,0.01
random,10000,0.04272740567103028,0.04897293262183666,0.03937848377972841,0,0.0,5.472406080344295e-10,179720,0.047496138087120304,143.7759,150000,0.01
random,25000,0.10669556492939591,0.12239303207024932,0.0990041708573699,0,0.0,2.596128472004376e-07,179720,0.11456787959595453,57.51036,150000,0.01
random,25000,0.10690428502857685,0.12218557531014085,0.09844978526234627,0,0.0,2.596128472004376e-07,179720,0.11456787959595453,57.51036,150000,0.01
random,25000,0.10642166482284665,0.12337769195437431,0.10996850533410907,0,0.0,2.596128472004376e-07,179720,0.11456787959595453,57.51036,150000,0.01
random,25000,0.1320633958093822,0.12138996087014675,0.09811208210885525,0,0.0,2.596128472004376e-07,179720,0.11456787959595453,57.51036,150000,0.01
random,25000,0.10599552700296044,0.12190053006634116,0.09818129101768136,0,0.0,2.596128472004376e-07,179720,0.11456787959595453,57.51036,150000,0.01
random,25000,0.10595440492033958,0.12161832628771663,0.09830654785037041,0,0.0,2.596128472004376e-07,179720,0.11456787959595453,57.51036,150000,0.01
random,25000,0.10774195799604058,0.12195869302377105,0.09821256017312407,0,0.0,2.596128472004376e-07,179720,0.11456787959595453,57.51036,150000,0.01
random,25000,0.1061050002463162,0.12190775899216533,0.09823166765272617,0,0.0,2.596128472004376e-07,179720,0.11456787959595453,57.51036,150000,0.01
random,25000,0.10602288926020265,0.12181077804416418,0.09817905770614743,0,0.0,2.596128472004376e-07,179720,0.11456787959595453,57.51036,150000,0.01
random,25000,0.1063888999633491,0.12176709622144699,0.09816335327923298,0,0.0,2.596128472004376e-07,179720,0.11456787959595453,57.51036,150000,0.01
random,50000,0.21226281207054853,0.24264373211190104,0.1977365450002253,0,6e-05,2.1986122401515063e-05,179720,0.21613497115997882,28.75518,150000,0.01
random,50000,0.21212796168401837,0.242500688880682,0.19764015404507518,0,6e-05,2.1986122401515063e-05,179720,0.21613497115997882,28.75518,150000,0.01
random,50000,0.2124425657093525,0.24500373983755708,0.19757356494665146,0,6e-05,2.1986122401515063e-05,179720,0.21613497115997882,28.75518,150000,0.01
random,50000,0.21226841304451227,0.24329754523932934,0.19781600404530764,0,6e-05,2.1986122401515063e-05,179720,0.21613497115997882,28.75518,150000,0.01
random,50000,0.2127489261329174,0.2434847541153431,0.19755745632573962,0,6e-05,2.1986122401515063e-05,179720,0.21613497115997882,28.75518,150000,0.01
random,50000,0.2123855729587376,0.24272555392235518,0.19771308032795787,0,6e-05,2.1986122401515063e-05,179720,0.21613497115997882,28.75518,150000,0.01
random,50000,0.21211817022413015,0.2433798066340387,0.19762760819867253,0,6e-05,2.1986122401515063e-05,179720,0.21613497115997882,28.75518,150000,0.01
random,50000,0.21451320219784975,0.24417015118524432,0.1981785697862506,0,6e-05,2.1986122401515063e-05,179720,0.21613497115997882,28.75518,150000,0.01
random,50000,0.21256580390036106,0.24329533986747265,0.19798023300245404,0,6e-05,2.1986122401515063e-05,179720,0.21613497115997882,28.75518,150000,0.01
random,50000,0.2131293499842286,0.24347891984507442,0.1984050991013646,0,6e-05,2.1986122401515063e-05,179720,0.21613497115997882,28.75518,150000,0.01
random,100000,0.4237842671573162,0.48654473293572664,0.40396803012117743,0,0.00126,0.0012641390236719158,179720,0.3854262084257515,14.37759,150000,0.01
random,100000,0.42781954212114215,0.48818211583420634,0.40462386095896363,0,0.00126,0.0012641390236719158,179720,0.3854262084257515,14.37759,150000,0.01
random,100000,0.42394453240558505,0.4869180959649384,0.4061546470038593,0,0.00126,0.0012641390236719158,179720,0.3854262084257515,14.37759,150000,0.01
random,100000,0.4275850551202893,0.4961667750030756,0.4031403949484229,0,0.00126,0.0012641390236719158,179720,0.3854262084257515,14.37759,150000,0.01
random,100000,0.424216671846807,0.48678953340277076,0.40425716573372483,0,0.00126,0.0012641390236719158,179720,0.3854262084257515,14.37759,150000,0.01
random,100000,0.42494250601157546,0.48743714625015855,0.4040570743381977,0,0.00126,0.0012641390236719158,179720,0.3854262084257515,14.37759,150000,0.01
random,100000,0.42480765795335174,0.48744091484695673,0.40403952123597264,0,0.00126,0.0012641390236719158,179720,0.3854262084257515,14.37759,150000,0.01
random,100000,0.42375878943130374,0.49439243506640196,0.40414569713175297,0,0.00126,0.0012641390236719158,179720,0.3854262084257515,14.37759,150000,0.01
random,100000,0.4249393851496279,0.48582197166979313,0.40336221596226096,0,0.00126,0.0012641390236719158,179720,0.3854262084257515,14.37759,150000,0.01
random,100000,0.4268306470476091,0.4895075326785445,0.4061778006143868,0,0.00126,0.0012641390236719158,179720,0.3854262084257515,14.37759,150000,0.01
random,1000,0.004269883036613464,0.00483701704069972,0.003894479013979435,0,0.0,8.546016607875172e-18,239627,0.0036462995536804153,1917.012,200000,0.01
random,1000,0.004229139070957899,0.004852550104260445,0.0038811410777270794,0,0.0,8.546016607875172e-18,239627,0.0036462995536804153,1917.012,200000,0.01
random,1000,0.004227026831358671,0.004847715143114328,0.003887081053107977,0,0.0,8.546016607875172e-18,239627,0.0036462995536804153,1917.012,200000,0.01
random,1000,0.004253176972270012,0.004837902262806892,0.00388065492734313,0,0.0,8.546016607875172e-18,239627,0.0036462995536804153,1917.012,200000,0.01
random,1000,0.004232222680002451,0.0048500592820346355,0.0038915518671274185,0,0.0,8.546016607875172e-18,239627,0.0036462995536804153,1917.012,200000,0.01
random,1000,0.004223695956170559,0.004822934046387672,0.003879623021930456,0,0.0,8.546016607875172e-18,239627,0.0036462995536804153,1917.012,200000,0.01
random,1000,0.004224499687552452,0.004844669718295336,0.003884844947606325,0,0.0,8.546016607875172e-18,239627,0.0036462995536804153,1917.012,200000,0.01
random,1000,0.004322100430727005,0.004864165093749762,0.0038902568630874157,0,0.0,8.546016607875172e-18,239627,0.0036462995536804153,1917.012,200000,0.01
random,1000,0.004232024773955345,0.004846611060202122,0.003878456074744463,0,0.0,8.546016607875172e-18,239627,0.0036462995536804153,1917.012,200000,0.01
random,1000,0.00422267708927393,0.004845848772674799,0.0038913562893867493,0,0.0,8.546016607875172e-18,239627,0.0036462995536804153,1917.012,200000,0.01
random,5000,0.02142168302088976,0.024317885749042034,0.019507172983139753,0,0.0,6.34443032144784e-13,239627,0.018091175224776893,383.4024,200000,0.01
random,5000,0.02119854697957635,0.02429805602878332,0.019700806122273207,0,0.0,6.34443032144784e-13,239627,0.018091175224776893,383.4024,200000,0.01
random,5000,0.02124276664108038,0.024286002852022648,0.019539232831448317,0,0.0,6.34443032144784e-13,239627,0.018091175224776893,383.4024,200000,0.01
random,5000,0.02114962413907051,0.02434141095727682,0.01949604693800211,0,0.0,6.34443032144784e-13,239627,0.018091175224776893,383.4024,200000,0.01
random,5000,0.021178239956498146,0.024388005025684834,0.0196787198074162,0,0.0,6.34443032144784e-13,239627,0.018091175224776893,383.4024,200000,0.01
random,5000,0.021247191820293665,0.02436306420713663,0.01951402984559536,0,0.0,6.34443032144784e-13,239627,0.018091175224776893,383.4024,200000,0.01
random,5000,0.02115382719784975,0.024322509299963713,0.0194859872572124,0,0.0,6.34443032144784e-13,239627,0.018091175224776893,383.4024,200000,0.01
random,5000,0.021155256312340498,0.024537420365959406,0.019611654803156853,0,0.0,6.34443032144784e-13,239627,0.018091175224776893,383.4024,200000,0.01
random,5000,0.02131839795038104,0.0242861807346344,0.019447640981525183,0,0.0,6.34443032144784e-13,239627,0.018091175224776893,383.4024,200000,0.01
random,5000,0.021326201036572456,0.024309612344950438,0.01947770221158862,0,0.0,6.34443032144784e-13,239627,0.018091175224776893,383.4024,200000,0.01
random,10000,0.042800853960216045,0.048587741795927286,0.0390421012416482,0,0.0,7.620389843068936e-11,239627,0.03585788717024202,191.7012,200000,0.01
random,10000,0.04265744984149933,0.04851204063743353,0.0389830251224339,0,0.0,7.620389843068936e-11,239627,0.03585788717024202,191.7012,200000,0.01
random,10000,0.042464104015380144,0.049116730224341154,0.039623315911740065,0,0.0,7.620389843068936e-11,239627,0.03585788717024202,191.7012,200000,0.01
random,10000,0.042946649715304375,0.048870319966226816,0.0391797199845314,0,0.0,7.620389843068936e-11,239627,0.03585788717024202,191.7012,200000,0.01
random,10000,0.04228333616629243,0.0488934232853353,0.03914342587813735,0,0.0,7.620389843068936e-11,239627,0.03585788717024202,191.7012,200000,0.01
random,10000,0.04230319708585739,0.04850977100431919,0.03910140600055456,0,0.0,7.620389843068936e-11,239627,0.03585788717024202,191.7012,200000,0.01
random,10000,0.04240904515609145,0.04854971682652831,0.03903605416417122,0,0.0,7.620389843068936e-11,239627,0.03585788717024202,191.7012,200000,0.01
random,10000,0.042408531066030264,0.04858718812465668,0.03921087319031358,0,0.0,7.620389843068936e-11,239627,0.03585788717024202,191.7012,200000,0.01
random,10000,0.0423716539517045,0.04875037493184209,0.039686084259301424,0,0.0,7.620389843068936e-11,239627,0.03585788717024202,191.7012,200000,0.01
random,10000,0.04234244814142585,0.048724090214818716,0.03905394580215216,0,0.0,7.620389843068936e-11,239627,0.03585788717024202,191.7012,200000,0.01
random,25000,0.10629961639642715,0.12136601470410824,0.09818521793931723,0,0.0,3.847579776268674e-08,239627,0.08727123252227946,76.68048,200000,0.01
random,25000,0.10634934576228261,0.12186714261770248,0.09865948092192411,0,0.0,3.847579776268674e-08,239627,0.08727123252227946,76.68048,200000,0.01
random,25000,0.10613693902269006,0.1220860960893333,0.09851104486733675,0,0.0,3.847579776268674e-08,239627,0.08727123252227946,76.68048,200000,0.01
random,25000,0.10635103611275554,0.1221571839414537,0.09829686116427183,0,0.0,3.847579776268674e-08,239627,0.08727123252227946,76.68048,200000,0.01
random,25000,0.10637064138427377,0.12232449883595109,0.09815299417823553,0,0.0,3.847579776268674e-08,239627,0.08727123252227946,76.68048,200000,0.01
random,25000,0.10619796020910144,0.12177908886224031,0.09836796158924699,0,0.0,3.847579776268674e-08,239627,0.08727123252227946,76.68048,200000,0.01
random,25000,0.1064139399677515,0.12152138072997332,0.09830313362181187,0,0.0,3.847579776268674e-08,239627,0.08727123252227946,76.68048,200000,0.01
random,25000,0.10596074676141143,0.12158895190805197,0.0984627939760685,0,0.0,3.847579776268674e-08,239627,0.08727123252227946,76.68048,200000,0.01
random,25000,0.10642680805176497,0.12153412075713277,0.09810385620221496,0,0.0,3.847579776268674e-08,239627,0.08727123252227946,76.68048,200000,0.01
random,25000,0.10637905821204185,0.12179424008354545,0.09862552583217621,0,0.0,3.847579776268674e-08,239627,0.08727123252227946,76.68048,200000,0.01
random,50000,0.21326635824516416,0.24753012927249074,0.20021997997537255,0,0.0,3.6041501959913267e-06,239627,0.16691914291616328,38.34024,200000,0.01
random,50000,0.21332104224711657,0.24601081712171435,0.197278858628124,0,0.0,3.6041501959913267e-06,239627,0.16691914291616328,38.34024,200000,0.01
random,50000,0.21259464928880334,0.24305788101628423,0.19718631310388446,0,0.0,3.6041501959913267e-06,239627,0.16691914291616328,38.34024,200000,0.01
random,50000,0.21223756298422813,0.243537331931293,0.19800834404304624,0,0.0,3.6041501959913267e-06,239627,0.16691914291616328,38.34024,200000,0.01
random,50000,0.21230290830135345,0.2562376572750509,0.20360957412049174,0,0.0,3.6041501959913267e-06,239627,0.16691914291616328,38.34024,200000,0.01
random,50000,0.2121704421006143,0.2437222613953054,0.19736992195248604,0,0.0,3.6041501959913267e-06,239627,0.16691914291616328,38.34024,200000,0.01
random,50000,0.2124506481923163,0.24310716800391674,0.1971291871741414,0,0.0,3.6041501959913267e-06,239627,0.16691914291616328,38.34024,200000,0.01
random,50000,0.2124863755889237,0.24272289779037237,0.19760297518223524,0,0.0,3.6041501959913267e-06,239627,0.16691914291616328,38.34024,200000,0.01
random,50000,0.21300064399838448,0.24358077766373754,0.1976526021026075,0,0.0,3.6041501959913267e-06,239627,0.16691914291616328,38.34024,200000,0.01
random,50000,0.21294112596660852,0.2445042012259364,0.19679577415809035,0,0.0,3.6041501959913267e-06,239627,0.16691914291616328,38.34024,200000,0.01
random,100000,0.4254281669855118,0.48538972530514,0.3988428572192788,0,0.00015,0.00025069266290340725,239627,0.3059626126492688,19.17012,200000,0.01
random,100000,0.42470250092446804,0.4883367056027055,0.39959948789328337,0,0.00015,0.00025069266290340725,239627,0.3059626126492688,19.17012,200000,0.01
random,100000,0.4250406199134886,0.48816363979130983,0.40040164021775126,0,0.00015,0.00025069266290340725,239627,0.3059626126492688,19.17012,200000,0.01
random,100000,0.4239173997193575,0.48667489690706134,0.3993196808733046,0,0.00015,0.00025069266290340725,239627,0.3059626126492688,19.17012,200000,0.01
random,100000,0.4254195047542453,0.4860112960450351,0.39954489609226584,0,0.00015,0.00025069266290340725,239627,0.3059626126492688,19.17012,200000,0.01
random,100000,0.42460315115749836,0.48587252013385296,0.3994253361597657,0,0.00015,0.00025069266290340725,239627,0.3059626126492688,19.17012,200000,0.01
random,100000,0.42434926191344857,0.48672724701464176,0.4006825960241258,0,0.00015,0.00025069266290340725,239627,0.3059626126492688,19.17012,200000,0.01
random,100000,0.4246586342342198,0.4877798482775688,0.40155034605413675,0,0.00015,0.00025069266290340725,239627,0.3059626126492688,19.17012,200000,0.01
random,100000,0.4236352937296033,0.4861836810596287,0.40133890975266695,0,0.00015,0.00025069266290340725,239627,0.3059626126492688,19.17012,200000,0.01
random,100000,0.42492804396897554,0.4847860122099519,0.3998505100607872,0,0.00015,0.00025069266290340725,239627,0.3059626126492688,19.17012,200000,0.01
random,1000,0.004290828015655279,0.004877161234617233,0.003926374949514866,0,0.0,1.796813974752981e-18,299534,0.0029153703784848503,2396.265,250000,0.01
random,1000,0.00423612492159009,0.004880829714238644,0.0038911360315978527,0,0.0,1.796813974752981e-18,299534,0.0029153703784848503,2396.265,250000,0.01
random,1000,0.004236437845975161,0.004865345079451799,0.0038881259970366955,0,0.0,1.796813974752981e-18,299534,0.0029153703784848503,2396.265,250000,0.01
random,1000,0.004279718734323978,0.004879979882389307,0.003912217915058136,0,0.0,1.796813974752981e-18,299534,0.0029153703784848503,2396.265,250000,0.01
random,1000,0.004254103172570467,0.004851169418543577,0.003904575016349554,0,0.0,1.796813974752981e-18,299534,0.0029153703784848503,2396.265,250000,0.01
random,1000,0.004255961161106825,0.004852593876421452,0.0038888659328222275,0,0.0,1.796813974752981e-18,299534,0.0029153703784848503,2396.265,250000,0.01
random,1000,0.004243528004735708,0.004862470086663961,0.0038956464268267155,0,0.0,1.796813974752981e-18,299534,0.0029153703784848503,2396.265,250000,0.01
random,1000,0.004245779011398554,0.07164446404203773,0.003905095160007477,0,0.0,1.796813974752981e-18,299534,0.0029153703784848503,2396.265,250000,0.01
random,1000,0.004233228974044323,0.004849407821893692,0.003889292012900114,0,0.0,1.796813974752981e-18,299534,0.0029153703784848503,2396.265,250000,0.01
random,1000,0.0042301747016608715,0.004842306021600962,0.0038783769123256207,0,0.0,1.796813974752981e-18,299534,0.0029153703784848503,2396.265,250000,0.01
random,5000,0.02119873883202672,0.024365036748349667,0.019507352728396654,0,0.0,1.347589929544718e-13,299534,0.014485876979382497,479.253,250000,0.01
random,5000,0.0211379979737103,0.024186194874346256,0.019639983773231506,0,0.0,1.347589929544718e-13,299534,0.014485876979382497,479.253,250000,0.01
random,5000,0.021148849744349718,0.02426738291978836,0.019480564165860415,0,0.0,1.347589929544718e-13,299534,0.014485876979382497,479.253,250000,0.01
random,5000,0.02120751002803445,0.02432354725897312,0.01956292102113366,0,0.0,1.347589929544718e-13,299534,0.014485876979382497,479.253,250000,0.01
random,5000,0.02116844104602933,0.02435822319239378,0.019498859997838736,0,0.0,1.347589929544718e-13,299534,0.014485876979382497,479.253,250000,0.01
random,5000,0.02119185123592615,0.02433294290676713,0.01950598182156682,0,0.0,1.347589929544718e-13,299534,0.014485876979382497,479.253,250000,0.01
random,5000,0.021217127796262503,0.024302876088768244,0.01949999574571848,0,0.0,1.347589929544718e-13,299534,0.014485876979382497,479.253,250000,0.01
random,5000,0.0212016929872334,0.024318117182701826,0.019495760090649128,0,0.0,1.347589929544718e-13,299534,0.014485876979382497,479.253,250000,0.01
random,5000,0.021159426774829626,0.024480244144797325,0.019486564211547375,0,0.0,1.347589929544718e-13,299534,0.014485876979382497,479.253,250000,0.01
random,5000,0.021386961918324232,0.024332965724170208,0.01948027778416872,0,0.0,1.347589929544718e-13,299534,0.014485876979382497,479.253,250000,0.01
random,10000,0.042405540123581886,0.04861851315945387,0.03901657974347472,0,0.0,1.6392573137721598e-11,299534,0.028771442223627187,239.6265,250000,0.01
random,10000,0.04250273294746876,0.048784452956169844,0.039164929650723934,0,0.0,1.6392573137721598e-11,299534,0.028771442223627187,239.6265,250000,0.01
random,10000,0.04252107487991452,0.04884667228907347,0.03909093979746103,0,0.0,1.6392573137721598e-11,299534,0.028771442223627187,239.6265,250000,0.01
random,10000,0.04278582567349076,0.04855158878490329,0.0391294090077281,0,0.0,1.6392573137721598e-11,299534,0.028771442223627187,239.6265,250000,0.01
random,10000,0.04259420000016689,0.048530693631619215,0.03918732609599829,0,0.0,1.6392573137721598e-11,299534,0.028771442223627187,239.6265,250000,0.01
random,10000,0.04262633714824915,0.04878394119441509,0.03921927930787206,0,0.0,1.6392573137721598e-11,299534,0.028771442223627187,239.6265,250000,0.01
random,10000,0.042577916756272316,0.04847069317474961,0.03915515122935176,0,0.0,1.6392573137721598e-11,299534,0.028771442223627187,239.6265,250000,0.01
random,10000,0.04295675503090024,0.04910749010741711,0.039477669168263674,0,0.0,1.6392573137721598e-11,299534,0.028771442223627187,239.6265,250000,0.01
random,10000,0.0424617868848145,0.04881172440946102,0.03938781889155507,0,0.0,1.6392573137721598e-11,299534,0.028771442223627187,239.6265,250000,0.01
random,10000,0.04238256812095642,0.04925394104793668,0.03897754894569516,0,0.0,1.6392573137721598e-11,299534,0.028771442223627187,239.6265,250000,0.01
random,25000,0.10592191712930799,0.1210257881321013,0.09812235133722425,0,0.0,8.593887279990108e-09,299534,0.0703515679609726,95.8506,250000,0.01
random,25000,0.10627768374979496,0.12112359935417771,0.09809091361239552,0,0.0,8.593887279990108e-09,299534,0.0703515679609726,95.8506,250000,0.01
random,25000,0.10638094088062644,0.12157694203779101,0.0981397251598537,0,0.0,8.593887279990108e-09,299534,0.0703515679609726,95.8506,250000,0.01
random,25000,0.10675029829144478,0.12151011498644948,0.09815713716670871,0,0.0,8.593887279990108e-09,299534,0.0703515679609726,95.8506,250000,0.01
random,25000,0.10700919479131699,0.12186392024159431,0.09836486726999283,0,0.0,8.593887279990108e-09,299534,0.0703515679609726,95.8506,250000,0.01
random,25000,0.10630420781672001,0.1226765071041882,0.09913180442526937,0,0.0,8.593887279990108e-09,299534,0.0703515679609726,95.8506,250000,0.01
random,25000,0.10614845296368003,0.12096673436462879,0.09808043809607625,0,0.0,8.593887279990108e-09,299534,0.0703515679609726,95.8506,250000,0.01
random,25000,0.10636166902258992,0.12106849998235703,0.09812945779412985,0,0.0,8.593887279990108e-09,299534,0.0703515679609726,95.8506,250000,0.01
random,25000,0.10603083483874798,0.12110721599310637,0.09770140564069152,0,0.0,8.593887279990108e-09,299534,0.0703515679609726,95.8506,250000,0.01
random,25000,0.10646282928064466,0.12124902009963989,0.09786079591140151,0,0.0,8.593887279990108e-09,299534,0.0703515679609726,95.8506,250000,0.01
random,50000,0.21306496206671,0.24227762036025524,0.19681364903226495,0,0.0,8.558892827478037e-07,299534,0.13589398501417832,47.9253,250000,0.01
random,50000,0.21385562466457486,0.24577534012496471,0.19678961392492056,0,0.0,8.558892827478037e-07,299534,0.13589398501417832,47.9253,250000,0.01
random,50000,0.2130451388657093,0.2432335540652275,0.19669003831222653,0,0.0,8.558892827478037e-07,299534,0.13589398501417832,47.9253,250000,0.01
random,50000,0.2121646348387003,0.2427165675908327,0.19669876899570227,0,0.0,8.558892827478037e-07,299534,0.13589398501417832,47.9253,250000,0.01
random,50000,0.2127856370061636,0.24283156311139464,0.19678618712350726,0,0.0,8.558892827478037e-07,299534,0.13589398501417832,47.9253,250000,0.01
random,50000,0.2124381298199296,0.24293092032894492,0.1968866977840662,0,0.0,8.558892827478037e-07,299534,0.13589398501417832,47.9253,250000,0.01
random,50000,0.21208105143159628,0.24458299111574888,0.20079171005636454,0,0.0,8.558892827478037e-07,299534,0.13589398501417832,47.9253,250000,0.01
random,50000,0.21289643878117204,0.24261863809078932,0.19705156283453107,0,0.0,8.558892827478037e-07,299534,0.13589398501417832,47.9253,250000,0.01
random,50000,0.21229193918406963,0.24285094998776913,0.19672471238300204,0,0.0,8.558892827478037e-07,299534,0.13589398501417832,47.9253,250000,0.01
random,50000,0.21300542121753097,0.24409287981688976,0.19631470693275332,0,0.0,8.558892827478037e-07,299534,0.13589398501417832,47.9253,250000,0.01
random,100000,0.42608714383095503,0.48581052478402853,0.3971374724060297,0,4e-05,6.694384921433764e-05,299534,0.2533388419060496,23.96265,250000,0.01
random,100000,0.42484977608546615,0.4870686149224639,0.39758208114653826,0,4e-05,6.694384921433764e-05,299534,0.2533388419060496,23.96265,250000,0.01
random,100000,0.42573303496465087,0.4865911160595715,0.39695866499096155,0,4e-05,6.694384921433764e-05,299534,0.2533388419060496,23.96265,250000,0.01
random,100000,0.42520067980512977,0.48522263392806053,0.3970738910138607,0,4e-05,6.694384921433764e-05,299534,0.2533388419060496,23.96265,250000,0.01
random,100000,0.4251854629255831,0.4852691227570176,0.39714617608115077,0,4e-05,6.694384921433764e-05,299534,0.2533388419060496,23.96265,250000,0.01
random,100000,0.4251987412571907,0.4855902190320194,0.39735199324786663,0,4e-05,6.694384921433764e-05,299534,0.2533388419060496,23.96265,250000,0.01
random,100000,0.4242661749012768,0.48513499181717634,0.3980063758790493,0,4e-05,6.694384921433764e-05,299534,0.2533388419060496,23.96265,250000,0.01
random,100000,0.424399693030864,0.4843708756379783,0.3962496011517942,0,4e-05,6.694384921433764e-05,299534,0.2533388419060496,23.96265,250000,0.01
random,100000,0.42560915602371097,0.48821266181766987,0.39885760890319943,0,4e-05,6.694384921433764e-05,299534,0.2533388419060496,23.96265,250000,0.01
random,100000,0.4267246210947633,0.4845851589925587,0.39833535021170974,0,4e-05,6.694384921433764e-05,299534,0.2533388419060496,23.96265,250000,0.01
random,1000,0.004286519717425108,0.004880908876657486,0.0039017111994326115,0,0.0,1.410952855687427e-20,599067,0.001459563111759342,4792.53,500000,0.01
random,1000,0.0042385621927678585,0.004856075160205364,0.003887718077749014,0,0.0,1.410952855687427e-20,599067,0.001459563111759342,4792.53,500000,0.01
random,1000,0.004225157201290131,0.004838300868868828,0.003888944163918495,0,0.0,1.410952855687427e-20,599067,0.001459563111759342,4792.53,500000,0.01
random,1000,0.004227516241371632,0.00483633391559124,0.0038801077753305435,0,0.0,1.410952855687427e-20,599067,0.001459563111759342,4792.53,500000,0.01
random,1000,0.004244672134518623,0.004839151632040739,0.003913372755050659,0,0.0,1.410952855687427e-20,599067,0.001459563111759342,4792.53,500000,0.01
random,1000,0.004237833898514509,0.004843443166464567,0.003876820672303438,0,0.0,1.410952855687427e-20,599067,0.001459563111759342,4792.53,500000,0.01
random,1000,0.004235043190419674,0.004854625090956688,0.0038850433193147182,0,0.0,1.410952855687427e-20,599067,0.001459563111759342,4792.53,500000,0.01
random,1000,0.004291394259780645,0.0048746331594884396,0.003914990928024054,0,0.0,1.410952855687427e-20,599067,0.001459563111759342,4792.53,500000,0.01
random,1000,0.004256096668541431,0.004860057961195707,0.0038872198201715946,0,0.0,1.410952855687427e-20,599067,0.001459563111759342,4792.53,500000,0.01
random,1000,0.004272338934242725,0.004887464921921492,0.003907555248588324,0,0.0,1.410952855687427e-20,599067,0.001459563111759342,4792.53,500000,0.01
random,5000,0.021285390947014093,0.024313281755894423,0.019464040640741587,0,0.0,1.0800114320987647e-15,599067,0.007273193908019355,958.506,500000,0.01
random,5000,0.021256632171571255,0.024238687939941883,0.019407153129577637,0,0.0,1.0800114320987647e-15,599067,0.007273193908019355,958.506,500000,0.01
random,5000,0.02119986992329359,0.024264510720968246,0.019392475951462984,0,0.0,1.0800114320987647e-15,599067,0.007273193908019355,958.506,500000,0.01
random,5000,0.02122588688507676,0.02428683126345277,0.019450887572020292,0,0.0,1.0800114320987647e-15,599067,0.007273193908019355,958.506,500000,0.01
random,5000,0.021218273788690567,0.02425411995500326,0.019460107199847698,0,0.0,1.0800114320987647e-15,599067,0.007273193908019355,958.506,500000,0.01
random,5000,0.02117012720555067,0.024468086194247007,0.01948985503986478,0,0.0,1.0800114320987647e-15,599067,0.007273193908019355,958.506,500000,0.01
random,5000,0.021202406845986843,0.024439822882413864,0.01946554332971573,0,0.0,1.0800114320987647e-15,599067,0.007273193908019355,958.506,500000,0.01
random,5000,0.021283818874508142,0.024289227090775967,0.019494263920933008,0,0.0,1.0800114320987647e-15,599067,0.007273193908019355,958.506,500000,0.01
random,5000,0.021180612966418266,0.02429300080984831,0.019455648958683014,0,0.0,1.0800114320987647e-15,599067,0.007273193908019355,958.506,500000,0.01
random,5000,0.02119165100157261,0.024309827014803886,0.019437469076365232,0,0.0,1.0800114320987647e-15,599067,0.007273193908019355,958.506,500000,0.01
random,10000,0.04257895890623331,0.04869941808283329,0.0391326448880136,0,0.0,1.347589929544718e-13,599067,0.014500483043402963,479.253,500000,0.01
random,10000,0.04240555688738823,0.048622364178299904,0.03893241425976157,0,0.0,1.347589929544718e-13,599067,0.014500483043402963,479.253,500000,0.01
random,10000,0.04248360404744744,0.04867433989420533,0.03905252320691943,0,0.0,1.347589929544718e-13,599067,0.014500483043402963,479.253,500000,0.01
random,10000,0.04241017298772931,0.048679474741220474,0.039077782072126865,0,0.0,1.347589929544718e-13,599067,0.014500483043402963,479.253,500000,0.01
random,10000,0.042419008910655975,0.0484823826700449,0.03890090016648173,0,0.0,1.347589929544718e-13,599067,0.014500483043402963,479.253,500000,0.01
random,10000,0.04248338006436825,0.04851266788318753,0.03894524462521076,0,0.0,1.347589929544718e-13,599067,0.014500483043402963,479.253,500000,0.01
random,10000,0.042407356202602386,0.048734086100012064,0.039046281948685646,0,0.0,1.347589929544718e-13,599067,0.014500483043402963,479.253,500000,0.01
random,10000,0.042819769121706486,0.04862728016451001,0.0391048202291131,0,0.0,1.347589929544718e-13,599067,0.014500483043402963,479.253,500000,0.01
random,10000,0.04319984000176191,0.04879580996930599,0.03914362704381347,0,0.0,1.347589929544718e-13,599067,0.014500483043402963,479.253,500000,0.01
random,10000,0.042550229001790285,0.04846236389130354,0.03900186996906996,0,0.0,1.347589929544718e-13,599067,0.014500483043402963,479.253,500000,0.01
random,25000,0.10648977616801858,0.1213678540661931,0.09818605985492468,0,0.0,7.620389843068936e-11,599067,0.03585642656383998,191.7012,500000,0.01
random,25000,0.10635715397074819,0.12225118977949023,0.09837871789932251,0,0.0,7.620389843068936e-11,599067,0.03585642656383998,191.7012,500000,0.01
random,25000,0.10661441786214709,0.12195792095735669,0.09836874669417739,0,0.0,7.620389843068936e-11,599067,0.03585642656383998,191.7012,500000,0.01
random,25000,0.10609307698905468,0.12181817088276148,0.0982744749635458,0,0.0,7.620389843068936e-11,599067,0.03585642656383998,191.7012,500000,0.01
random,25000,0.10645773727446795,0.1219397340901196,0.09843513276427984,0,0.0,7.620389843068936e-11,599067,0.03585642656383998,191.7012,500000,0.01
random,25000,0.10650213295593858,0.12204954912886024,0.09865468507632613,0,0.0,7.620389843068936e-11,599067,0.03585642656383998,191.7012,500000,0.01
random,25000,0.10719128604978323,0.12209440534934402,0.09808576013892889,0,0.0,7.620389843068936e-11,599067,0.03585642656383998,191.7012,500000,0.01
random,25000,0.10676708025857806,0.12183013185858727,0.09831755934283137,0,0.0,7.620389843068936e-11,599067,0.03585642656383998,191.7012,500000,0.01
random,25000,0.10625756904482841,0.12348842388018966,0.09929260518401861,0,0.0,7.620389843068936e-11,599067,0.03585642656383998,191.7012,500000,0.01
random,25000,0.10636286810040474,0.12213198514655232,0.09833581792190671,0,0.0,7.620389843068936e-11,599067,0.03585642656383998,191.7012,500000,0.01
random,50000,0.21327948616817594,0.24325917195528746,0.19686158001422882,0,0.0,8.593887279990108e-09,599067,0.07046007015083891,95.8506,500000,0.01
random,50000,0.21295307390391827,0.24352819612249732,0.19691118877381086,0,0.0,8.593887279990108e-09,599067,0.07046007015083891,95.8506,500000,0.01
random,50000,0.2126107420772314,0.2427932769060135,0.19783075572922826,0,0.0,8.593887279990108e-09,599067,0.07046007015083891,95.8506,500000,0.01
random,50000,0.21351141203194857,0.24327252199873328,0.1970251388847828,0,0.0,8.593887279990108e-09,599067,0.07046007015083891,95.8506,500000,0.01
random,50000,0.2131522768177092,0.24355762219056487,0.19700038386508822,0,0.0,8.593887279990108e-09,599067,0.07046007015083891,95.8506,500000,0.01
random,50000,0.2123687919229269,0.24480524519458413,0.1999192563816905,0,0.0,8.593887279990108e-09,599067,0.07046007015083891,95.8506,500000,0.01
random,50000,0.21422654669731855,0.2424507299438119,0.19771054200828075,0,0.0,8.593887279990108e-09,599067,0.07046007015083891,95.8506,500000,0.01
random,50000,0.21252285595983267,0.24383792374283075,0.19774821680039167,0,0.0,8.593887279990108e-09,599067,0.07046007015083891,95.8506,500000,0.01
random,50000,0.2131336466409266,0.24368335725739598,0.19707415904849768,0,0.0,8.593887279990108e-09,599067,0.07046007015083891,95.8506,500000,0.01
random,50000,0.21233492903411388,0.24334497097879648,0.1973206135444343,0,0.0,8.593887279990108e-09,599067,0.07046007015083891,95.8506,500000,0.01
random,100000,0.42520443396642804,0.485688921995461,0.3963638739660382,0,0.0,8.558892827478037e-07,599067,0.13594468892213507,47.9253,500000,0.01
random,100000,0.4284917153418064,0.4879304110072553,0.3964401758275926,0,0.0,8.558892827478037e-07,599067,0.13594468892213507,47.9253,500000,0.01
random,100000,0.4278042367659509,0.4999858681112528,0.42162209190428257,0,0.0,8.558892827478037e-07,599067,0.13594468892213507,47.9253,500000,0.01
random,100000,0.4297501207329333,0.48590919794514775,0.3973428546451032,0,0.0,8.558892827478037e-07,599067,0.13594468892213507,47.9253,500000,0.01
random,100000,0.4274078542366624,0.4893506318330765,0.3986587217077613,0,0.0,8.558892827478037e-07,599067,0.13594468892213507,47.9253,500000,0.01
random,100000,0.4304463309235871,0.4944252488203347,0.39911286905407906,0,0.0,8.558892827478037e-07,599067,0.13594468892213507,47.9253,500000,0.01
random,100000,0.4282246599905193,0.4874442401342094,0.39577272115275264,0,0.0,8.558892827478037e-07,599067,0.13594468892213507,47.9253,500000,0.01
random,100000,0.4266321733593941,0.488779419567436,0.3975296779535711,0,0.0,8.558892827478037e-07,599067,0.13594468892213507,47.9253,500000,0.01
random,100000,0.4288821769878268,0.4915999807417393,0.4037884878925979,0,0.0,8.558892827478037e-07,599067,0.13594468892213507,47.9253,500000,0.01
random,100000,0.42910295724868774,0.49849843280389905,0.4062530272640288,0,0.0,8.558892827478037e-07,599067,0.13594468892213507,47.9253,500000,0.01
random,1000,0.004350330680608749,0.004882314708083868,0.003935747314244509,0,0.0,1.1051283775067053e-22,1198133,0.0007299902900962843,9585.059,1000000,0.01
random,1000,0.004361405037343502,0.005049695260822773,0.0038992511108517647,0,0.0,1.1051283775067053e-22,1198133,0.0007299902900962843,9585.059,1000000,0.01
random,1000,0.004263437818735838,0.004862662870436907,0.003890004940330982,0,0.0,1.1051283775067053e-22,1198133,0.0007299902900962843,9585.059,1000000,0.01
random,1000,0.004303745925426483,0.004865916911512613,0.003918584901839495,0,0.0,1.1051283775067053e-22,1198133,0.0007299902900962843,9585.059,1000000,0.01
random,1000,0.004280475899577141,0.004900720901787281,0.0039020059630274773,0,0.0,1.1051283775067053e-22,1198133,0.0007299902900962843,9585.059,1000000,0.01
random,1000,0.00427764980122447,0.0048771328292787075,0.003895469941198826,0,0.0,1.1051283775067053e-22,1198133,0.0007299902900962843,9585.059,1000000,0.01
random,1000,0.004282113164663315,0.0048710741102695465,0.003920659888535738,0,0.0,1.1051283775067053e-22,1198133,0.0007299902900962843,9585.059,1000000,0.01
random,1000,0.004281073808670044,0.005155505612492561,0.003908989951014519,0,0.0,1.1051283775067053e-22,1198133,0.0007299902900962843,9585.059,1000000,0.01
random,1000,0.00429737102240324,0.005040554329752922,0.0038964059203863144,0,0.0,1.1051283775067053e-22,1198133,0.0007299902900962843,9585.059,1000000,0.01
random,1000,0.004264048766344786,0.0048817601054906845,0.0038893762975931168,0,0.0,1.1051283775067053e-22,1198133,0.0007299902900962843,9585.059,1000000,0.01
random,5000,0.021514086052775383,0.024813768919557333,0.01973042171448469,0,0.0,8.546022837672787e-18,1198133,0.0036443176823429046,1917.0118,1000000,0.01
random,5000,0.022413048427551985,0.02469774940982461,0.019481380935758352,0,0.0,8.546022837672787e-18,1198133,0.0036443176823429046,1917.0118,1000000,0.01
random,5000,0.021403269842267036,0.024475995916873217,0.019563941285014153,0,0.0,8.546022837672787e-18,1198133,0.0036443176823429046,1917.0118,1000000,0.01
random,5000,0.021761897020041943,0.02442671312019229,0.01951269991695881,0,0.0,8.546022837672787e-18,1198133,0.0036443176823429046,1917.0118,1000000,0.01
random,5000,0.021427243947982788,0.02433825982734561,0.019630749244242907,0,0.0,8.546022837672787e-18,1198133,0.0036443176823429046,1917.0118,1000000,0.01
random,5000,0.021919594146311283,0.024404142051935196,0.01953019294887781,0,0.0,8.546022837672787e-18,1198133,0.0036443176823429046,1917.0118,1000000,0.01
random,5000,0.021366162691265345,0.02467672387138009,0.019993775989860296,0,0.0,8.546022837672787e-18,1198133,0.0036443176823429046,1917.0118,1000000,0.01
random,5000,0.021372269839048386,0.024438600055873394,0.01950199529528618,0,0.0,8.546022837672787e-18,1198133,0.0036443176823429046,1917.0118,1000000,0.01
random,5000,0.0213650930672884,0.024655833840370178,0.01961778709664941,0,0.0,8.546022837672787e-18,1198133,0.0036443176823429046,1917.0118,1000000,0.01
random,5000,0.021551835350692272,0.024722569156438112,0.019796899985522032,0,0.0,8.546022837672787e-18,1198133,0.0036443176823429046,1917.0118,1000000,0.01
random,10000,0.0437301229685545,0.04924740083515644,0.039298856630921364,0,0.0,1.0800122179582333e-15,1198133,0.007274237957220712,958.5059,1000000,0.01
random,10000,0.04473071591928601,0.05023148097097874,0.04008070193231106,0,0.0,1.0800122179582333e-15,1198133,0.007274237957220712,958.5059,1000000,0.01
random,10000,0.04441236378625035,0.050338758155703545,0.04050909774377942,0,0.0,1.0800122179582333e-15,1198133,0.007274237957220712,958.5059,1000000,0.01
random,10000,0.04294647090137005,0.04913550894707441,0.03929301863536239,0,0.0,1.0800122179582333e-15,1198133,0.007274237957220712,958.5059,1000000,0.01
random,10000,0.042834105901420116,0.0491139879450202,0.03933802479878068,0,0.0,1.0800122179582333e-15,1198133,0.007274237957220712,958.5059,1000000,0.01
random,10000,0.04281699890270829,0.049050905741751194,0.039091926999390125,0,0.0,1.0800122179582333e-15,1198133,0.007274237957220712,958.5059,1000000,0.01
random,10000,0.04310134798288345,0.04932281980291009,0.039364221040159464,0,0.0,1.0800122179582333e-15,1198133,0.007274237957220712,958.5059,1000000,0.01
random,10000,0.04308209801092744,0.04957694001495838,0.039186786860227585,0,0.0,1.0800122179582333e-15,1198133,0.007274237957220712,958.5059,1000000,0.01
random,10000,0.042980610858649015,0.04940171120688319,0.0391672276891768,0,0.0,1.0800122179582333e-15,1198133,0.007274237957220712,958.5059,1000000,0.01
random,10000,0.04294791491702199,0.049327156972140074,0.03911768505349755,0,0.0,1.0800122179582333e-15,1198133,0.007274237957220712,958.5059,1000000,0.01
random,25000,0.1080378470942378,0.1230602078139782,0.09851131401956081,0,0.0,6.344434912639435e-13,1198133,0.018091490099330636,383.40236,1000000,0.01
random,25000,0.10882237879559398,0.12339399615302682,0.09877991024404764,0,0.0,6.344434912639435e-13,1198133,0.018091490099330636,383.40236,1000000,0.01
random,25000,0.10790176503360271,0.12363672908395529,0.09931439533829689,0,0.0,6.344434912639435e-13,1198133,0.018091490099330636,383.40236,1000000,0.01
random,25000,0.10720319813117385,0.12284654285758734,0.09982922999188304,0,0.0,6.344434912639435e-13,1198133,0.018091490099330636,383.40236,1000000,0.01
random,25000,0.10796838300302625,0.12323928577825427,0.09895250201225281,0,0.0,6.344434912639435e-13,1198133,0.018091490099330636,383.40236,1000000,0.01
random,25000,0.1081922329030931,0.12272728141397238,0.09879006166011095,0,0.0,6.344434912639435e-13,1198133,0.018091490099330636,383.40236,1000000,0.01
random,25000,0.10806077206507325,0.12318363320082426,0.09871537983417511,0,0.0,6.344434912639435e-13,1198133,0.018091490099330636,383.40236,1000000,0.01
random,25000,0.10796102602034807,0.12341523077338934,0.0985318049788475,0,0.0,6.344434912639435e-13,1198133,0.018091490099330636,383.40236,1000000,0.01
random,25000,0.1078423848375678,0.12312198430299759,0.09875103319063783,0,0.0,6.344434912639435e-13,1198133,0.018091490099330636,383.40236,1000000,0.01
random,25000,0.10835142619907856,0.12311931373551488,0.0988155989907682,0,0.0,6.344434912639435e-13,1198133,0.018091490099330636,383.40236,1000000,0.01
random,50000,0.21732377773150802,0.246505465824157,0.19795758882537484,0,0.0,7.62039530727753e-11,1198133,0.035863420350359866,191.70118,1000000,0.01
random,50000,0.21660298760980368,0.2461504079401493,0.1976747326552868,0,0.0,7.62039530727753e-11,1198133,0.035863420350359866,191.70118,1000000,0.01
random,50000,0.21571082761511207,0.24694982916116714,0.19838924473151565,0,0.0,7.62039530727753e-11,1198133,0.035863420350359866,191.70118,1000000,0.01
random,50000,0.21598730282858014,0.24616187205538154,0.2001408962532878,0,0.0,7.62039530727753e-11,1198133,0.035863420350359866,191.70118,1000000,0.01
random,50000,0.21654075477272272,0.24658965785056353,0.19929883535951376,0,0.0,7.62039530727753e-11,1198133,0.035863420350359866,191.70118,1000000,0.01
random,50000,0.21585023682564497,0.24627746595069766,0.19814730994403362,0,0.0,7.62039530727753e-11,1198133,0.035863420350359866,191.70118,1000000,0.01
random,50000,0.21681692730635405,0.24824925512075424,0.20192298106849194,0,0.0,7.62039530727753e-11,1198133,0.035863420350359866,191.70118,1000000,0.01
random,50000,0.21610947884619236,0.2461247006431222,0.19807468680664897,0,0.0,7.62039530727753e-11,1198133,0.035863420350359866,191.70118,1000000,0.01
random,50000,0.21554173296317458,0.2471717968583107,0.200409228913486,0,0.0,7.62039530727753e-11,1198133,0.035863420350359866,191.70118,1000000,0.01
random,50000,0.21560952393338084,0.24761785473674536,0.19776288978755474,0,0.0,7.62039530727753e-11,1198133,0.035863420350359866,191.70118,1000000,0.01
random,100000,0.43236002419143915,0.49301224993541837,0.39742660615593195,0,0.0,8.593893329750821e-09,1198133,0.07043003073846493,95.85059,1000000,0.01
random,100000,0.43275553174316883,0.4926259168423712,0.39813825301826,0,0.0,8.593893329750821e-09,1198133,0.07043003073846493,95.85059,1000000,0.01
random,100000,0.4325014501810074,0.4920889320783317,0.3975979289971292,0,0.0,8.593893329750821e-09,1198133,0.07043003073846493,95.85059,1000000,0.01
random,100000,0.43203137582167983,0.49631160497665405,0.3987685558386147,0,0.0,8.593893329750821e-09,1198133,0.07043003073846493,95.85059,1000000,0.01
random,100000,0.43133035907521844,0.4950609770603478,0.396340754814446,0,0.0,8.593893329750821e-09,1198133,0.07043003073846493,95.85059,1000000,0.01
random,100000,0.43324890127405524,0.4932316457852721,0.4002994052134454,0,0.0,8.593893329750821e-09,1198133,0.07043003073846493,95.85059,1000000,0.01
random,100000,0.433611492626369,0.49467260111123323,0.3994144438765943,0,0.0,8.593893329750821e-09,1198133,0.07043003073846493,95.85059,1000000,0.01
random,100000,0.4333010488189757,0.4918489889241755,0.3986516799777746,0,0.0,8.593893329750821e-09,1198133,0.07043003073846493,95.85059,1000000,0.01
random,100000,0.4322480452246964,0.5009149448014796,0.39787929132580757,0,0.0,8.593893329750821e-09,1198133,0.07043003073846493,95.85059,1000000,0.01
random,100000,0.43239331990480423,0.49438918475061655,0.39820925099775195,0,0.0,8.593893329750821e-09,1198133,0.07043003073846493,95.85059,1000000,0.01
random,1000,0.004402262158691883,0.004856943618506193,0.003911884967237711,0,0.0,8.644858932382111e-25,2396265,0.000365099493132984,19170.117,2000000,0.01
random,1000,0.004408712964504957,0.004865487106144428,0.0039292569272220135,0,0.0,8.644858932382111e-25,2396265,0.000365099493132984,19170.117,2000000,0.01
random,1000,0.004343252629041672,0.004871256183832884,0.003909063059836626,0,0.0,8.644858932382111e-25,2396265,0.000365099493132984,19170.117,2000000,0.01
random,1000,0.004375472664833069,0.004873459227383137,0.003932065796107054,0,0.0,8.644858932382111e-25,2396265,0.000365099493132984,19170.117,2000000,0.01
random,1000,0.00437188521027565,0.004857853055000305,0.003903681878000498,0,0.0,8.644858932382111e-25,2396265,0.000365099493132984,19170.117,2000000,0.01
random,1000,0.004388317931443453,0.004884210880845785,0.00392956705763936,0,0.0,8.644858932382111e-25,2396265,0.000365099493132984,19170.117,2000000,0.01
random,1000,0.0043641929514706135,0.004874693229794502,0.003914087079465389,0,0.0,8.644858932382111e-25,2396265,0.000365099493132984,19170.117,2000000,0.01
random,1000,0.004420098848640919,0.004898919723927975,0.003909937106072903,0,0.0,8.644858932382111e-25,2396265,0.000365099493132984,19170.117,2000000,0.01
random,1000,0.004625577945262194,0.005220307968556881,0.003943997900933027,0,0.0,8.644858932382111e-25,2396265,0.000365099493132984,19170.117,2000000,0.01
random,1000,0.0043739257380366325,0.0048729367554187775,0.00391233479604125,0,0.0,8.644858932382111e-25,2396265,0.000365099493132984,19170.117,2000000,0.01
random,5000,0.02183163585141301,0.024570527020841837,0.019965299870818853,0,0.0,6.719364175956496e-20,2396265,0.0018242455171243869,3834.0234,2000000,0.01
random,5000,0.022025239188224077,0.024805143009871244,0.019839448854327202,0,0.0,6.719364175956496e-20,2396265,0.0018242455171243869,3834.0234,2000000,0.01
random,5000,0.021865389309823513,0.025334561243653297,0.019809959921985865,0,0.0,6.719364175956496e-20,2396265,0.0018242455171243869,3834.0234,2000000,0.01
random,5000,0.02185531985014677,0.024926546029746532,0.0197706688195467,0,0.0,6.719364175956496e-20,2396265,0.0018242455171243869,3834.0234,2000000,0.01
random,5000,0.022420974913984537,0.025021628942340612,0.01997494976967573,0,0.0,6.719364175956496e-20,2396265,0.0018242455171243869,3834.0234,2000000,0.01
random,5000,0.021962095983326435,0.024946460966020823,0.02009783312678337,0,0.0,6.719364175956496e-20,2396265,0.0018242455171243869,3834.0234,2000000,0.01
random,5000,0.022291038185358047,0.025022664107382298,0.019747165963053703,0,0.0,6.719364175956496e-20,2396265,0.0018242455171243869,3834.0234,2000000,0.01
random,5000,0.021924976725131273,0.025325074791908264,0.019594681914895773,0,0.0,6.719364175956496e-20,2396265,0.0018242455171243869,3834.0234,2000000,0.01
random,5000,0.021731756161898375,0.024756531696766615,0.019581547938287258,0,0.0,6.719364175956496e-20,2396265,0.0018242455171243869,3834.0234,2000000,0.01
random,5000,0.022485747933387756,0.024753641337156296,0.019582476932555437,0,0.0,6.719364175956496e-20,2396265,0.0018242455171243869,3834.0234,2000000,0.01
random,10000,0.043561078142374754,0.05021865013986826,0.03916913829743862,0,0.0,8.546025952573052e-18,2396265,0.0036449960112397853,1917.0117,2000000,0.01
random,10000,0.043735051061958075,0.05053453566506505,0.03929102513939142,0,0.0,8.546025952573052e-18,2396265,0.0036449960112397853,1917.0117,2000000,0.01
random,10000,0.04531505983322859,0.050882230047136545,0.040165874641388655,0,0.0,8.546025952573052e-18,2396265,0.0036449960112397853,1917.0117,2000000,0.01
random,10000,0.04361375095322728,0.049867928959429264,0.03921944834291935,0,0.0,8.546025952573052e-18,2396265,0.0036449960112397853,1917.0117,2000000,0.01
random,10000,0.045300996862351894,0.0506377168931067,0.03934125602245331,0,0.0,8.546025952573052e-18,2396265,0.0036449960112397853,1917.0117,2000000,0.01
random,10000,0.0442025288939476,0.050232105888426304,0.039333672262728214,0,0.0,8.546025952573052e-18,2396265,0.0036449960112397853,1917.0117,2000000,0.01
random,10000,0.04435463109984994,0.050008276011794806,0.039336467161774635,0,0.0,8.546025952573052e-18,2396265,0.0036449960112397853,1917.0117,2000000,0.01
random,10000,0.044338943902403116,0.050148907117545605,0.03941601002588868,0,0.0,8.546025952573052e-18,2396265,0.0036449960112397853,1917.0117,2000000,0.01
random,10000,0.04555703420192003,0.051465434953570366,0.04014563374221325,0,0.0,8.546025952573052e-18,2396265,0.0036449960112397853,1917.0117,2000000,0.01
random,10000,0.044071892742067575,0.04995759204030037,0.03929856093600392,0,0.0,8.546025952573052e-18,2396265,0.0036449960112397853,1917.0117,2000000,0.01
random,25000,0.11000467510893941,0.12544699246063828,0.09922489710152149,0,0.0,5.1171424763103284e-15,2396265,0.009086538178144662,766.80468,2000000,0.01
random,25000,0.11086411075666547,0.1251675058156252,0.09840137092396617,0,0.0,5.1171424763103284e-15,2396265,0.009086538178144662,766.80468,2000000,0.01
random,25000,0.1092784027568996,0.12504086177796125,0.09914602991193533,0,0.0,5.1171424763103284e-15,2396265,0.009086538178144662,766.80468,2000000,0.01
random,25000,0.11163715180009604,0.12493663420900702,0.09911344572901726,0,0.0,5.1171424763103284e-15,2396265,0.009086538178144662,766.80468,2000000,0.01
random,25000,0.11041104793548584,0.12787362979725003,0.10117439599707723,0,0.0,5.1171424763103284e-15,2396265,0.009086538178144662,766.80468,2000000,0.01
random,25000,0.11141071887686849,0.127219432964921,0.10232210205867887,0,0.0,5.1171424763103284e-15,2396265,0.009086538178144662,766.80468,2000000,0.01
random,25000,0.11091531673446298,0.12708475114777684,0.09940882120281458,0,0.0,5.1171424763103284e-15,2396265,0.009086538178144662,766.80468,2000000,0.01
random,25000,0.11093473667278886,0.12636411981657147,0.09977663308382034,0,0.0,5.1171424763103284e-15,2396265,0.009086538178144662,766.80468,2000000,0.01
random,25000,0.11071610497310758,0.12502413522452116,0.09948019403964281,0,0.0,5.1171424763103284e-15,2396265,0.009086538178144662,766.80468,2000000,0.01
random,25000,0.11013939883559942,0.12594010401517153,0.09946356900036335,0,0.0,5.1171424763103284e-15,2396265,0.009086538178144662,766.80468,2000000,0.01
random,50000,0.22131506213918328,0.25130499992519617,0.19941735733300447,0,0.0,6.344437208236436e-13,2396265,0.018092847320650154,383.40234,2000000,0.01
random,50000,0.2178878146223724,0.24850575905293226,0.198002764955163,0,0.0,6.344437208236436e-13,2396265,0.018092847320650154,383.40234,2000000,0.01
random,50000,0.22021001810207963,0.25147523963823915,0.19955837121233344,0,0.0,6.344437208236436e-13,2396265,0.018092847320650154,383.40234,2000000,0.01
random,50000,0.220318668987602,0.25260218093171716,0.19901580829173326,0,0.0,6.344437208236436e-13,2396265,0.018092847320650154,383.40234,2000000,0.01
random,50000,0.22009981609880924,0.2521310430020094,0.19905295316129923,0,0.0,6.344437208236436e-13,2396265,0.018092847320650154,383.40234,2000000,0.01
random,50000,0.2221348430030048,0.25274229189381003,0.19871541392058134,0,0.0,6.344437208236436e-13,2396265,0.018092847320650154,383.40234,2000000,0.01
random,50000,0.22305183997377753,0.25241108192130923,0.19917571870610118,0,0.0,6.344437208236436e-13,2396265,0.018092847320650154,383.40234,2000000,0.01
random,50000,0.22874625492841005,0.2527472600340843,0.19762916211038828,0,0.0,6.344437208236436e-13,2396265,0.018092847320650154,383.40234,2000000,0.01
random,50000,0.21859981585294008,0.24899559281766415,0.19801693502813578,0,0.0,6.344437208236436e-13,2396265,0.018092847320650154,383.40234,2000000,0.01
random,50000,0.22256585815921426,0.25248607294633985,0.19865420693531632,0,0.0,6.344437208236436e-13,2396265,0.018092847320650154,383.40234,2000000,0.01
random,100000,0.4497826611623168,0.5142535711638629,0.40055005298927426,0,0.0,7.620398039383581e-11,2396265,0.03585846659151846,191.70117,2000000,0.01
random,100000,0.44222956290468574,0.5013281381689012,0.3997360388748348,0,0.0,7.620398039383581e-11,2396265,0.03585846659151846,191.70117,2000000,0.01
random,100000,0.45053840475156903,0.50243617920205,0.39829961583018303,0,0.0,7.620398039383581e-11,2396265,0.03585846659151846,191.70117,2000000,0.01
random,100000,0.4399180659092963,0.501697510946542,0.39946246100589633,0,0.0,7.620398039383581e-11,2396265,0.03585846659151846,191.70117,2000000,0.01
random,100000,0.4483727067708969,0.5120180500671268,0.40011162124574184,0,0.0,7.620398039383581e-11,2396265,0.03585846659151846,191.70117,2000000,0.01
random,100000,0.4443402378819883,0.5074758459813893,0.39967281790450215,0,0.0,7.620398039383581e-11,2396265,0.03585846659151846,191.70117,2000000,0.01
random,100000,0.44480113917961717,0.5060462807305157,0.39994310215115547,0,0.0,7.620398039383581e-11,2396265,0.03585846659151846,191.70117,2000000,0.01
random,100000,0.4423442999832332,0.5022163870744407,0.40101948101073503,0,0.0,7.620398039383581e-11,2396265,0.03585846659151846,191.70117,2000000,0.01
random,100000,0.43894489062950015,0.49901179876178503,0.39790347730740905,0,0.0,7.620398039383581e-11,2396265,0.03585846659151846,191.70117,2000000,0.01
random,100000,0.4391279788687825,0.5008581359870732,0.39941889327019453,0,0.0,7.620398039383581e-11,2396265,0.03585846659151846,191.70117,2000000,0.01
dna,1000,0.004267470445483923,0.004853973165154457,0.0038952240720391273,0,0.0,1.0800114320987647e-15,119814,0.007281122914201893,958.506,100000,0.01
dna,1000,0.004229014273732901,0.005041671916842461,0.003910480998456478,0,0.0,1.0800114320987647e-15,119814,0.007281122914201893,958.506,100000,0.01
dna,1000,0.0042578992433846,0.004859092645347118,0.0039062299765646458,0,0.0,1.0800114320987647e-15,119814,0.007281122914201893,958.506,100000,0.01
dna,1000,0.004248220007866621,0.004892384633421898,0.003907799255102873,0,0.0,1.0800114320987647e-15,119814,0.007281122914201893,958.506,100000,0.01
dna,1000,0.004246992990374565,0.004891440737992525,0.003899776842445135,0,0.0,1.0800114320987647e-15,119814,0.007281122914201893,958.506,100000,0.01
dna,1000,0.004236518871039152,0.004859249107539654,0.0039045549929142,0,0.0,1.0800114320987647e-15,119814,0.007281122914201893,958.506,100000,0.01
dna,1000,0.004243273288011551,0.005060017574578524,0.004047143738716841,0,0.0,1.0800114320987647e-15,119814,0.007281122914201893,958.506,100000,0.01
dna,1000,0.004261224064975977,0.004900661297142506,0.00392333185300231,0,0.0,1.0800114320987647e-15,119814,0.007281122914201893,958.506,100000,0.01
dna,1000,0.00426320917904377,0.00489596975967288,0.003927384968847036,0,0.0,1.0800114320987647e-15,119814,0.007281122914201893,958.506,100000,0.01
dna,1000,0.004241839051246643,0.0049076383002102375,0.003943614196032286,0,0.0,1.0800114320987647e-15,119814,0.007281122914201893,958.506,100000,0.01
dna,5000,0.02115165116265416,0.024657498579472303,0.01983002619817853,0,0.0,7.620389843068936e-11,119814,0.03584328110622156,191.7012,100000,0.01
dna,5000,0.021160250063985586,0.02462288085371256,0.019595862366259098,0,0.0,7.620389843068936e-11,119814,0.03584328110622156,191.7012,100000,0.01
dna,5000,0.021667448803782463,0.02462413115426898,0.01968107419088483,0,0.0,7.620389843068936e-11,119814,0.03584328110622156,191.7012,100000,0.01
dna,5000,0.021160399075597525,0.025113682262599468,0.019807506818324327,0,0.0,7.620389843068936e-11,119814,0.03584328110622156,191.7012,100000,0.01
dna,5000,0.02127597387880087,0.024437349289655685,0.019746166188269854,0,0.0,7.620389843068936e-11,119814,0.03584328110622156,191.7012,100000,0.01
dna,5000,0.02142992103472352,0.02466593310236931,0.02003673603758216,0,0.0,7.620389843068936e-11,119814,0.03584328110622156,191.7012,100000,0.01
dna,5000,0.021927082911133766,0.024311272893100977,0.01952210022136569,0,0.0,7.620389843068936e-11,119814,0.03584328110622156,191.7012,100000,0.01
dna,5000,0.02165515022352338,0.024295267183333635,0.019519837107509375,0,0.0,7.620389843068936e-11,119814,0.03584328110622156,191.7012,100000,0.01
dna,5000,0.021268920972943306,0.024349146988242865,0.019900446757674217,0,0.0,7.620389843068936e-11,119814,0.03584328110622156,191.7012,100000,0.01
dna,5000,0.021209808997809887,0.024202617816627026,0.019534324295818806,0,0.0,7.620389843068936e-11,119814,0.03584328110622156,191.7012,100000,0.01
dna,10000,0.0427258568815887,0.04881372442469001,0.03926474507898092,0,0.0,8.593887279990108e-09,119814,0.07041374806208829,95.8506,100000,0.01
dna,10000,0.04308804403990507,0.04839911824092269,0.03985458891838789,0,0.0,8.593887279990108e-09,119814,0.07041374806208829,95.8506,100000,0.01
dna,10000,0.042934645898640156,0.048503348138183355,0.03922894923016429,0,0.0,8.593887279990108e-09,119814,0.07041374806208829,95.8506,100000,0.01
dna,10000,0.04318307200446725,0.04835536330938339,0.039124776143580675,0,0.0,8.593887279990108e-09,119814,0.07041374806208829,95.8506,100000,0.01
dna,10000,0.042631442192941904,0.04859854094684124,0.039360811933875084,0,0.0,8.593887279990108e-09,119814,0.07041374806208829,95.8506,100000,0.01
dna,10000,0.042850049678236246,0.04861690988764167,0.039580078795552254,0,0.0,8.593887279990108e-09,119814,0.07041374806208829,95.8506,100000,0.01
dna,10000,0.04266432439908385,0.04859321704134345,0.03955765999853611,0,0.0,8.593887279990108e-09,119814,0.07041374806208829,95.8506,100000,0.01
dna,10000,0.04269841406494379,0.049025552812963724,0.03936636168509722,0,0.0,8.593887279990108e-09,119814,0.07041374806208829,95.8506,100000,0.01
dna,10000,0.042591939214617014,0.049936463590711355,0.03930453769862652,0,0.0,8.593887279990108e-09,119814,0.07041374806208829,95.8506,100000,0.01
dna,10000,0.04257790604606271,0.049555720295757055,0.04022094188258052,0,0.0,8.593887279990108e-09,119814,0.07041374806208829,95.8506,100000,0.01
dna,25000,0.10805877204984426,0.1234582751058042,0.09949171682819724,0,0.0,3.6041501959913267e-06,119814,0.16693896543161962,38.34024,100000,0.01
dna,25000,0.10781216295436025,0.12165516102686524,0.09876989480108023,0,0.0,3.6041501959913267e-06,119814,0.16693896543161962,38.34024,100000,0.01
dna,25000,0.10909668682143092,0.12178315594792366,0.0991579219698906,0,0.0,3.6041501959913267e-06,119814,0.16693896543161962,38.34024,100000,0.01
dna,25000,0.10657241195440292,0.12216441100463271,0.09992273431271315,0,0.0,3.6041501959913267e-06,119814,0.16693896543161962,38.34024,100000,0.01
dna,25000,0.10706688929349184,0.12197174830362201,0.0988165196031332,0,0.0,3.6041501959913267e-06,119814,0.16693896543161962,38.34024,100000,0.01
dna,25000,0.10637842398136854,0.1214280528947711,0.09910912020131946,0,0.0,3.6041501959913267e-06,119814,0.16693896543161962,38.34024,100000,0.01
dna,25000,0.10697408067062497,0.12136946665123105,0.09904797933995724,0,0.0,3.6041501959913267e-06,119814,0.16693896543161962,38.34024,100000,0.01
dna,25000,0.10727400612086058,0.12226389907300472,0.09914129972457886,0,0.0,3.6041501959913267e-06,119814,0.16693896543161962,38.34024,100000,0.01
dna,25000,0.10700652003288269,0.12195994518697262,0.09846164798364043,0,0.0,3.6041501959913267e-06,119814,0.16693896543161962,38.34024,100000,0.01
dna,25000,0.10672568483278155,0.12186945928260684,0.09904716815799475,0,0.0,3.6041501959913267e-06,119814,0.16693896543161962,38.34024,100000,0.01
dna,50000,0.21369675220921636,0.24388551991432905,0.20030823582783341,0,0.00028,0.00025069266290340725,119814,0.3060095607121917,19.17012,100000,0.01
dna,50000,0.21325194230303168,0.24316022684797645,0.20049682119861245,0,0.00028,0.00025069266290340725,119814,0.3060095607121917,19.17012,100000,0.01
dna,50000,0.2130335052497685,0.24422174599021673,0.20031171198934317,0,0.00028,0.00025069266290340725,119814,0.3060095607121917,19.17012,100000,0.01
dna,50000,0.21297602308914065,0.24410590110346675,0.20046482840552926,0,0.00028,0.00025069266290340725,119814,0.3060095607121917,19.17012,100000,0.01
dna,50000,0.21452743420377374,0.24383897706866264,0.20141329616308212,0,0.00028,0.00025069266290340725,119814,0.3060095607121917,19.17012,100000,0.01
dna,50000,0.21497743437066674,0.24480567686259747,0.20068744802847505,0,0.00028,0.00025069266290340725,119814,0.3060095607121917,19.17012,100000,0.01
dna,50000,0.2135596750304103,0.24201306467875838,0.19991797301918268,0,0.00028,0.00025069266290340725,119814,0.3060095607121917,19.17012,100000,0.01
dna,50000,0.21259543020278215,0.24289702018722892,0.19938551494851708,0,0.00028,0.00025069266290340725,119814,0.3060095607121917,19.17012,100000,0.01
dna,50000,0.21342322509735823,0.24260657699778676,0.19930297182872891,0,0.00028,0.00025069266290340725,119814,0.3060095607121917,19.17012,100000,0.01
dna,50000,0.2133761439472437,0.2437681881710887,0.1994296289049089,0,0.00028,0.00025069266290340725,119814,0.3060095607121917,19.17012,100000,0.01
dna,100000,0.4267481407150626,0.4898869669996202,0.4151313593611121,0,0.01011,0.010039209581758123,119814,0.5183525194417145,9.58506,100000,0.01
dna,100000,0.42686511389911175,0.48856233712285757,0.41702776215970516,0,0.01011,0.010039209581758123,119814,0.5183525194417145,9.58506,100000,0.01
dna,100000,0.4262347281910479,0.48846254870295525,0.4142714850604534,0,0.01011,0.010039209581758123,119814,0.5183525194417145,9.58506,100000,0.01
dna,100000,0.42622816283255816,0.48884190479293466,0.4150277338922024,0,0.01011,0.010039209581758123,119814,0.5183525194417145,9.58506,100000,0.01
dna,100000,0.42672683019191027,0.4900792967528105,0.41440469911322,0,0.01011,0.010039209581758123,119814,0.5183525194417145,9.58506,100000,0.01
dna,100000,0.427297187037766,0.48810003185644746,0.41426315112039447,0,0.01011,0.010039209581758123,119814,0.5183525194417145,9.58506,100000,0.01
dna,100000,0.4249059376306832,0.4878644971176982,0.4143649488687515,0,0.01011,0.010039209581758123,119814,0.5183525194417145,9.58506,100000,0.01
dna,100000,0.42574804089963436,0.4904093649238348,0.4146627290174365,0,0.01011,0.010039209581758123,119814,0.5183525194417145,9.58506,100000,0.01
dna,100000,0.42520604096353054,0.48786491993814707,0.41445849603042006,0,0.01011,0.010039209581758123,119814,0.5183525194417145,9.58506,100000,0.01
dna,100000,0.4254936180077493,0.48906579380854964,0.41377424634993076,0,0.01011,0.010039209581758123,119814,0.5183525194417145,9.58506,100000,0.01
dna,1000,0.004293240141123533,0.004880081862211227,0.003909758757799864,0,0.0,2.276537093556303e-16,149767,0.005826565164301459,1198.133,125000,0.01
dna,1000,0.0044431183487176895,0.0048723709769546986,0.003894731868058443,0,0.0,2.276537093556303e-16,149767,0.005826565164301459,1198.133,125000,0.01
dna,1000,0.004228018224239349,0.004850036930292845,0.003885210957378149,0,0.0,2.276537093556303e-16,149767,0.005826565164301459,1198.133,125000,0.01
dna,1000,0.004237625747919083,0.004861169960349798,0.0038872449658811092,0,0.0,2.276537093556303e-16,149767,0.005826565164301459,1198.133,125000,0.01
dna,1000,0.0042370380833745,0.00484892213717103,0.003890175838023424,0,0.0,2.276537093556303e-16,149767,0.005826565164301459,1198.133,125000,0.01
dna,1000,0.004262011032551527,0.005052453838288784,0.003905388992279768,0,0.0,2.276537093556303e-16,149767,0.005826565164301459,1198.133,125000,0.01
dna,1000,0.004256740212440491,0.004868068732321262,0.0038982881233096123,0,0.0,2.276537093556303e-16,149767,0.005826565164301459,1198.133,125000,0.01
dna,1000,0.004244521725922823,0.00486123189330101,0.003892171196639538,0,0.0,2.276537093556303e-16,149767,0.005826565164301459,1198.133,125000,0.01
dna,1000,0.00424550287425518,0.005018441006541252,0.003891147207468748,0,0.0,2.276537093556303e-16,149767,0.005826565164301459,1198.133,125000,0.01
dna,1000,0.004227240104228258,0.004851281177252531,0.0040377723053097725,0,0.0,2.276537093556303e-16,149767,0.005826565164301459,1198.133,125000,0.01
dna,5000,0.021837248001247644,0.02452480373904109,0.019762034062296152,0,0.0,1.6392525947628034e-11,149767,0.028779776535660065,239.6266,125000,0.01
dna,5000,0.021585167851299047,0.024573484901338816,0.019935749005526304,0,0.0,1.6392525947628034e-11,149767,0.028779776535660065,239.6266,125000,0.01
dna,5000,0.021173753309994936,0.024494763929396868,0.019875165075063705,0,0.0,1.6392525947628034e-11,149767,0.028779776535660065,239.6266,125000,0.01
dna,5000,0.021180303767323494,0.024333464913070202,0.019555869046598673,0,0.0,1.6392525947628034e-11,149767,0.028779776535660065,239.6266,125000,0.01
dna,5000,0.021529517136514187,0.024627333041280508,0.019555314909666777,0,0.0,1.6392525947628034e-11,149767,0.028779776535660065,239.6266,125000,0.01
dna,5000,0.02114712819457054,0.0243698637932539,0.019679501187056303,0,0.0,1.6392525947628034e-11,149767,0.028779776535660065,239.6266,125000,0.01
dna,5000,0.021605888847261667,0.024284602142870426,0.01952230930328369,0,0.0,1.6392525947628034e-11,149767,0.028779776535660065,239.6266,125000,0.01
dna,5000,0.021174340043216944,0.024425984360277653,0.01969117298722267,0,0.0,1.6392525947628034e-11,149767,0.028779776535660065,239.6266,125000,0.01
dna,5000,0.02118235221132636,0.02435213979333639,0.019512999337166548,0,0.0,1.6392525947628034e-11,149767,0.028779776535660065,239.6266,125000,0.01
dna,5000,0.022190032061189413,0.024395061191171408,0.019498691894114017,0,0.0,1.6392525947628034e-11,149767,0.028779776535660065,239.6266,125000,0.01
dna,10000,0.04240587493404746,0.04906255006790161,0.03912040404975414,0,0.0,1.8957314020525276e-09,149767,0.05675413330573484,119.8133,125000,0.01
dna,10000,0.04243651404976845,0.04907120065763593,0.039075851906090975,0,0.0,1.8957314020525276e-09,149767,0.05675413330573484,119.8133,125000,0.01
dna,10000,0.04311649315059185,0.04920468293130398,0.03999302489683032,0,0.0,1.8957314020525276e-09,149767,0.05675413330573484,119.8133,125000,0.01
dna,10000,0.04321329761296511,0.048674055840820074,0.03913513896986842,0,0.0,1.8957314020525276e-09,149767,0.05675413330573484,119.8133,125000,0.01
dna,10000,0.042652163188904524,0.048531485721468925,0.03917979169636965,0,0.0,1.8957314020525276e-09,149767,0.05675413330573484,119.8133,125000,0.01
dna,10000,0.04248490510508418,0.04848462017253041,0.03919310821220279,0,0.0,1.8957314020525276e-09,149767,0.05675413330573484,119.8133,125000,0.01
dna,10000,0.04253528406843543,0.04851524578407407,0.0392916570417583,0,0.0,1.8957314020525276e-09,149767,0.05675413330573484,119.8133,125000,0.01
dna,10000,0.04237033100798726,0.048950279131531715,0.039174946025013924,0,0.0,1.8957314020525276e-09,149767,0.05675413330573484,119.8133,125000,0.01
dna,10000,0.042411896865814924,0.048829155042767525,0.03902389807626605,0,0.0,1.8957314020525276e-09,149767,0.05675413330573484,119.8133,125000,0.01
dna,10000,0.04231052193790674,0.04866761481389403,0.039043006021529436,0,0.0,1.8957314020525276e-09,149767,0.05675413330573484,119.8133,125000,0.01
dna,25000,0.10600654734298587,0.1216051378287375,0.09824796067550778,0,0.0,8.558869606662519e-07,149767,0.13588975514404494,47.92532,125000,0.01
dna,25000,0.10605981480330229,0.12123466329649091,0.09813332231715322,0,0.0,8.558869606662519e-07,149767,0.13588975514404494,47.92532,125000,0.01
dna,25000,0.1078531900420785,0.12199198314920068,0.09854896692559123,0,0.0,8.558869606662519e-07,149767,0.13588975514404494,47.92532,125000,0.01
dna,25000,0.1076937597244978,0.12156035006046295,0.09833529079332948,0,0.0,8.558869606662519e-07,149767,0.13588975514404494,47.92532,125000,0.01
dna,25000,0.1060051959939301,0.12157648615539074,0.09854610683396459,0,0.0,8.558869606662519e-07,149767,0.13588975514404494,47.92532,125000,0.01
dna,25000,0.10655273078009486,0.1213850099593401,0.09833209402859211,0,0.0,8.558869606662519e-07,149767,0.13588975514404494,47.92532,125000,0.01
dna,25000,0.106556654907763,0.1214022571220994,0.09844106202945113,0,0.0,8.558869606662519e-07,149767,0.13588975514404494,47.92532,125000,0.01
dna,25000,0.10644645104184747,0.12154437275603414,0.09880503173917532,0,0.0,8.558869606662519e-07,149767,0.13588975514404494,47.92532,125000,0.01
dna,25000,0.10664766374975443,0.12277211481705308,0.09971080208197236,0,0.0,8.558869606662519e-07,149767,0.13588975514404494,47.92532,125000,0.01
dna,25000,0.10662729572504759,0.1221703328192234,0.0986759141087532,0,0.0,8.558869606662519e-07,149767,0.13588975514404494,47.92532,125000,0.01
dna,50000,0.21313896030187607,0.24372634012252092,0.199127989821136,0,0.0001,6.694368083188371e-05,149767,0.2531188106829542,23.96266,125000,0.01
dna,50000,0.21327584888786077,0.24245531065389514,0.1993174790404737,0,0.0001,6.694368083188371e-05,149767,0.2531188106829542,23.96266,125000,0.01
dna,50000,0.2135139750316739,0.24400173593312502,0.20004562893882394,0,0.0001,6.694368083188371e-05,149767,0.2531188106829542,23.96266,125000,0.01
dna,50000,0.2134273531846702,0.24327881913632154,0.19994959607720375,0,0.0001,6.694368083188371e-05,149767,0.2531188106829542,23.96266,125000,0.01
dna,50000,0.21318450383841991,0.24306596629321575,0.19935361295938492,0,0.0001,6.694368083188371e-05,149767,0.2531188106829542,23.96266,125000,0.01
dna,50000,0.21286081289872527,0.24427876621484756,0.19944809284061193,0,0.0001,6.694368083188371e-05,149767,0.2531188106829542,23.96266,125000,0.01
dna,50000,0.21356497006490827,0.24360729288309813,0.19976886129006743,0,0.0001,6.694368083188371e-05,149767,0.2531188106829542,23.96266,125000,0.01
dna,50000,0.21380910370498896,0.243824346922338,0.1990419290959835,0,0.0001,6.694368083188371e-05,149767,0.2531188106829542,23.96266,125000,0.01
dna,50000,0.21345175802707672,0.24343360029160976,0.1990824588574469,0,0.0001,6.694368083188371e-05,149767,0.2531188106829542,23.96266,125000,0.01
dna,50000,0.21319546503946185,0.2439676937647164,0.19912589015439153,0,0.0001,6.694368083188371e-05,149767,0.2531188106829542,23.96266,125000,0.01
dna,100000,0.42728973692283034,0.4878592439927161,0.4092453890480101,0,0.00324,0.0033204706885829435,149767,0.44245421835472354,11.98133,125000,0.01
dna,100000,0.42700716108083725,0.48831947101280093,0.4088733452372253,0,0.00324,0.0033204706885829435,149767,0.44245421835472354,11.98133,125000,0.01
dna,100000,0.42729612393304706,0.4874415989033878,0.4088450828567147,0,0.00324,0.0033204706885829435,149767,0.44245421835472354,11.98133,125000,0.01
dna,100000,0.42559918994084,0.4874895098619163,0.408786891028285,0,0.00324,0.0033204706885829435,149767,0.44245421835472354,11.98133,125000,0.01
dna,100000,0.42695049615576863,0.48875896679237485,0.4089482957497239,0,0.00324,0.0033204706885829435,149767,0.44245421835472354,11.98133,125000,0.01
dna,100000,0.4264809680171311,0.4844759777188301,0.40607428504154086,0,0.00324,0.0033204706885829435,149767,0.44245421835472354,11.98133,125000,0.01
dna,100000,0.4251502067781985,0.4856466632336378,0.40688503719866276,0,0.00324,0.0033204706885829435,149767,0.44245421835472354,11.98133,125000,0.01
dna,100000,0.425773355178535,0.48729885602369905,0.40867992024868727,0,0.00324,0.0033204706885829435,149767,0.44245421835472354,11.98133,125000,0.01
dna,100000,0.4271914311684668,0.4884891342371702,0.40880404273048043,0,0.00324,0.0033204706885829435,149767,0.44245421835472354,11.98133,125000,0.01
dna,100000,0.4261257089674473,0.48791642067953944,0.40979090007022023,0,0.00324,0.0033204706885829435,149767,0.44245421835472354,11.98133,125000,0.01
dna,1000,0.004455021116882563,0.004841807298362255,0.003891413100063801,0,0.0,6.375086231590716e-17,179720,0.004856168523375615,1437.759,150000,0.01
dna,1000,0.004253536928445101,0.004878268111497164,0.0038841557689011097,0,0.0,6.375086231590716e-17,179720,0.004856168523375615,1437.759,150000,0.01
dna,1000,0.004262711852788925,0.004885324276983738,0.0038847457617521286,0,0.0,6.375086231590716e-17,179720,0.004856168523375615,1437.759,150000,0.01
dna,1000,0.004246030934154987,0.004884001798927784,0.003921185154467821,0,0.0,6.375086231590716e-17,179720,0.004856168523375615,1437.759,150000,0.01
dna,1000,0.00424515176564455,0.004843829199671745,0.0038862680085003376,0,0.0,6.375086231590716e-17,179720,0.004856168523375615,1437.759,150000,0.01
dna,1000,0.004223945084959269,0.0048426478169858456,0.003892709966748953,0,0.0,6.375086231590716e-17,179720,0.004856168523375615,1437.759,150000,0.01
dna,1000,0.004229963757097721,0.004821958020329475,0.003892231732606888,0,0.0,6.375086231590716e-17,179720,0.004856168523375615,1437.759,150000,0.01
dna,1000,0.004241019953042269,0.0048517570830881596,0.003885346930474043,0,0.0,6.375086231590716e-17,179720,0.004856168523375615,1437.759,150000,0.01
dna,1000,0.004239358939230442,0.004863550886511803,0.0038932329043745995,0,0.0,6.375086231590716e-17,179720,0.004856168523375615,1437.759,150000,0.01
dna,1000,0.004217791836708784,0.0048536257818341255,0.0038835229352116585,0,0.0,6.375086231590716e-17,179720,0.004856168523375615,1437.759,150000,0.01
dna,5000,0.021288338117301464,0.024229854810982943,0.019451496191322803,0,0.0,4.653138022104431e-12,179720,0.024051318753699334,287.5518,150000,0.01
dna,5000,0.02121447306126356,0.02482125023379922,0.019502451177686453,0,0.0,4.653138022104431e-12,179720,0.024051318753699334,287.5518,150000,0.01
dna,5000,0.021253066137433052,0.024215468671172857,0.01946364715695381,0,0.0,4.653138022104431e-12,179720,0.024051318753699334,287.5518,150000,0.01
dna,5000,0.02149989316239953,0.024243477266281843,0.019493343774229288,0,0.0,4.653138022104431e-12,179720,0.024051318753699334,287.5518,150000,0.01
dna,5000,0.021220955066382885,0.024682957213371992,0.019794384948909283,0,0.0,4.653138022104431e-12,179720,0.024051318753699334,287.5518,150000,0.01
dna,5000,0.021173718851059675,0.024277246091514826,0.019541896879673004,0,0.0,4.653138022104431e-12,179720,0.024051318753699334,287.5518,150000,0.01
dna,5000,0.02181130787357688,0.024278658907860518,0.01949506811797619,0,0.0,4.653138022104431e-12,179720,0.024051318753699334,287.5518,150000,0.01
dna,5000,0.02113575115799904,0.02451779693365097,0.020038709975779057,0,0.0,4.653138022104431e-12,179720,0.024051318753699334,287.5518,150000,0.01
dna,5000,0.021175875328481197,0.024313820991665125,0.019676932133734226,0,0.0,4.653138022104431e-12,179720,0.024051318753699334,287.5518,150000,0.01
dna,5000,0.02192304003983736,0.02446393994614482,0.019631863106042147,0,0.0,4.653138022104431e-12,179720,0.024051318753699334,287.5518,150000,0.01
dna,10000,0.042476002126932144,0.049357777927070856,0.039209260139614344,0,0.0,5.472406080344295e-10,179720,0.04751909047343818,143.7759,150000,0.01
dna,10000,0.04304297687485814,0.04848581785336137,0.03919661371037364,0,0.0,5.472406080344295e-10,179720,0.04751909047343818,143.7759,150000,0.01
dna,10000,0.0427758670412004,0.04849566100165248,0.03907999489456415,0,0.0,5.472406080344295e-10,179720,0.04751909047343818,143.7759,150000,0.01
dna,10000,0.04288072884082794,0.048510521184653044,0.03906550398096442,0,0.0,5.472406080344295e-10,179720,0.04751909047343818,143.7759,150000,0.01
dna,10000,0.043088181875646114,0.048591125290840864,0.039867056999355555,0,0.0,5.472406080344295e-10,179720,0.04751909047343818,143.7759,150000,0.01
dna,10000,0.04298399901017547,0.04947539884597063,0.039799605030566454,0,0.0,5.472406080344295e-10,179720,0.04751909047343818,143.7759,150000,0.01
dna,10000,0.04311020812019706,0.04996593715623021,0.03912532515823841,0,0.0,5.472406080344295e-10,179720,0.04751909047343818,143.7759,150000,0.01
dna,10000,0.04253530874848366,0.0492465952411294,0.039090757723897696,0,0.0,5.472406080344295e-10,179720,0.04751909047343818,143.7759,150000,0.01
dna,10000,0.04314121790230274,0.04899425199255347,0.039095605723559856,0,0.0,5.472406080344295e-10,179720,0.04751909047343818,143.7759,150000,0.01
dna,10000,0.04295696085318923,0.04887906229123473,0.039093499071896076,0,0.0,5.472406080344295e-10,179720,0.04751909047343818,143.7759,150000,0.01
dna,25000,0.10709731793031096,0.12201969278976321,0.09852067986503243,0,0.0,2.596128472004376e-07,179720,0.11464577860406369,57.51036,150000,0.01
dna,25000,0.10714480699971318,0.12195995124056935,0.09810514887794852,0,0.0,2.596128472004376e-07,179720,0.11464577860406369,57.51036,150000,0.01
dna,25000,0.10618004715070128,0.12188545009121299,0.09863780811429024,0,0.0,2.596128472004376e-07,179720,0.11464577860406369,57.51036,150000,0.01
dna,25000,0.10700540198013186,0.12174864299595356,0.09866018174216151,0,0.0,2.596128472004376e-07,179720,0.11464577860406369,57.51036,150000,0.01
dna,25000,0.10685001686215401,0.12189681502059102,0.09824733482673764,0,0.0,2.596128472004376e-07,179720,0.11464577860406369,57.51036,150000,0.01
dna,25000,0.10658765817061067,0.12267660861834884,0.09929060516878963,0,0.0,2.596128472004376e-07,179720,0.11464577860406369,57.51036,150000,0.01
dna,25000,0.10758112603798509,0.12319435505196452,0.0993110821582377,0,0.0,2.596128472004376e-07,179720,0.11464577860406369,57.51036,150000,0.01
dna,25000,0.10738408286124468,0.12203302327543497,0.10006370674818754,0,0.0,2.596128472004376e-07,179720,0.11464577860406369,57.51036,150000,0.01
dna,25000,0.10694447625428438,0.12240868713706732,0.09884386695921421,0,0.0,2.596128472004376e-07,179720,0.11464577860406369,57.51036,150000,0.01
dna,25000,0.10712795099243522,0.12202182179316878,0.09776455396786332,0,0.0,2.596128472004376e-07,179720,0.11464577860406369,57.51036,150000,0.01
dna,50000,0.21416021371260285,0.24288790300488472,0.19708106014877558,0,0.0,2.1986122401515063e-05,179720,0.21619200436234445,28.75518,150000,0.01
dna,50000,0.21249048598110676,0.24299012077972293,0.19720101915299892,0,0.0,2.1986122401515063e-05,179720,0.21619200436234445,28.75518,150000,0.01
dna,50000,0.21250993385910988,0.24275678815320134,0.1968402680940926,0,0.0,2.1986122401515063e-05,179720,0.21619200436234445,28.75518,150000,0.01
dna,50000,0.21206239610910416,0.24265476688742638,0.1973168756812811,0,0.0,2.1986122401515063e-05,179720,0.21619200436234445,28.75518,150000,0.01
dna,50000,0.21237034676596522,0.24253237713128328,0.19766118191182613,0,0.0,2.1986122401515063e-05,179720,0.21619200436234445,28.75518,150000,0.01
dna,50000,0.21356890769675374,0.24376006610691547,0.19793455116450787,0,0.0,2.1986122401515063e-05,179720,0.21619200436234445,28.75518,150000,0.01
dna,50000,0.2138382289558649,0.24335617618635297,0.19796097883954644,0,0.0,2.1986122401515063e-05,179720,0.21619200436234445,28.75518,150000,0.01
dna,50000,0.2135766800493002,0.24346901290118694,0.19781048223376274,0,0.0,2.1986122401515063e-05,179720,0.21619200436234445,28.75518,150000,0.01
dna,50000,0.21259123925119638,0.24345236318185925,0.19794491305947304,0,0.0,2.1986122401515063e-05,179720,0.21619200436234445,28.75518,150000,0.01
dna,50000,0.21253531286492944,0.24349844502285123,0.19786922400817275,0,0.0,2.1986122401515063e-05,179720,0.21619200436234445,28.75518,150000,0.01
dna,100000,0.42884900281205773,0.48616504296660423,0.40389531617984176,0,0.00138,0.0012641390236719158,179720,0.385583397495686,14.37759,150000,0.01
dna,100000,0.4255881146527827,0.485391803085804,0.40388317313045263,0,0.00138,0.0012641390236719158,179720,0.385583397495686,14.37759,150000,0.01
dna,100000,0.4258953188546002,0.487249500118196,0.4036151790060103,0,0.00138,0.0012641390236719158,179720,0.385583397495686,14.37759,150000,0.01
dna,100000,0.42627084208652377,0.4874456408433616,0.4028798667714,0,0.00138,0.0012641390236719158,179720,0.385583397495686,14.37759,150000,0.01
dna,100000,0.42647784436121583,0.48656454496085644,0.40296000987291336,0,0.00138,0.0012641390236719158,179720,0.385583397495686,14.37759,150000,0.01
dna,100000,0.42706375708803535,0.4869955009780824,0.4035461996681988,0,0.00138,0.0012641390236719158,179720,0.385583397495686,14.37759,150000,0.01
dna,100000,0.42579851811751723,0.4878284181468189,0.4043675297871232,0,0.00138,0.0012641390236719158,179720,0.385583397495686,14.37759,150000,0.01
dna,100000,0.42601414397358894,0.48708844231441617,0.4041900644078851,0,0.00138,0.0012641390236719158,179720,0.385583397495686,14.37759,150000,0.01
dna,100000,0.4282026784494519,0.4854534869082272,0.40184930386021733,0,0.00138,0.0012641390236719158,179720,0.385583397495686,14.37759,150000,0.01
dna,100000,0.42500312672927976,0.48505641473457217,0.4022511690855026,0,0.00138,0.0012641390236719158,179720,0.385583397495686,14.37759,150000,0.01
dna,1000,0.004294694866985083,0.004837715998291969,0.003936563152819872,0,0.0,8.546016607875172e-18,239627,0.003644212973106063,1917.012,200000,0.01
dna,1000,0.004229616839438677,0.004838987253606319,0.003890089225023985,0,0.0,8.546016607875172e-18,239627,0.003644212973106063,1917.012,200000,0.01
dna,1000,0.004228140227496624,0.004830214194953442,0.0038916603662073612,0,0.0,8.546016607875172e-18,239627,0.003644212973106063,1917.012,200000,0.01
dna,1000,0.004226660821586847,0.004840963985770941,0.0038725039921700954,0,0.0,8.546016607875172e-18,239627,0.003644212973106063,1917.012,200000,0.01
dna,1000,0.004219224210828543,0.004839322995394468,0.003880197647958994,0,0.0,8.546016607875172e-18,239627,0.003644212973106063,1917.012,200000,0.01
dna,1000,0.004226834047585726,0.004839190281927586,0.0038806828670203686,0,0.0,8.546016607875172e-18,239627,0.003644212973106063,1917.012,200000,0.01
dna,1000,0.004228557925671339,0.00484900176525116,0.0038570123724639416,0,0.0,8.546016607875172e-18,239627,0.003644212973106063,1917.012,200000,0.01
dna,1000,0.0042325351387262344,0.00485489796847105,0.003866419196128845,0,0.0,8.546016607875172e-18,239627,0.003644212973106063,1917.012,200000,0.01
dna,1000,0.004225901793688536,0.004840609151870012,0.003878330811858177,0,0.0,8.546016607875172e-18,239627,0.003644212973106063,1917.012,200000,0.01
dna,1000,0.0042289248667657375,0.0048348670825362206,0.003869734238833189,0,0.0,8.546016607875172e-18,239627,0.003644212973106063,1917.012,200000,0.01
dna,5000,0.021741502918303013,0.024210264906287193,0.019424924161285162,0,0.0,6.34443032144784e-13,239627,0.0180995215470743,383.4024,200000,0.01
dna,5000,0.02118847705423832,0.02438965206965804,0.01992203900590539,0,0.0,6.34443032144784e-13,239627,0.0180995215470743,383.4024,200000,0.01
dna,5000,0.02125188009813428,0.024243779946118593,0.01945070270448923,0,0.0,6.34443032144784e-13,239627,0.0180995215470743,383.4024,200000,0.01
dna,5000,0.02115637995302677,0.024249580688774586,0.019483964890241623,0,0.0,6.34443032144784e-13,239627,0.0180995215470743,383.4024,200000,0.01
dna,5000,0.021362184081226587,0.025224478915333748,0.01944673713296652,0,0.0,6.34443032144784e-13,239627,0.0180995215470743,383.4024,200000,0.01
dna,5000,0.021142432000488043,0.02423751074820757,0.01956014009192586,0,0.0,6.34443032144784e-13,239627,0.0180995215470743,383.4024,200000,0.01
dna,5000,0.021350143011659384,0.024222495034337044,0.019429868087172508,0,0.0,6.34443032144784e-13,239627,0.0180995215470743,383.4024,200000,0.01
dna,5000,0.02155997510999441,0.024289425928145647,0.019426808692514896,0,0.0,6.34443032144784e-13,239627,0.0180995215470743,383.4024,200000,0.01
dna,5000,0.021125271916389465,0.024308213964104652,0.02003265917301178,0,0.0,6.34443032144784e-13,239627,0.0180995215470743,383.4024,200000,0.01
dna,5000,0.021123733837157488,0.024304866325110197,0.019378325901925564,0,0.0,6.34443032144784e-13,239627,0.0180995215470743,383.4024,200000,0.01
dna,10000,0.04255970101803541,0.048600003123283386,0.03902642801403999,0,0.0,7.620389843068936e-11,239627,0.03585840881538561,191.7012,200000,0.01
dna,10000,0.04239408625289798,0.04856801684945822,0.0398540492169559,0,0.0,7.620389843068936e-11,239627,0.03585840881538561,191.7012,200000,0.01
dna,10000,0.04231382720172405,0.04901365516707301,0.03902308316901326,0,0.0,7.620389843068936e-11,239627,0.03585840881538561,191.7012,200000,0.01
dna,10000,0.042328763753175735,0.04928633803501725,0.039064429234713316,0,0.0,7.620389843068936e-11,239627,0.03585840881538561,191.7012,200000,0.01
dna,10000,0.043018768075853586,0.048556618858128786,0.038903674110770226,0,0.0,7.620389843068936e-11,239627,0.03585840881538561,191.7012,200000,0.01
dna,10000,0.04284444730728865,0.04857769329100847,0.038957776967436075,0,0.0,7.620389843068936e-11,239627,0.03585840881538561,191.7012,200000,0.01
dna,10000,0.042288295924663544,0.04855217831209302,0.03989529283717275,0,0.0,7.620389843068936e-11,239627,0.03585840881538561,191.7012,200000,0.01
dna,10000,0.042462611105293036,0.0487862778827548,0.03937148815020919,0,0.0,7.620389843068936e-11,239627,0.03585840881538561,191.7012,200000,0.01
dna,10000,0.042306041810661554,0.048995404969900846,0.039052046835422516,0,0.0,7.620389843068936e-11,239627,0.03585840881538561,191.7012,200000,0.01
dna,10000,0.043065960984677076,0.048912409227341413,0.03916383907198906,0,0.0,7.620389843068936e-11,239627,0.03585840881538561,191.7012,200000,0.01
dna,25000,0.1070343479514122,0.12202367978170514,0.0987652107141912,0,0.0,3.847579776268674e-08,239627,0.08728218707029481,76.68048,200000,0.01
dna,25000,0.10776114789769053,0.12191120907664299,0.09817427303642035,0,0.0,3.847579776268674e-08,239627,0.08728218707029481,76.68048,200000,0.01
dna,25000,0.10651600919663906,0.12151854811236262,0.09836775390431285,0,0.0,3.847579776268674e-08,239627,0.08728218707029481,76.68048,200000,0.01
dna,25000,0.1071302960626781,0.121583117172122,0.09850597009062767,0,0.0,3.847579776268674e-08,239627,0.08728218707029481,76.68048,200000,0.01
dna,25000,0.10652503976598382,0.12140862690284848,0.09791372111067176,0,0.0,3.847579776268674e-08,239627,0.08728218707029481,76.68048,200000,0.01
dna,25000,0.10576782887801528,0.12169149564579129,0.09849793091416359,0,0.0,3.847579776268674e-08,239627,0.08728218707029481,76.68048,200000,0.01
dna,25000,0.10680383816361427,0.1218015062622726,0.09826969308778644,0,0.0,3.847579776268674e-08,239627,0.08728218707029481,76.68048,200000,0.01
dna,25000,0.10686296410858631,0.12186623178422451,0.09774529235437512,0,0.0,3.847579776268674e-08,239627,0.08728218707029481,76.68048,200000,0.01
dna,25000,0.10625977395102382,0.12134401733055711,0.09827405214309692,0,0.0,3.847579776268674e-08,239627,0.08728218707029481,76.68048,200000,0.01
dna,25000,0.10658080689609051,0.12204876774922013,0.09861223818734288,0,0.0,3.847579776268674e-08,239627,0.08728218707029481,76.68048,200000,0.01
dna,50000,0.2134817591868341,0.24311047280207276,0.19782339688390493,0,2e-05,3.6041501959913267e-06,239627,0.16688367104639928,38.34024,200000,0.01
dna,50000,0.21428854390978813,0.24605322116985917,0.19762376509606838,0,2e-05,3.6041501959913267e-06,239627,0.16688367104639928,38.34024,200000,0.01
dna,50000,0.2136093028821051,0.2430827827192843,0.1969967670738697,0,2e-05,3.6041501959913267e-06,239627,0.16688367104639928,38.34024,200000,0.01
dna,50000,0.213020205963403,0.2431751722469926,0.19697976810857654,0,2e-05,3.6041501959913267e-06,239627,0.16688367104639928,38.34024,200000,0.01
dna,50000,0.21293589286506176,0.242943380959332,0.19704672181978822,0,2e-05,3.6041501959913267e-06,239627,0.16688367104639928,38.34024,200000,0.01
dna,50000,0.21310960641130805,0.24403043277561665,0.1971479100175202,0,2e-05,3.6041501959913267e-06,239627,0.16688367104639928,38.34024,200000,0.01
dna,50000,0.21250638598576188,0.2430825922638178,0.19690667605027556,0,2e-05,3.6041501959913267e-06,239627,0.16688367104639928,38.34024,200000,0.01
dna,50000,0.2127519971691072,0.2428913302719593,0.19752080086618662,0,2e-05,3.6041501959913267e-06,239627,0.16688367104639928,38.34024,200000,0.01
dna,50000,0.2126227468252182,0.2433287580497563,0.19734413735568523,0,2e-05,3.6041501959913267e-06,239627,0.16688367104639928,38.34024,200000,0.01
dna,50000,0.21296774502843618,0.24312616419047117,0.19807659415528178,0,2e-05,3.6041501959913267e-06,239627,0.16688367104639928,38.34024,200000,0.01
dna,100000,0.42640838492661715,0.48683437798172235,0.3982194480486214,0,0.00024,0.00025069266290340725,239627,0.3059813918744379,19.17012,200000,0.01
dna,100000,0.4244610727764666,0.4843226969242096,0.39805265981703997,0,0.00024,0.00025069266290340725,239627,0.3059813918744379,19.17012,200000,0.01
dna,100000,0.4243743857368827,0.4883560589514673,0.4003897220827639,0,0.00024,0.00025069266290340725,239627,0.3059813918744379,19.17012,200000,0.01
dna,100000,0.4260109639726579,0.48613557731732726,0.40028870292007923,0,0.00024,0.00025069266290340725,239627,0.3059813918744379,19.17012,200000,0.01
dna,100000,0.4273377018980682,0.48751146299764514,0.4007926951162517,0,0.00024,0.00025069266290340725,239627,0.3059813918744379,19.17012,200000,0.01
dna,100000,0.4263953370973468,0.48642867198213935,0.39965098816901445,0,0.00024,0.00025069266290340725,239627,0.3059813918744379,19.17012,200000,0.01
dna,100000,0.4259587307460606,0.48550014896318316,0.4000824191607535,0,0.00024,0.00025069266290340725,239627,0.3059813918744379,19.17012,200000,0.01
dna,100000,0.42661171639338136,0.4871917930431664,0.40023734513670206,0,0.00024,0.00025069266290340725,239627,0.3059813918744379,19.17012,200000,0.01
dna,100000,0.427512529771775,0.487354080658406,0.4004776682704687,0,0.00024,0.00025069266290340725,239627,0.3059813918744379,19.17012,200000,0.01
dna,100000,0.4283033227548003,0.48841368267312646,0.4003630159422755,0,0.00024,0.00025069266290340725,239627,0.3059813918744379,19.17012,200000,0.01
dna,1000,0.004283145070075989,0.004980066325515509,0.00392789114266634,0,0.0,1.796813974752981e-18,299534,0.0029162050107145914,2396.265,250000,0.01
dna,1000,0.004247128963470459,0.004849487915635109,0.0038795461878180504,0,0.0,1.796813974752981e-18,299534,0.0029162050107145914,2396.265,250000,0.01
dna,1000,0.004245345946401358,0.004840475972741842,0.0038803350180387497,0,0.0,1.796813974752981e-18,299534,0.0029162050107145914,2396.265,250000,0.01
dna,1000,0.004238407127559185,0.005085691809654236,0.00403344864025712,0,0.0,1.796813974752981e-18,299534,0.0029162050107145914,2396.265,250000,0.01
dna,1000,0.004232270177453756,0.0048415279015898705,0.003868814092129469,0,0.0,1.796813974752981e-18,299534,0.0029162050107145914,2396.265,250000,0.01
dna,1000,0.004248001147061586,0.0048474762588739395,0.0038776961155235767,0,0.0,1.796813974752981e-18,299534,0.0029162050107145914,2396.265,250000,0.01
dna,1000,0.0042329346761107445,0.004844935145229101,0.003887603059411049,0,0.0,1.796813974752981e-18,299534,0.0029162050107145914,2396.265,250000,0.01
dna,1000,0.0042204889468848705,0.004837762098759413,0.0038705896586179733,0,0.0,1.796813974752981e-18,299534,0.0029162050107145914,2396.265,250000,0.01
dna,1000,0.004247134085744619,0.00484054209664464,0.003875759895890951,0,0.0,1.796813974752981e-18,299534,0.0029162050107145914,2396.265,250000,0.01
dna,1000,0.004233419895172119,0.004832730162888765,0.0038710031658411026,0,0.0,1.796813974752981e-18,299534,0.0029162050107145914,2396.265,250000,0.01
dna,5000,0.02132620709016919,0.024267898872494698,0.019580648746341467,0,0.0,1.347589929544718e-13,299534,0.014501317675632704,479.253,250000,0.01
dna,5000,0.021213406696915627,0.024296956602483988,0.0199112338013947,0,0.0,1.347589929544718e-13,299534,0.014501317675632704,479.253,250000,0.01
dna,5000,0.02158183604478836,0.02421407774090767,0.019473510794341564,0,0.0,1.347589929544718e-13,299534,0.014501317675632704,479.253,250000,0.01
dna,5000,0.02117681410163641,0.024955040775239468,0.01942935213446617,0,0.0,1.347589929544718e-13,299534,0.014501317675632704,479.253,250000,0.01
dna,5000,0.021196357905864716,0.024435638915747404,0.019803341012448072,0,0.0,1.347589929544718e-13,299534,0.014501317675632704,479.253,250000,0.01
dna,5000,0.021246174350380898,0.024297798052430153,0.01961420988664031,0,0.0,1.347589929544718e-13,299534,0.014501317675632704,479.253,250000,0.01
dna,5000,0.02129274792969227,0.024193943943828344,0.019467555917799473,0,0.0,1.347589929544718e-13,299534,0.014501317675632704,479.253,250000,0.01
dna,5000,0.021528709214180708,0.024631437845528126,0.019499367102980614,0,0.0,1.347589929544718e-13,299534,0.014501317675632704,479.253,250000,0.01
dna,5000,0.021152656991034746,0.024351429659873247,0.019832166843116283,0,0.0,1.347589929544718e-13,299534,0.014501317675632704,479.253,250000,0.01
dna,5000,0.021209232974797487,0.024220666848123074,0.01941683329641819,0,0.0,1.347589929544718e-13,299534,0.014501317675632704,479.253,250000,0.01
dna,10000,0.04229026287794113,0.048489965964108706,0.039346577133983374,0,0.0,1.6392573137721598e-11,299534,0.028804827512816822,239.6265,250000,0.01
dna,10000,0.042333073914051056,0.04867736482992768,0.03990038204938173,0,0.0,1.6392573137721598e-11,299534,0.028804827512816822,239.6265,250000,0.01
dna,10000,0.04254729300737381,0.0485805026255548,0.039431773126125336,0,0.0,1.6392573137721598e-11,299534,0.028804827512816822,239.6265,250000,0.01
dna,10000,0.042923794128000736,0.048651732970029116,0.039430420845746994,0,0.0,1.6392573137721598e-11,299534,0.028804827512816822,239.6265,250000,0.01
dna,10000,0.04242676496505737,0.04856136813759804,0.03907166188582778,0,0.0,1.6392573137721598e-11,299534,0.028804827512816822,239.6265,250000,0.01
dna,10000,0.042241489980369806,0.048850974068045616,0.03912462992593646,0,0.0,1.6392573137721598e-11,299534,0.028804827512816822,239.6265,250000,0.01
dna,10000,0.042254823725670576,0.04933505319058895,0.03954862290993333,0,0.0,1.6392573137721598e-11,299534,0.028804827512816822,239.6265,250000,0.01
dna,10000,0.042405018117278814,0.04915888700634241,0.038951773662120104,0,0.0,1.6392573137721598e-11,299534,0.028804827512816822,239.6265,250000,0.01
dna,10000,0.04230590304359794,0.04843094665557146,0.038944067899137735,0,0.0,1.6392573137721598e-11,299534,0.028804827512816822,239.6265,250000,0.01
dna,10000,0.04231336014345288,0.048392605036497116,0.038960966281592846,0,0.0,1.6392573137721598e-11,299534,0.028804827512816822,239.6265,250000,0.01
dna,25000,0.10659600980579853,0.12337025115266442,0.09819269925355911,0,0.0,8.593887279990108e-09,299534,0.07048510911773113,95.8506,250000,0.01
dna,25000,0.10603878321126103,0.12188488198444247,0.09856989979743958,0,0.0,8.593887279990108e-09,299534,0.07048510911773113,95.8506,250000,0.01
dna,25000,0.10618060687556863,0.12156197289004922,0.09820321016013622,0,0.0,8.593887279990108e-09,299534,0.07048510911773113,95.8506,250000,0.01
dna,25000,0.10693527571856976,0.12165571004152298,0.09926692396402359,0,0.0,8.593887279990108e-09,299534,0.07048510911773113,95.8506,250000,0.01
dna,25000,0.10802264278754592,0.12184156477451324,0.09772698022425175,0,0.0,8.593887279990108e-09,299534,0.07048510911773113,95.8506,250000,0.01
dna,25000,0.10737857688218355,0.12174501596018672,0.09851498575881124,0,0.0,8.593887279990108e-09,299534,0.07048510911773113,95.8506,250000,0.01
dna,25000,0.10787774063646793,0.12265018094331026,0.09841340314596891,0,0.0,8.593887279990108e-09,299534,0.07048510911773113,95.8506,250000,0.01
dna,25000,0.10786982672289014,0.12235344527289271,0.0982017838396132,0,0.0,8.593887279990108e-09,299534,0.07048510911773113,95.8506,250000,0.01
dna,25000,0.10649287793785334,0.12162490980699658,0.09828064078465104,0,0.0,8.593887279990108e-09,299534,0.07048510911773113,95.8506,250000,0.01
dna,25000,0.10682725813239813,0.12218599393963814,0.09952547261491418,0,0.0,8.593887279990108e-09,299534,0.07048510911773113,95.8506,250000,0.01
dna,50000,0.21394380368292332,0.2439032499678433,0.19688645284622908,0,0.0,8.558892827478037e-07,299534,0.13592862225171257,47.9253,250000,0.01
dna,50000,0.21374726574867964,0.24373282492160797,0.19731787638738751,0,0.0,8.558892827478037e-07,299534,0.13592862225171257,47.9253,250000,0.01
dna,50000,0.21397033240646124,0.24416617676615715,0.19755394710227847,0,0.0,8.558892827478037e-07,299534,0.13592862225171257,47.9253,250000,0.01
dna,50000,0.21314127556979656,0.24466916359961033,0.19716328801587224,0,0.0,8.558892827478037e-07,299534,0.13592862225171257,47.9253,250000,0.01
dna,50000,0.21393025619909167,0.24458025908097625,0.19723811419680715,0,0.0,8.558892827478037e-07,299534,0.13592862225171257,47.9253,250000,0.01
dna,50000,0.2135041761212051,0.24389208713546395,0.19860694091767073,0,0.0,8.558892827478037e-07,299534,0.13592862225171257,47.9253,250000,0.01
dna,50000,0.21349717024713755,0.24466609302908182,0.19877223391085863,0,0.0,8.558892827478037e-07,299534,0.13592862225171257,47.9253,250000,0.01
dna,50000,0.21486106188967824,0.2441788329742849,0.19821947114542127,0,0.0,8.558892827478037e-07,299534,0.13592862225171257,47.9253,250000,0.01
dna,50000,0.2148875668644905,0.24452712200582027,0.19717776961624622,0,0.0,8.558892827478037e-07,299534,0.13592862225171257,47.9253,250000,0.01
dna,50000,0.21452676365152,0.24411652004346251,0.19748244993388653,0,0.0,8.558892827478037e-07,299534,0.13592862225171257,47.9253,250000,0.01
dna,100000,0.42695702565833926,0.48727412382140756,0.3986751916818321,0,4e-05,6.694384921433764e-05,299534,0.2533442670155429,23.96265,250000,0.01
dna,100000,0.42745879618451,0.48898752126842737,0.4034586576744914,0,4e-05,6.694384921433764e-05,299534,0.2533442670155429,23.96265,250000,0.01
dna,100000,0.4455116796307266,0.4876875220797956,0.39829176804050803,0,4e-05,6.694384921433764e-05,299534,0.2533442670155429,23.96265,250000,0.01
dna,100000,0.4266226002946496,0.48751154402270913,0.3982077003456652,0,4e-05,6.694384921433764e-05,299534,0.2533442670155429,23.96265,250000,0.01
dna,100000,0.42677335487678647,0.4876112141646445,0.398848082870245,0,4e-05,6.694384921433764e-05,299534,0.2533442670155429,23.96265,250000,0.01
dna,100000,0.42840077774599195,0.48663258692249656,0.39614727487787604,0,4e-05,6.694384921433764e-05,299534,0.2533442670155429,23.96265,250000,0.01
dna,100000,0.42431725235655904,0.48460580594837666,0.39668723894283175,0,4e-05,6.694384921433764e-05,299534,0.2533442670155429,23.96265,250000,0.01
dna,100000,0.42617821926251054,0.48849793802946806,0.3976685800589621,0,4e-05,6.694384921433764e-05,299534,0.2533442670155429,23.96265,250000,0.01
dna,100000,0.4268531836569309,0.48725556023418903,0.3977604890242219,0,4e-05,6.694384921433764e-05,299534,0.2533442670155429,23.96265,250000,0.01
dna,100000,0.42606118181720376,0.48891112534329295,0.3985733953304589,0,4e-05,6.694384921433764e-05,299534,0.2533442670155429,23.96265,250000,0.01
dna,1000,0.004332027863711119,0.005203049164265394,0.0038827829994261265,0,0.0,1.410952855687427e-20,599067,0.001459354453701907,4792.53,500000,0.01
dna,1000,0.004249669145792723,0.004844909068197012,0.00387667678296566,0,0.0,1.410952855687427e-20,599067,0.001459354453701907,4792.53,500000,0.01
dna,1000,0.0042381808161735535,0.00483150128275156,0.0038736118003726006,0,0.0,1.410952855687427e-20,599067,0.001459354453701907,4792.53,500000,0.01
dna,1000,0.00426116120070219,0.004873259924352169,0.003894482273608446,0,0.0,1.410952855687427e-20,599067,0.001459354453701907,4792.53,500000,0.01
dna,1000,0.004475893918424845,0.004937287885695696,0.003919106908142567,0,0.0,1.410952855687427e-20,599067,0.001459354453701907,4792.53,500000,0.01
dna,1000,0.004242650233209133,0.004858962260186672,0.0038841981440782547,0,0.0,1.410952855687427e-20,599067,0.001459354453701907,4792.53,500000,0.01
dna,1000,0.0042530084028840065,0.004860640969127417,0.003903611097484827,0,0.0,1.410952855687427e-20,599067,0.001459354453701907,4792.53,500000,0.01
dna,1000,0.004232568200677633,0.004854199010878801,0.0038891821168363094,0,0.0,1.410952855687427e-20,599067,0.001459354453701907,4792.53,500000,0.01
dna,1000,0.004238000139594078,0.004841644316911697,0.0038758646696805954,0,0.0,1.410952855687427e-20,599067,0.001459354453701907,4792.53,500000,0.01
dna,1000,0.0042615788988769054,0.004850723780691624,0.0038891970179975033,0,0.0,1.410952855687427e-20,599067,0.001459354453701907,4792.53,500000,0.01
dna,5000,0.02145831985399127,0.024555876851081848,0.019786268938332796,0,0.0,1.0800114320987647e-15,599067,0.007278619017512671,958.506,500000,0.01
dna,5000,0.02123440010473132,0.024542934261262417,0.019698953721672297,0,0.0,1.0800114320987647e-15,599067,0.007278619017512671,958.506,500000,0.01
dna,5000,0.021201165858656168,0.024661456234753132,0.019478413742035627,0,0.0,1.0800114320987647e-15,599067,0.007278619017512671,958.506,500000,0.01
dna,5000,0.021223435178399086,0.02469577407464385,0.0196903208270669,0,0.0,1.0800114320987647e-15,599067,0.007278619017512671,958.506,500000,0.01
dna,5000,0.021285057067871094,0.02467068936675787,0.019605967216193676,0,0.0,1.0800114320987647e-15,599067,0.007278619017512671,958.506,500000,0.01
dna,5000,0.021208350080996752,0.02509626280516386,0.019540050998330116,0,0.0,1.0800114320987647e-15,599067,0.007278619017512671,958.506,500000,0.01
dna,5000,0.02219211682677269,0.024592706933617592,0.019514175131917,0,0.0,1.0800114320987647e-15,599067,0.007278619017512671,958.506,500000,0.01
dna,5000,0.021565368864685297,0.02448576409369707,0.019456857815384865,0,0.0,1.0800114320987647e-15,599067,0.007278619017512671,958.506,500000,0.01
dna,5000,0.021589566953480244,0.02448780694976449,0.01942863967269659,0,0.0,1.0800114320987647e-15,599067,0.007278619017512671,958.506,500000,0.01
dna,5000,0.021764909848570824,0.024495769292116165,0.019481449853628874,0,0.0,1.0800114320987647e-15,599067,0.007278619017512671,958.506,500000,0.01
dna,10000,0.042558120097965,0.048624224960803986,0.0390523592941463,0,0.0,1.347589929544718e-13,599067,0.014503404256207055,479.253,500000,0.01
dna,10000,0.04244002792984247,0.0490109920501709,0.03900613309815526,0,0.0,1.347589929544718e-13,599067,0.014503404256207055,479.253,500000,0.01
dna,10000,0.04262712690979242,0.048456253949552774,0.03904309682548046,0,0.0,1.347589929544718e-13,599067,0.014503404256207055,479.253,500000,0.01
dna,10000,0.04240291193127632,0.04898992972448468,0.03902901383116841,0,0.0,1.347589929544718e-13,599067,0.014503404256207055,479.253,500000,0.01
dna,10000,0.04292229888960719,0.04866107180714607,0.03911213390529156,0,0.0,1.347589929544718e-13,599067,0.014503404256207055,479.253,500000,0.01
dna,10000,0.04269428597763181,0.04912389302626252,0.03904386097565293,0,0.0,1.347589929544718e-13,599067,0.014503404256207055,479.253,500000,0.01
dna,10000,0.04260560683906078,0.04870338086038828,0.03906963113695383,0,0.0,1.347589929544718e-13,599067,0.014503404256207055,479.253,500000,0.01
dna,10000,0.04243483394384384,0.04896376468241215,0.03913194825872779,0,0.0,1.347589929544718e-13,599067,0.014503404256207055,479.253,500000,0.01
dna,10000,0.04280399717390537,0.04875115118920803,0.03921850211918354,0,0.0,1.347589929544718e-13,599067,0.014503404256207055,479.253,500000,0.01
dna,10000,0.042602130211889744,0.049069696106016636,0.039070548955351114,0,0.0,1.347589929544718e-13,599067,0.014503404256207055,479.253,500000,0.01
dna,25000,0.10613958677276969,0.12241780385375023,0.09844764089211822,0,0.0,7.620389843068936e-11,599067,0.03586685946671174,191.7012,500000,0.01
dna,25000,0.10617889510467649,0.12221515132114291,0.0986781707033515,0,0.0,7.620389843068936e-11,599067,0.03586685946671174,191.7012,500000,0.01
dna,25000,0.10654322896152735,0.12209789408370852,0.09876452665776014,0,0.0,7.620389843068936e-11,599067,0.03586685946671174,191.7012,500000,0.01
dna,25000,0.10661642719060183,0.12189607694745064,0.09795838920399547,0,0.0,7.620389843068936e-11,599067,0.03586685946671174,191.7012,500000,0.01
dna,25000,0.10670342016965151,0.12247110903263092,0.09840753115713596,0,0.0,7.620389843068936e-11,599067,0.03586685946671174,191.7012,500000,0.01
dna,25000,0.10781943891197443,0.12280400097370148,0.09859151020646095,0,0.0,7.620389843068936e-11,599067,0.03586685946671174,191.7012,500000,0.01
dna,25000,0.10655322717502713,0.12204010225832462,0.09821689501404762,0,0.0,7.620389843068936e-11,599067,0.03586685946671174,191.7012,500000,0.01
dna,25000,0.1081684660166502,0.12266775174066424,0.09891402395442128,0,0.0,7.620389843068936e-11,599067,0.03586685946671174,191.7012,500000,0.01
dna,25000,0.10684662312269211,0.12151429196819663,0.09821757208555937,0,0.0,7.620389843068936e-11,599067,0.03586685946671174,191.7012,500000,0.01
dna,25000,0.10692097526043653,0.1217329129576683,0.09816450765356421,0,0.0,7.620389843068936e-11,599067,0.03586685946671174,191.7012,500000,0.01
dna,50000,0.2131429030559957,0.24344851821660995,0.19688056502491236,0,0.0,8.593887279990108e-09,599067,0.07040644503007806,95.8506,500000,0.01
dna,50000,0.2134155291132629,0.24461906123906374,0.1967375068925321,0,0.0,8.593887279990108e-09,599067,0.07040644503007806,95.8506,500000,0.01
dna,50000,0.21317472215741873,0.2437169710174203,0.19698420818895102,0,0.0,8.593887279990108e-09,599067,0.07040644503007806,95.8506,500000,0.01
dna,50000,0.21324439579620957,0.24350046506151557,0.19758516503497958,0,0.0,8.593887279990108e-09,599067,0.07040644503007806,95.8506,500000,0.01
dna,50000,0.2123299753293395,0.24356540013104677,0.19748352421447635,0,0.0,8.593887279990108e-09,599067,0.07040644503007806,95.8506,500000,0.01
dna,50000,0.21219007205218077,0.24435319937765598,0.19983586482703686,0,0.0,8.593887279990108e-09,599067,0.07040644503007806,95.8506,500000,0.01
dna,50000,0.21440481673926115,0.24351776205003262,0.19684401294216514,0,0.0,8.593887279990108e-09,599067,0.07040644503007806,95.8506,500000,0.01
dna,50000,0.21325309993699193,0.2438088613562286,0.19717128993943334,0,0.0,8.593887279990108e-09,599067,0.07040644503007806,95.8506,500000,0.01
dna,50000,0.21298445016145706,0.24499750090762973,0.19696185505017638,0,0.0,8.593887279990108e-09,599067,0.07040644503007806,95.8506,500000,0.01
dna,50000,0.21370028099045157,0.2442964930087328,0.19807287910953164,0,0.0,8.593887279990108e-09,599067,0.07040644503007806,95.8506,500000,0.01
dna,100000,0.4258131440728903,0.4887536158785224,0.3951789829879999,0,0.0,8.558892827478037e-07,599067,0.1359484447671689,47.9253,500000,0.01
dna,100000,0.42564480006694794,0.4885637382976711,0.39497282775118947,0,0.0,8.558892827478037e-07,599067,0.1359484447671689,47.9253,500000,0.01
dna,100000,0.42710262816399336,0.48677794774994254,0.39478232990950346,0,0.0,8.558892827478037e-07,599067,0.1359484447671689,47.9253,500000,0.01
dna,100000,0.42686060070991516,0.48908649291843176,0.39485343219712377,0,0.0,8.558892827478037e-07,599067,0.1359484447671689,47.9253,500000,0.01
dna,100000,0.4268348151817918,0.48647256195545197,0.39477234706282616,0,0.0,8.558892827478037e-07,599067,0.1359484447671689,47.9253,500000,0.01
dna,100000,0.4284210349433124,0.4907321580685675,0.3955756090581417,0,0.0,8.558892827478037e-07,599067,0.1359484447671689,47.9253,500000,0.01
dna,100000,0.42620419431477785,0.48617968428879976,0.3942270060069859,0,0.0,8.558892827478037e-07,599067,0.1359484447671689,47.9253,500000,0.01
dna,100000,0.4275989281013608,0.48649023938924074,0.3950968449935317,0,0.0,8.558892827478037e-07,599067,0.1359484447671689,47.9253,500000,0.01
dna,100000,0.4268577410839498,0.4860267248004675,0.4009452578611672,0,0.0,8.558892827478037e-07,599067,0.1359484447671689,47.9253,500000,0.01
dna,100000,0.4269511178135872,0.48682084772735834,0.39687106432393193,0,0.0,8.558892827478037e-07,599067,0.1359484447671689,47.9253,500000,0.01
dna,1000,0.004372546914964914,0.004877988249063492,0.003920564893633127,0,0.0,1.1051283775067053e-22,1198133,0.0007299902900962843,9585.059,1000000,0.01
dna,1000,0.004271387122571468,0.004851879086345434,0.003943398129194975,0,0.0,1.1051283775067053e-22,1198133,0.0007299902900962843,9585.059,1000000,0.01
dna,1000,0.0043082451447844505,0.004855998791754246,0.0038979388773441315,0,0.0,1.1051283775067053e-22,1198133,0.0007299902900962843,9585.059,1000000,0.01
dna,1000,0.004266576841473579,0.004859594162553549,0.003891265019774437,0,0.0,1.1051283775067053e-22,1198133,0.0007299902900962843,9585.059,1000000,0.01
dna,1000,0.004265211056917906,0.0049366638995707035,0.0038996050134301186,0,0.0,1.1051283775067053e-22,1198133,0.0007299902900962843,9585.059,1000000,0.01
dna,1000,0.004282345063984394,0.004892626777291298,0.0039106933400034904,0,0.0,1.1051283775067053e-22,1198133,0.0007299902900962843,9585.059,1000000,0.01
dna,1000,0.004301954060792923,0.004983085207641125,0.0038991179317235947,0,0.0,1.1051283775067053e-22,1198133,0.0007299902900962843,9585.059,1000000,0.01
dna,1000,0.004277702886611223,0.004872730001807213,0.003906684927642345,0,0.0,1.1051283775067053e-22,1198133,0.0007299902900962843,9585.059,1000000,0.01
dna,1000,0.004261333029717207,0.004866397939622402,0.0039026918821036816,0,0.0,1.1051283775067053e-22,1198133,0.0007299902900962843,9585.059,1000000,0.01
dna,1000,0.004287402145564556,0.004850356839597225,0.003907506819814444,0,0.0,1.1051283775067053e-22,1198133,0.0007299902900962843,9585.059,1000000,0.01
dna,5000,0.02153326477855444,0.024479886051267385,0.019533389247953892,0,0.0,8.546022837672787e-18,1198133,0.003643065733867679,1917.0118,1000000,0.01
dna,5000,0.021270472090691328,0.024451707024127245,0.01955173909664154,0,0.0,8.546022837672787e-18,1198133,0.003643065733867679,1917.0118,1000000,0.01
dna,5000,0.021277161315083504,0.024386466946452856,0.019420881289988756,0,0.0,8.546022837672787e-18,1198133,0.003643065733867679,1917.0118,1000000,0.01
dna,5000,0.021283780224621296,0.02438206598162651,0.019468190148472786,0,0.0,8.546022837672787e-18,1198133,0.003643065733867679,1917.0118,1000000,0.01
dna,5000,0.02141679311171174,0.02454552100971341,0.0194458132609725,0,0.0,8.546022837672787e-18,1198133,0.003643065733867679,1917.0118,1000000,0.01
dna,5000,0.02127428399398923,0.024371948093175888,0.019472355023026466,0,0.0,8.546022837672787e-18,1198133,0.003643065733867679,1917.0118,1000000,0.01
dna,5000,0.02128020115196705,0.024367211386561394,0.019505141768604517,0,0.0,8.546022837672787e-18,1198133,0.003643065733867679,1917.0118,1000000,0.01
dna,5000,0.021366674918681383,0.02441202523186803,0.019464020151644945,0,0.0,8.546022837672787e-18,1198133,0.003643065733867679,1917.0118,1000000,0.01
dna,5000,0.021373610012233257,0.02460490306839347,0.019526582211256027,0,0.0,8.546022837672787e-18,1198133,0.003643065733867679,1917.0118,1000000,0.01
dna,5000,0.021321041975170374,0.02442999090999365,0.019572601187974215,0,0.0,8.546022837672787e-18,1198133,0.003643065733867679,1917.0118,1000000,0.01
dna,10000,0.04294118983671069,0.048958923667669296,0.038970780093222857,0,0.0,1.0800122179582333e-15,1198133,0.0072744466152999164,958.5059,1000000,0.01
dna,10000,0.04271291475743055,0.04883846500888467,0.03888627979904413,0,0.0,1.0800122179582333e-15,1198133,0.0072744466152999164,958.5059,1000000,0.01
dna,10000,0.04305368522182107,0.0491166110150516,0.039036708883941174,0,0.0,1.0800122179582333e-15,1198133,0.0072744466152999164,958.5059,1000000,0.01
dna,10000,0.042633998673409224,0.0488460729829967,0.0389521149918437,0,0.0,1.0800122179582333e-15,1198133,0.0072744466152999164,958.5059,1000000,0.01
dna,10000,0.04271665681153536,0.04894019616767764,0.03900993103161454,0,0.0,1.0800122179582333e-15,1198133,0.0072744466152999164,958.5059,1000000,0.01
dna,10000,0.042696131858974695,0.0489289672113955,0.03913675807416439,0,0.0,1.0800122179582333e-15,1198133,0.0072744466152999164,958.5059,1000000,0.01
dna,10000,0.042824307922273874,0.048876353073865175,0.03898845100775361,0,0.0,1.0800122179582333e-15,1198133,0.0072744466152999164,958.5059,1000000,0.01
dna,10000,0.042901774402707815,0.05035021621733904,0.03976026130840182,0,0.0,1.0800122179582333e-15,1198133,0.0072744466152999164,958.5059,1000000,0.01
dna,10000,0.0430776490829885,0.0500026629306376,0.04001548932865262,0,0.0,1.0800122179582333e-15,1198133,0.0072744466152999164,958.5059,1000000,0.01
dna,10000,0.0429929718375206,0.04904197296127677,0.03903869492933154,0,0.0,1.0800122179582333e-15,1198133,0.0072744466152999164,958.5059,1000000,0.01
dna,25000,0.10686716297641397,0.12241609580814838,0.0982272457331419,0,0.0,6.344434912639435e-13,1198133,0.01808783858294456,383.40236,1000000,0.01
dna,25000,0.10713042691349983,0.12262321915477514,0.09813284268602729,0,0.0,6.344434912639435e-13,1198133,0.01808783858294456,383.40236,1000000,0.01
dna,25000,0.10693011991679668,0.12293425900861621,0.09843479888513684,0,0.0,6.344434912639435e-13,1198133,0.01808783858294456,383.40236,1000000,0.01
dna,25000,0.1070925360545516,0.1228525061160326,0.09857853781431913,0,0.0,6.344434912639435e-13,1198133,0.01808783858294456,383.40236,1000000,0.01
dna,25000,0.10689936811104417,0.12305232603102922,0.09823481598868966,0,0.0,6.344434912639435e-13,1198133,0.01808783858294456,383.40236,1000000,0.01
dna,25000,0.10788001492619514,0.12308143125846982,0.0987775968387723,0,0.0,6.344434912639435e-13,1198133,0.01808783858294456,383.40236,1000000,0.01
dna,25000,0.10688530281186104,0.12245751172304153,0.09810402197763324,0,0.0,6.344434912639435e-13,1198133,0.01808783858294456,383.40236,1000000,0.01
dna,25000,0.106947414111346,0.1223871917463839,0.09812198812142015,0,0.0,6.344434912639435e-13,1198133,0.01808783858294456,383.40236,1000000,0.01
dna,25000,0.10754189174622297,0.12234112108126283,0.09808160085231066,0,0.0,6.344434912639435e-13,1198133,0.01808783858294456,383.40236,1000000,0.01
dna,25000,0.10729377018287778,0.12235277704894543,0.09803243493661284,0,0.0,6.344434912639435e-13,1198133,0.01808783858294456,383.40236,1000000,0.01
dna,50000,0.21493835980072618,0.247357081156224,0.19726635003462434,0,0.0,7.62039530727753e-11,1198133,0.03584443246515227,191.70118,1000000,0.01
dna,50000,0.21788182901218534,0.24904380226507783,0.19789118878543377,0,0.0,7.62039530727753e-11,1198133,0.03584443246515227,191.70118,1000000,0.01
dna,50000,0.21608420414850116,0.2450660839676857,0.1974731651134789,0,0.0,7.62039530727753e-11,1198133,0.03584443246515227,191.70118,1000000,0.01
dna,50000,0.2151684546843171,0.24484097678214312,0.19694695714861155,0,0.0,7.62039530727753e-11,1198133,0.03584443246515227,191.70118,1000000,0.01
dna,50000,0.21502624591812491,0.24501589825376868,0.1972335702739656,0,0.0,7.62039530727753e-11,1198133,0.03584443246515227,191.70118,1000000,0.01
dna,50000,0.2152546551078558,0.2447854890488088,0.19716543704271317,0,0.0,7.62039530727753e-11,1198133,0.03584443246515227,191.70118,1000000,0.01
dna,50000,0.21643007406964898,0.24605234013870358,0.19645052310079336,0,0.0,7.62039530727753e-11,1198133,0.03584443246515227,191.70118,1000000,0.01
dna,50000,0.2142093200236559,0.24472410697489977,0.19666711566969752,0,0.0,7.62039530727753e-11,1198133,0.03584443246515227,191.70118,1000000,0.01
dna,50000,0.2140519181266427,0.24458494689315557,0.19721940206363797,0,0.0,7.62039530727753e-11,1198133,0.03584443246515227,191.70118,1000000,0.01
dna,50000,0.21542221494019032,0.24676300305873156,0.19650823483243585,0,0.0,7.62039530727753e-11,1198133,0.03584443246515227,191.70118,1000000,0.01
dna,100000,0.4304012353532016,0.4882072298787534,0.3954177452251315,0,0.0,8.593893329750821e-09,1198133,0.07043983766818754,95.85059,1000000,0.01
dna,100000,0.42931027291342616,0.4923086427152157,0.39997360622510314,0,0.0,8.593893329750821e-09,1198133,0.07043983766818754,95.85059,1000000,0.01
dna,100000,0.4342302829027176,0.4946482847444713,0.40122120967134833,0,0.0,8.593893329750821e-09,1198133,0.07043983766818754,95.85059,1000000,0.01
dna,100000,0.4295386644080281,0.49036466935649514,0.3974591661244631,0,0.0,8.593893329750821e-09,1198133,0.07043983766818754,95.85059,1000000,0.01
dna,100000,0.42946572322398424,0.4889596924185753,0.3963519698008895,0,0.0,8.593893329750821e-09,1198133,0.07043983766818754,95.85059,1000000,0.01
dna,100000,0.42933052591979504,0.4884225600399077,0.3956588809378445,0,0.0,8.593893329750821e-09,1198133,0.07043983766818754,95.85059,1000000,0.01
dna,100000,0.42924216482788324,0.48962992522865534,0.3960531339980662,0,0.0,8.593893329750821e-09,1198133,0.07043983766818754,95.85059,1000000,0.01
dna,100000,0.42875557113438845,0.4915131740272045,0.39641990792006254,0,0.0,8.593893329750821e-09,1198133,0.07043983766818754,95.85059,1000000,0.01
dna,100000,0.4296380211599171,0.4871099442243576,0.39574089692905545,0,0.0,8.593893329750821e-09,1198133,0.07043983766818754,95.85059,1000000,0.01
dna,100000,0.42958504520356655,0.49006761284545064,0.3961060559377074,0,0.0,8.593893329750821e-09,1198133,0.07043983766818754,95.85059,1000000,0.01
dna,1000,0.0043940297327935696,0.004840217065066099,0.003915122244507074,0,0.0,8.644858932382111e-25,2396265,0.0003650473286104618,19170.117,2000000,0.01
dna,1000,0.004320972599089146,0.0048461309634149075,0.0039034909568727016,0,0.0,8.644858932382111e-25,2396265,0.0003650473286104618,19170.117,2000000,0.01
dna,1000,0.0043180896900594234,0.0048661138862371445,0.0039052478969097137,0,0.0,8.644858932382111e-25,2396265,0.0003650473286104618,19170.117,2000000,0.01
dna,1000,0.004313349258154631,0.004845432937145233,0.003891685977578163,0,0.0,8.644858932382111e-25,2396265,0.0003650473286104618,19170.117,2000000,0.01
dna,1000,0.004351656883955002,0.004860514309257269,0.0039052609354257584,0,0.0,8.644858932382111e-25,2396265,0.0003650473286104618,19170.117,2000000,0.01
dna,1000,0.00432588392868638,0.004867294803261757,0.0039001619443297386,0,0.0,8.644858932382111e-25,2396265,0.0003650473286104618,19170.117,2000000,0.01
dna,1000,0.004320558160543442,0.0048473128117620945,0.003886469639837742,0,0.0,8.644858932382111e-25,2396265,0.0003650473286104618,19170.117,2000000,0.01
dna,1000,0.00431444589048624,0.004970113281160593,0.003908851183950901,0,0.0,8.644858932382111e-25,2396265,0.0003650473286104618,19170.117,2000000,0.01
dna,1000,0.004330347292125225,0.004861944355070591,0.003927191719412804,0,0.0,8.644858932382111e-25,2396265,0.0003650473286104618,19170.117,2000000,0.01
dna,1000,0.004341241903603077,0.004879302810877562,0.003915081731975079,0,0.0,8.644858932382111e-25,2396265,0.0003650473286104618,19170.117,2000000,0.01
dna,5000,0.022987037897109985,0.024494238663464785,0.019555852748453617,0,0.0,6.719364175956496e-20,2396265,0.0018241933526018646,3834.0234,2000000,0.01
dna,5000,0.02208411507308483,0.024375020992010832,0.01953419391065836,0,0.0,6.719364175956496e-20,2396265,0.0018241933526018646,3834.0234,2000000,0.01
dna,5000,0.02150183916091919,0.024507469963282347,0.019526734948158264,0,0.0,6.719364175956496e-20,2396265,0.0018241933526018646,3834.0234,2000000,0.01
dna,5000,0.021524074021726847,0.02445002691820264,0.019509514793753624,0,0.0,6.719364175956496e-20,2396265,0.0018241933526018646,3834.0234,2000000,0.01
dna,5000,0.021520975045859814,0.024597355630248785,0.019588537979871035,0,0.0,6.719364175956496e-20,2396265,0.0018241933526018646,3834.0234,2000000,0.01
dna,5000,0.021484114229679108,0.024428587406873703,0.019465638790279627,0,0.0,6.719364175956496e-20,2396265,0.0018241933526018646,3834.0234,2000000,0.01
dna,5000,0.021522271912544966,0.02452693972736597,0.019523856230080128,0,0.0,6.719364175956496e-20,2396265,0.0018241933526018646,3834.0234,2000000,0.01
dna,5000,0.021517708897590637,0.02445286698639393,0.019627633970230818,0,0.0,6.719364175956496e-20,2396265,0.0018241933526018646,3834.0234,2000000,0.01
dna,5000,0.021430023945868015,0.024374067317694426,0.019458172842860222,0,0.0,6.719364175956496e-20,2396265,0.0018241933526018646,3834.0234,2000000,0.01
dna,5000,0.021918760146945715,0.025094913318753242,0.019606078043580055,0,0.0,6.719364175956496e-20,2396265,0.0018241933526018646,3834.0234,2000000,0.01
dna,10000,0.04304791381582618,0.04897545604035258,0.03904109913855791,0,0.0,8.546025952573052e-18,2396265,0.0036449960112397853,1917.0117,2000000,0.01
dna,10000,0.04298206511884928,0.049075258895754814,0.039162866305559874,0,0.0,8.546025952573052e-18,2396265,0.0036449960112397853,1917.0117,2000000,0.01
dna,10000,0.04330000188201666,0.049104020930826664,0.03901444794610143,0,0.0,8.546025952573052e-18,2396265,0.0036449960112397853,1917.0117,2000000,0.01
dna,10000,0.04389782063663006,0.04993081605061889,0.039371626917272806,0,0.0,8.546025952573052e-18,2396265,0.0036449960112397853,1917.0117,2000000,0.01
dna,10000,0.043910310603678226,0.04979766719043255,0.03932537417858839,0,0.0,8.546025952573052e-18,2396265,0.0036449960112397853,1917.0117,2000000,0.01
dna,10000,0.04403216391801834,0.050167116802185774,0.03931264067068696,0,0.0,8.546025952573052e-18,2396265,0.0036449960112397853,1917.0117,2000000,0.01
dna,10000,0.04402487864717841,0.05031753797084093,0.03946046810597181,0,0.0,8.546025952573052e-18,2396265,0.0036449960112397853,1917.0117,2000000,0.01
dna,10000,0.04378863889724016,0.04991253279149532,0.03926672274246812,0,0.0,8.546025952573052e-18,2396265,0.0036449960112397853,1917.0117,2000000,0.01
dna,10000,0.04349107900634408,0.04968545585870743,0.03918640501797199,0,0.0,8.546025952573052e-18,2396265,0.0036449960112397853,1917.0117,2000000,0.01
dna,10000,0.04381442768499255,0.0498053771443665,0.039281966630369425,0,0.0,8.546025952573052e-18,2396265,0.0036449960112397853,1917.0117,2000000,0.01
dna,25000,0.10923243127763271,0.12471305998042226,0.09846572624519467,0,0.0,5.1171424763103284e-15,2396265,0.009087268481459972,766.80468,2000000,0.01
dna,25000,0.11042155278846622,0.12587330071255565,0.0993973407894373,0,0.0,5.1171424763103284e-15,2396265,0.009087268481459972,766.80468,2000000,0.01
dna,25000,0.10960695007815957,0.12692746799439192,0.10038451803848147,0,0.0,5.1171424763103284e-15,2396265,0.009087268481459972,766.80468,2000000,0.01
dna,25000,0.11096407286822796,0.12501223105937243,0.09910713601857424,0,0.0,5.1171424763103284e-15,2396265,0.009087268481459972,766.80468,2000000,0.01
dna,25000,0.10940497322008014,0.1253070500679314,0.09854542277753353,0,0.0,5.1171424763103284e-15,2396265,0.009087268481459972,766.80468,2000000,0.01
dna,25000,0.1090385727584362,0.1245681382715702,0.09895661007612944,0,0.0,5.1171424763103284e-15,2396265,0.009087268481459972,766.80468,2000000,0.01
dna,25000,0.11055041616782546,0.12496085092425346,0.0987516799941659,0,0.0,5.1171424763103284e-15,2396265,0.009087268481459972,766.80468,2000000,0.01
dna,25000,0.1112376949749887,0.12536974903196096,0.098655816167593,0,0.0,5.1171424763103284e-15,2396265,0.009087268481459972,766.80468,2000000,0.01
dna,25000,0.1090987897478044,0.12428213190287352,0.09836405282840133,0,0.0,5.1171424763103284e-15,2396265,0.009087268481459972,766.80468,2000000,0.01
dna,25000,0.10912161925807595,0.12644960405305028,0.09964114567264915,0,0.0,5.1171424763103284e-15,2396265,0.009087268481459972,766.80468,2000000,0.01
dna,50000,0.22177197504788637,0.25246955594047904,0.1990758809261024,0,0.0,6.344437208236436e-13,2396265,0.018093994940145644,383.40234,2000000,0.01
dna,50000,0.2202307991683483,0.25582634937018156,0.1982034668326378,0,0.0,6.344437208236436e-13,2396265,0.018093994940145644,383.40234,2000000,0.01
dna,50000,0.22413313295692205,0.249348065815866,0.19761869683861732,0,0.0,6.344437208236436e-13,2396265,0.018093994940145644,383.40234,2000000,0.01
dna,50000,0.2179343020543456,0.24910657899454236,0.19785731192678213,0,0.0,6.344437208236436e-13,2396265,0.018093994940145644,383.40234,2000000,0.01
dna,50000,0.2204309650696814,0.25002603186294436,0.19890799326822162,0,0.0,6.344437208236436e-13,2396265,0.018093994940145644,383.40234,2000000,0.01
dna,50000,0.21895256591960788,0.24814490089192986,0.19833746692165732,0,0.0,6.344437208236436e-13,2396265,0.018093994940145644,383.40234,2000000,0.01
dna,50000,0.21902073780074716,0.2480258783325553,0.1978851482272148,0,0.0,6.344437208236436e-13,2396265,0.018093994940145644,383.40234,2000000,0.01
dna,50000,0.21892374102026224,0.2485327087342739,0.19817394902929664,0,0.0,6.344437208236436e-13,2396265,0.018093994940145644,383.40234,2000000,0.01
dna,50000,0.21891510812565684,0.24893495487049222,0.19859636528417468,0,0.0,6.344437208236436e-13,2396265,0.018093994940145644,383.40234,2000000,0.01
dna,50000,0.2192542990669608,0.24887662194669247,0.19879598915576935,0,0.0,6.344437208236436e-13,2396265,0.018093994940145644,383.40234,2000000,0.01
dna,100000,0.43852261919528246,0.4978361581452191,0.3980287560261786,0,0.0,7.620398039383581e-11,2396265,0.035859353388401335,191.70117,2000000,0.01
dna,100000,0.4386702748015523,0.4974199868738651,0.39823062578216195,0,0.0,7.620398039383581e-11,2396265,0.035859353388401335,191.70117,2000000,0.01
dna,100000,0.44204357685521245,0.505351260304451,0.3982770163565874,0,0.0,7.620398039383581e-11,2396265,0.035859353388401335,191.70117,2000000,0.01
dna,100000,0.4378375867381692,0.4932519714348018,0.3973606890067458,0,0.0,7.620398039383581e-11,2396265,0.035859353388401335,191.70117,2000000,0.01
dna,100000,0.4439009679481387,0.5039986376650631,0.39970658300444484,0,0.0,7.620398039383581e-11,2396265,0.035859353388401335,191.70117,2000000,0.01
dna,100000,0.45377575885504484,0.49895234405994415,0.3966145981103182,0,0.0,7.620398039383581e-11,2396265,0.035859353388401335,191.70117,2000000,0.01
dna,100000,0.4384238990023732,0.49535084422677755,0.3954628589563072,0,0.0,7.620398039383581e-11,2396265,0.035859353388401335,191.70117,2000000,0.01
dna,100000,0.4372093379497528,0.4947044006548822,0.39641744922846556,0,0.0,7.620398039383581e-11,2396265,0.035859353388401335,191.70117,2000000,0.01
dna,100000,0.4368998999707401,0.4951670472510159,0.39703099988400936,0,0.0,7.620398039383581e-11,2396265,0.035859353388401335,191.70117,2000000,0.01
dna,100000,0.43745924811810255,0.49596523912623525,0.39617872005328536,0,0.0,7.620398039383581e-11,2396265,0.035859353388401335,191.70117,2000000,0.01
