dataset,n_inserted,insert_time_sec,present_search_time_sec,absent_search_time_sec,false_negatives,observed_false_positive_rate,theoretical_false_positive_rate,memory_bytes,fill_ratio,bits_per_item,expected_items,desired_false_positive_rate
random,1000,0.006771399988792837,0.005097999994177371,0.005337900016456842,0,0.0,1.0800114320987647e-15,119814,0.007276949753053189,958.506,100000,0.01
random,1000,0.008795099973212928,0.006025600014254451,0.0070528999785892665,0,0.0,1.0800114320987647e-15,119814,0.007276949753053189,958.506,100000,0.01
random,1000,0.00624640000751242,0.007112900028005242,0.006457099982071668,0,0.0,1.0800114320987647e-15,119814,0.007276949753053189,958.506,100000,0.01
random,1000,0.01191659999312833,0.018902899988461286,0.00649240001803264,0,0.0,1.0800114320987647e-15,119814,0.007276949753053189,958.506,100000,0.01
random,1000,0.004624399996828288,0.00820359995122999,0.0064285999978892505,0,0.0,1.0800114320987647e-15,119814,0.007276949753053189,958.506,100000,0.01
random,1000,0.005201500025577843,0.02022820001002401,0.014596500026527792,0,0.0,1.0800114320987647e-15,119814,0.007276949753053189,958.506,100000,0.01
random,1000,0.015087699983268976,0.005855499999597669,0.007652400003280491,0,0.0,1.0800114320987647e-15,119814,0.007276949753053189,958.506,100000,0.01
random,1000,0.006832299986854196,0.006946899986360222,0.004085500026121736,0,0.0,1.0800114320987647e-15,119814,0.007276949753053189,958.506,100000,0.01
random,1000,0.009198100015055388,0.00512050004908815,0.004170299973338842,0,0.0,1.0800114320987647e-15,119814,0.007276949753053189,958.506,100000,0.01
random,1000,0.007944399956613779,0.00840960000641644,0.007373499975074083,0,0.0,1.0800114320987647e-15,119814,0.007276949753053189,958.506,100000,0.01
random,5000,0.04547010001260787,0.05838859995128587,0.028368600003886968,0,0.0,7.620389843068936e-11,119814,0.03583493478392415,191.7012,100000,0.01
random,5000,0.0272792000323534,0.036675200040917844,0.02981310000177473,0,0.0,7.620389843068936e-11,119814,0.03583493478392415,191.7012,100000,0.01
random,5000,0.024730600009206682,0.031198900018353015,0.024936200003139675,0,0.0,7.620389843068936e-11,119814,0.03583493478392415,191.7012,100000,0.01
random,5000,0.03527420002501458,0.03269320004619658,0.02631779998773709,0,0.0,7.620389843068936e-11,119814,0.03583493478392415,191.7012,100000,0.01
random,5000,0.032520300010219216,0.037980299966875464,0.027262300020083785,0,0.0,7.620389843068936e-11,119814,0.03583493478392415,191.7012,100000,0.01
random,5000,0.02493369998410344,0.029951400007121265,0.03595569997560233,0,0.0,7.620389843068936e-11,119814,0.03583493478392415,191.7012,100000,0.01
random,5000,0.027302400034386665,0.04390629997942597,0.030948200030252337,0,0.0,7.620389843068936e-11,119814,0.03583493478392415,191.7012,100000,0.01
random,5000,0.04470880003646016,0.050243599980603904,0.028433000028599054,0,0.0,7.620389843068936e-11,119814,0.03583493478392415,191.7012,100000,0.01
random,5000,0.02733710000757128,0.03536249999888241,0.02992709999671206,0,0.0,7.620389843068936e-11,119814,0.03583493478392415,191.7012,100000,0.01
random,5000,0.03923739999299869,0.0477192000253126,0.0327149000368081,0,0.0,7.620389843068936e-11,119814,0.03583493478392415,191.7012,100000,0.01
random,10000,0.0821723000262864,0.0675887999823317,0.0614452000008896,0,0.0,8.593887279990108e-09,119814,0.07040331515921654,95.8506,100000,0.01
random,10000,0.09035459998995066,0.07897179998690262,0.09455350000644103,0,0.0,8.593887279990108e-09,119814,0.07040331515921654,95.8506,100000,0.01
random,10000,0.10009249998256564,0.076239500020165,0.05289440002525225,0,0.0,8.593887279990108e-09,119814,0.07040331515921654,95.8506,100000,0.01
random,10000,0.06540900003165007,0.09063109999988228,0.0511512000230141,0,0.0,8.593887279990108e-09,119814,0.07040331515921654,95.8506,100000,0.01
random,10000,0.05606089998036623,0.06393659999594092,0.048035999992862344,0,0.0,8.593887279990108e-09,119814,0.07040331515921654,95.8506,100000,0.01
random,10000,0.10375800001202151,0.07385470002191141,0.0487857999978587,0,0.0,8.593887279990108e-09,119814,0.07040331515921654,95.8506,100000,0.01
random,10000,0.05928749998565763,0.06839740002760664,0.053828999982215464,0,0.0,8.593887279990108e-09,119814,0.07040331515921654,95.8506,100000,0.01
random,10000,0.05776960001094267,0.08531960000982508,0.06705620000138879,0,0.0,8.593887279990108e-09,119814,0.07040331515921654,95.8506,100000,0.01
random,10000,0.06470590003300458,0.07288500003051013,0.05728329997509718,0,0.0,8.593887279990108e-09,119814,0.07040331515921654,95.8506,100000,0.01
random,10000,0.052812499983701855,0.08841799997026101,0.0763619999634102,0,0.0,8.593887279990108e-09,119814,0.07040331515921654,95.8506,100000,0.01
random,25000,0.18494080001255497,0.14866549998987466,0.15138509997632354,0,0.0,3.6041501959913267e-06,119814,0.16682837666117897,38.34024,100000,0.01
random,25000,0.18874310003593564,0.17256159998942167,0.1336822000448592,0,0.0,3.6041501959913267e-06,119814,0.16682837666117897,38.34024,100000,0.01
random,25000,0.1763539999956265,0.1573474999750033,0.15641420002793893,0,0.0,3.6041501959913267e-06,119814,0.16682837666117897,38.34024,100000,0.01
random,25000,0.16816300002392381,0.16282510000746697,0.12781779997749254,0,0.0,3.6041501959913267e-06,119814,0.16682837666117897,38.34024,100000,0.01
random,25000,0.1463878999929875,0.16795780003303662,0.12369769997894764,0,0.0,3.6041501959913267e-06,119814,0.16682837666117897,38.34024,100000,0.01
random,25000,0.1407797000138089,0.16424690000712872,0.12939090002328157,0,0.0,3.6041501959913267e-06,119814,0.16682837666117897,38.34024,100000,0.01
random,25000,0.13436149997869506,0.16456509998533875,0.12764070002594963,0,0.0,3.6041501959913267e-06,119814,0.16682837666117897,38.34024,100000,0.01
random,25000,0.12780040001962334,0.15146760002244264,0.12625740002840757,0,0.0,3.6041501959913267e-06,119814,0.16682837666117897,38.34024,100000,0.01
random,25000,0.1267187999910675,0.15601039998000488,0.1321241999976337,0,0.0,3.6041501959913267e-06,119814,0.16682837666117897,38.34024,100000,0.01
random,25000,0.14083230000687763,0.15458969998871908,0.12783349998062477,0,0.0,3.6041501959913267e-06,119814,0.16682837666117897,38.34024,100000,0.01
random,50000,0.2926083999918774,0.34585290000541136,0.23733909998554736,0,0.00022,0.00025069266290340725,119814,0.30575499788212074,19.17012,100000,0.01
random,50000,0.24789409997174516,0.3704404000309296,0.36904570000479,0,0.00022,0.00025069266290340725,119814,0.30575499788212074,19.17012,100000,0.01
random,50000,0.2770533000002615,0.3670720999944024,0.3368092000018805,0,0.00022,0.00025069266290340725,119814,0.30575499788212074,19.17012,100000,0.01
random,50000,0.3615657000336796,0.3185063999844715,0.3001106000156142,0,0.00022,0.00025069266290340725,119814,0.30575499788212074,19.17012,100000,0.01
random,50000,0.2546518000308424,0.3327627999824472,0.30373840004904196,0,0.00022,0.00025069266290340725,119814,0.30575499788212074,19.17012,100000,0.01
random,50000,0.27971219999017194,0.31162699998822063,0.24445190001279116,0,0.00022,0.00025069266290340725,119814,0.30575499788212074,19.17012,100000,0.01
random,50000,0.26221760001499206,0.2925423000124283,0.23940980003681034,0,0.00022,0.00025069266290340725,119814,0.30575499788212074,19.17012,100000,0.01
random,50000,0.2635991999995895,0.2795202999841422,0.22001839999575168,0,0.00022,0.00025069266290340725,119814,0.30575499788212074,19.17012,100000,0.01
random,50000,0.2363426999654621,0.27600089996121824,0.22208320000208914,0,0.00022,0.00025069266290340725,119814,0.30575499788212074,19.17012,100000,0.01
random,50000,0.24436729995068163,0.2832990000024438,0.22490769997239113,0,0.00022,0.00025069266290340725,119814,0.30575499788212074,19.17012,100000,0.01
random,100000,0.47935330000473186,0.6021630999748595,0.48364150000270456,0,0.01,0.010039209581758123,119814,0.5179508526811517,9.58506,100000,0.01
random,100000,0.5457129999995232,0.5974009999772534,0.5282942999619991,0,0.01,0.010039209581758123,119814,0.5179508526811517,9.58506,100000,0.01
random,100000,0.4983611000352539,0.5644592000171542,0.5031157999765128,0,0.01,0.010039209581758123,119814,0.5179508526811517,9.58506,100000,0.01
random,100000,0.4906627999735065,0.5461063000257127,0.47167260001879185,0,0.01,0.010039209581758123,119814,0.5179508526811517,9.58506,100000,0.01
random,100000,0.4744310000096448,0.5493644999805838,0.464028199960012,0,0.01,0.010039209581758123,119814,0.5179508526811517,9.58506,100000,0.01
random,100000,0.5108093000017107,0.5384901000070386,0.46601079998072237,0,0.01,0.010039209581758123,119814,0.5179508526811517,9.58506,100000,0.01
random,100000,0.48837360000470653,0.5609905999735929,0.507752499950584,0,0.01,0.010039209581758123,119814,0.5179508526811517,9.58506,100000,0.01
random,100000,0.5663338000304066,0.5490021000150591,0.4947006000438705,0,0.01,0.010039209581758123,119814,0.5179508526811517,9.58506,100000,0.01
random,100000,0.5629428999964148,0.5468338000355288,0.5250997000257485,0,0.01,0.010039209581758123,119814,0.5179508526811517,9.58506,100000,0.01
random,100000,0.5280660000280477,0.6076205000281334,0.46765020000748336,0,0.01,0.010039209581758123,119814,0.5179508526811517,9.58506,100000,0.01
random,1000,0.004873499972745776,0.005334599991329014,0.004099400015547872,0,0.0,2.276537093556303e-16,149767,0.0058332422193529436,1198.133,125000,0.01
random,1000,0.005428500007838011,0.007151799974963069,0.004111299989745021,0,0.0,2.276537093556303e-16,149767,0.0058332422193529436,1198.133,125000,0.01
random,1000,0.005136899999342859,0.005508100031875074,0.004261299967765808,0,0.0,2.276537093556303e-16,149767,0.0058332422193529436,1198.133,125000,0.01
random,1000,0.004639599996153265,0.006807200028561056,0.00408619997324422,0,0.0,2.276537093556303e-16,149767,0.0058332422193529436,1198.133,125000,0.01
random,1000,0.00695760000962764,0.005093100015074015,0.004068100010044873,0,0.0,2.276537093556303e-16,149767,0.0058332422193529436,1198.133,125000,0.01
random,1000,0.0063572999788448215,0.005077699956018478,0.004261799971573055,0,0.0,2.276537093556303e-16,149767,0.0058332422193529436,1198.133,125000,0.01
random,1000,0.004604100016877055,0.00515020004240796,0.005510999995749444,0,0.0,2.276537093556303e-16,149767,0.0058332422193529436,1198.133,125000,0.01
random,1000,0.004559999972116202,0.007969900034368038,0.005402399983722717,0,0.0,2.276537093556303e-16,149767,0.0058332422193529436,1198.133,125000,0.01
random,1000,0.004917800019029528,0.005522999970708042,0.004967399989254773,0,0.0,2.276537093556303e-16,149767,0.0058332422193529436,1198.133,125000,0.01
random,1000,0.0049106000224128366,0.008020600012969226,0.004677899996750057,0,0.0,2.276537093556303e-16,149767,0.0058332422193529436,1198.133,125000,0.01
random,5000,0.02585829998133704,0.026879900018684566,0.024467700044624507,0,0.0,1.6392525947628034e-11,149767,0.028770595584964274,239.6266,125000,0.01
random,5000,0.02597090002382174,0.030592700000852346,0.02370249998057261,0,0.0,1.6392525947628034e-11,149767,0.028770595584964274,239.6266,125000,0.01
random,5000,0.023564599978271872,0.02932239999063313,0.023864999995566905,0,0.0,1.6392525947628034e-11,149767,0.028770595584964274,239.6266,125000,0.01
random,5000,0.02579179999884218,0.026515499979723245,0.027531399973668158,0,0.0,1.6392525947628034e-11,149767,0.028770595584964274,239.6266,125000,0.01
random,5000,0.026963100011926144,0.030677500006277114,0.022545899963006377,0,0.0,1.6392525947628034e-11,149767,0.028770595584964274,239.6266,125000,0.01
random,5000,0.02865290001500398,0.030483699985779822,0.022927500016521662,0,0.0,1.6392525947628034e-11,149767,0.028770595584964274,239.6266,125000,0.01
random,5000,0.027164799976162612,0.029742499988060445,0.02387579996138811,0,0.0,1.6392525947628034e-11,149767,0.028770595584964274,239.6266,125000,0.01
random,5000,0.028507900016847998,0.027019599976483732,0.023198299983050674,0,0.0,1.6392525947628034e-11,149767,0.028770595584964274,239.6266,125000,0.01
random,5000,0.02315889997407794,0.027881200017873198,0.02094529999885708,0,0.0,1.6392525947628034e-11,149767,0.028770595584964274,239.6266,125000,0.01
random,5000,0.02523889997974038,0.02893709996715188,0.0230714000063017,0,0.0,1.6392525947628034e-11,149767,0.028770595584964274,239.6266,125000,0.01
random,10000,0.04647900001145899,0.05256569996709004,0.045730400015600026,0,0.0,1.8957314020525276e-09,149767,0.05672909434929177,119.8133,125000,0.01
random,10000,0.05909329996211454,0.05585050000809133,0.04320049996022135,0,0.0,1.8957314020525276e-09,149767,0.05672909434929177,119.8133,125000,0.01
random,10000,0.046998600009828806,0.055142999975942075,0.06691170000704005,0,0.0,1.8957314020525276e-09,149767,0.05672909434929177,119.8133,125000,0.01
random,10000,0.04737100005149841,0.05429200001526624,0.043232399970293045,0,0.0,1.8957314020525276e-09,149767,0.05672909434929177,119.8133,125000,0.01
random,10000,0.04853050003293902,0.05386410001665354,0.04236760002095252,0,0.0,1.8957314020525276e-09,149767,0.05672909434929177,119.8133,125000,0.01
random,10000,0.04940059996442869,0.05854820000240579,0.041888499981723726,0,0.0,1.8957314020525276e-09,149767,0.05672909434929177,119.8133,125000,0.01
random,10000,0.049260799947660416,0.05453060002764687,0.04444929998135194,0,0.0,1.8957314020525276e-09,149767,0.05672909434929177,119.8133,125000,0.01
random,10000,0.047396200010553,0.05434580001747236,0.041905200050678104,0,0.0,1.8957314020525276e-09,149767,0.05672909434929177,119.8133,125000,0.01
random,10000,0.046720299986191094,0.0525583999697119,0.04503029998159036,0,0.0,1.8957314020525276e-09,149767,0.05672909434929177,119.8133,125000,0.01
random,10000,0.0502070999937132,0.05465900001581758,0.04205099999671802,0,0.0,1.8957314020525276e-09,149767,0.05672909434929177,119.8133,125000,0.01
random,25000,0.12065230001462623,0.1307910000323318,0.11888269998598844,0,0.0,8.558869606662519e-07,149767,0.1359498486395083,47.92532,125000,0.01
random,25000,0.12161139998352155,0.1344501000130549,0.11213479994330555,0,0.0,8.558869606662519e-07,149767,0.1359498486395083,47.92532,125000,0.01
random,25000,0.12184370000613853,0.1341759999631904,0.14012380002532154,0,0.0,8.558869606662519e-07,149767,0.1359498486395083,47.92532,125000,0.01
random,25000,0.12072000000625849,0.13554580003255978,0.1143570999847725,0,0.0,8.558869606662519e-07,149767,0.1359498486395083,47.92532,125000,0.01
random,25000,0.12635610002325848,0.13670099998125806,0.10962509998353198,0,0.0,8.558869606662519e-07,149767,0.1359498486395083,47.92532,125000,0.01
random,25000,0.11879780003800988,0.13719599996693432,0.11020840000128374,0,0.0,8.558869606662519e-07,149767,0.1359498486395083,47.92532,125000,0.01
random,25000,0.1217785999760963,0.13628330000210553,0.10992519999854267,0,0.0,8.558869606662519e-07,149767,0.1359498486395083,47.92532,125000,0.01
random,25000,0.11928400001488626,0.1445275000296533,0.10979409998981282,0,0.0,8.558869606662519e-07,149767,0.1359498486395083,47.92532,125000,0.01
random,25000,0.13915020000422373,0.13608770002610981,0.11442540003918111,0,0.0,8.558869606662519e-07,149767,0.1359498486395083,47.92532,125000,0.01
random,25000,0.11848989996360615,0.1660474999807775,0.12709429999813437,0,0.0,8.558869606662519e-07,149767,0.1359498486395083,47.92532,125000,0.01
random,50000,0.2376496999640949,0.26806590001797304,0.22175939998123795,0,8e-05,6.694368083188371e-05,149767,0.25323816304199953,23.96266,125000,0.01
random,50000,0.25195930001791567,0.26937630004249513,0.22246889997040853,0,8e-05,6.694368083188371e-05,149767,0.25323816304199953,23.96266,125000,0.01
random,50000,0.24454009998589754,0.283893599989824,0.22799849999137223,0,8e-05,6.694368083188371e-05,149767,0.25323816304199953,23.96266,125000,0.01
random,50000,0.2679764999775216,0.2834415000397712,0.2423288999707438,0,8e-05,6.694368083188371e-05,149767,0.25323816304199953,23.96266,125000,0.01
random,50000,0.2848052000044845,0.3099469000007957,0.25546610000310466,0,8e-05,6.694368083188371e-05,149767,0.25323816304199953,23.96266,125000,0.01
random,50000,0.297664999961853,0.3038286999799311,0.2423240000498481,0,8e-05,6.694368083188371e-05,149767,0.25323816304199953,23.96266,125000,0.01
random,50000,0.2789212999632582,0.29534299997612834,0.25477499997941777,0,8e-05,6.694368083188371e-05,149767,0.25323816304199953,23.96266,125000,0.01
random,50000,0.25349049997748807,0.2788042000029236,0.22476499999174848,0,8e-05,6.694368083188371e-05,149767,0.25323816304199953,23.96266,125000,0.01
random,50000,0.25016739999409765,0.3115995000116527,0.2547939000069164,0,8e-05,6.694368083188371e-05,149767,0.25323816304199953,23.96266,125000,0.01
random,50000,0.26891089999116957,0.2726624999777414,0.22072909999405965,0,8e-05,6.694368083188371e-05,149767,0.25323816304199953,23.96266,125000,0.01
random,100000,0.5349401000421494,0.6324783000163734,0.7364963000291027,0,0.00326,0.0033204706885829435,149767,0.4422605837582305,11.98133,125000,0.01
random,100000,0.6949345000321046,0.6722588000120595,0.6260835999855772,0,0.00326,0.0033204706885829435,149767,0.4422605837582305,11.98133,125000,0.01
random,100000,0.6081201999913901,0.6694038000423461,0.6020810999907553,0,0.00326,0.0033204706885829435,149767,0.4422605837582305,11.98133,125000,0.01
random,100000,0.590575699985493,0.6663702999940142,0.6096782000386156,0,0.00326,0.0033204706885829435,149767,0.4422605837582305,11.98133,125000,0.01
random,100000,0.6134419000009075,0.6411230999510735,0.5783825000398792,0,0.00326,0.0033204706885829435,149767,0.4422605837582305,11.98133,125000,0.01
random,100000,0.5789622000302188,0.622704099980183,0.5623054999741726,0,0.00326,0.0033204706885829435,149767,0.4422605837582305,11.98133,125000,0.01
random,100000,0.7022574000293389,0.6809700999874622,0.6202666999888606,0,0.00326,0.0033204706885829435,149767,0.4422605837582305,11.98133,125000,0.01
random,100000,0.6275151000008918,0.7040864999871701,0.6454416000051424,0,0.00326,0.0033204706885829435,149767,0.4422605837582305,11.98133,125000,0.01
random,100000,0.65864750003675,0.7766305999830365,0.5862704000319354,0,0.00326,0.0033204706885829435,149767,0.4422605837582305,11.98133,125000,0.01
random,100000,0.6567395000020042,0.6812951000174507,0.507409599958919,0,0.00326,0.0033204706885829435,149767,0.4422605837582305,11.98133,125000,0.01
random,1000,0.004897999984677881,0.005081299983430654,0.004483000026084483,0,0.0,6.375086231590716e-17,179720,0.00485199536222691,1437.759,150000,0.01
random,1000,0.0056653000065125525,0.005320800002664328,0.00407439999980852,0,0.0,6.375086231590716e-17,179720,0.00485199536222691,1437.759,150000,0.01
random,1000,0.004908000002615154,0.005268800014164299,0.004199399962089956,0,0.0,6.375086231590716e-17,179720,0.00485199536222691,1437.759,150000,0.01
random,1000,0.0051438999944366515,0.005048600025475025,0.004295399994589388,0,0.0,6.375086231590716e-17,179720,0.00485199536222691,1437.759,150000,0.01
random,1000,0.004509199992753565,0.005255599971860647,0.005055699963122606,0,0.0,6.375086231590716e-17,179720,0.00485199536222691,1437.759,150000,0.01
random,1000,0.004819299967493862,0.006135000032372773,0.004120700003113598,0,0.0,6.375086231590716e-17,179720,0.00485199536222691,1437.759,150000,0.01
random,1000,0.004638299986254424,0.0051435999921523035,0.005279099976178259,0,0.0,6.375086231590716e-17,179720,0.00485199536222691,1437.759,150000,0.01
random,1000,0.004636799974832684,0.005411199992522597,0.00411160005023703,0,0.0,6.375086231590716e-17,179720,0.00485199536222691,1437.759,150000,0.01
random,1000,0.0046440999722108245,0.0050394999561831355,0.004408900043927133,0,0.0,6.375086231590716e-17,179720,0.00485199536222691,1437.759,150000,0.01
random,1000,0.004971400019712746,0.005296400049701333,0.004072999989148229,0,0.0,6.375086231590716e-17,179720,0.00485199536222691,1437.759,150000,0.01
random,5000,0.023525199969299138,0.026965599972754717,0.025405399966984987,0,0.0,4.653138022104431e-12,179720,0.02402836636738146,287.5518,150000,0.01
random,5000,0.027160400000866503,0.032507400028407574,0.027601799985859543,0,0.0,4.653138022104431e-12,179720,0.02402836636738146,287.5518,150000,0.01
random,5000,0.027859599969815463,0.029001599992625415,0.02251920005073771,0,0.0,4.653138022104431e-12,179720,0.02402836636738146,287.5518,150000,0.01
random,5000,0.024399799993261695,0.027932899945881218,0.021140399971045554,0,0.0,4.653138022104431e-12,179720,0.02402836636738146,287.5518,150000,0.01
random,5000,0.023662300023715943,0.02614580001682043,0.022128799988422543,0,0.0,4.653138022104431e-12,179720,0.02402836636738146,287.5518,150000,0.01
random,5000,0.0275518000125885,0.028060499986167997,0.020931100007146597,0,0.0,4.653138022104431e-12,179720,0.02402836636738146,287.5518,150000,0.01
random,5000,0.023065400018822402,0.02671629999531433,0.021036399994045496,0,0.0,4.653138022104431e-12,179720,0.02402836636738146,287.5518,150000,0.01
random,5000,0.023738899966701865,0.029556200024671853,0.022110799967776984,0,0.0,4.653138022104431e-12,179720,0.02402836636738146,287.5518,150000,0.01
random,5000,0.023945400025695562,0.026021099998615682,0.02120169997215271,0,0.0,4.653138022104431e-12,179720,0.02402836636738146,287.5518,150000,0.01
random,5000,0.02360770001541823,0.029779900040011853,0.021217599976807833,0,0.0,4.653138022104431e-12,179720,0.02402836636738146,287.5518,150000,0.01
random,10000,0.052360499976202846,0.058312299952376634,0.05161470000166446,0,0.0,5.472406080344295e-10,179720,0.04746901253965372,143.7759,150000,0.01
random,10000,0.05243199999677017,0.056662000017240644,0.04573549999622628,0,0.0,5.472406080344295e-10,179720,0.04746901253965372,143.7759,150000,0.01
random,10000,0.05248229997232556,0.06018139998195693,0.04800129996147007,0,0.0,5.472406080344295e-10,179720,0.04746901253965372,143.7759,150000,0.01
random,10000,0.056285500002559274,0.05902829999104142,0.04558939998969436,0,0.0,5.472406080344295e-10,179720,0.04746901253965372,143.7759,150000,0.01
random,10000,0.053225899988319725,0.0578580999863334,0.04349060001550242,0,0.0,5.472406080344295e-10,179720,0.04746901253965372,143.7759,150000,0.01
random,10000,0.05429790000198409,0.08496620005462319,0.06824170000618324,0,0.0,5.472406080344295e-10,179720,0.04746901253965372,143.7759,150000,0.01
random,10000,0.08440729998983443,0.07357509998837486,0.051032999996095896,0,0.0,5.472406080344295e-10,179720,0.04746901253965372,143.7759,150000,0.01
random,10000,0.05196710000745952,0.06072200002381578,0.05055079999146983,0,0.0,5.472406080344295e-10,179720,0.04746901253965372,143.7759,150000,0.01
random,10000,0.05369610001798719,0.06110320001607761,0.0492517999955453,0,0.0,5.472406080344295e-10,179720,0.04746901253965372,143.7759,150000,0.01
random,10000,0.053686600003857166,0.0585665000253357,0.0439456999883987,0,0.0,5.472406080344295e-10,179720,0.04746901253965372,143.7759,150000,0.01
random,25000,0.13439150003250688,0.1428105999948457,0.11158720002276823,0,0.0,2.596128472004376e-07,179720,0.11453379877990678,57.51036,150000,0.01
random,25000,0.12781460001133382,0.14032539998879656,0.1192833999521099,0,0.0,2.596128472004376e-07,179720,0.11453379877990678,57.51036,150000,0.01
random,25000,0.15342320001218468,0.17973410000558943,0.1297789000091143,0,0.0,2.596128472004376e-07,179720,0.11453379877990678,57.51036,150000,0.01
random,25000,0.13998279999941587,0.15883999998914078,0.12616370001342148,0,0.0,2.596128472004376e-07,179720,0.11453379877990678,57.51036,150000,0.01
random,25000,0.15701419999822974,0.16214680002303794,0.12650199997005984,0,0.0,2.596128472004376e-07,179720,0.11453379877990678,57.51036,150000,0.01
random,25000,0.13699920004000887,0.16693850001320243,0.13226290000602603,0,0.0,2.596128472004376e-07,179720,0.11453379877990678,57.51036,150000,0.01
random,25000,0.1384296999895014,0.181036000023596,0.1706712000304833,0,0.0,2.596128472004376e-07,179720,0.11453379877990678,57.51036,150000,0.01
random,25000,0.19210639997618273,0.167842400027439,0.14779610000550747,0,0.0,2.596128472004376e-07,179720,0.11453379877990678,57.51036,150000,0.01
random,25000,0.17247040005167946,0.17482479999307543,0.16443900001468137,0,0.0,2.596128472004376e-07,179720,0.11453379877990678,57.51036,150000,0.01
random,25000,0.17719610000494868,0.15887280000606552,0.13951200002338737,0,0.0,2.596128472004376e-07,179720,0.11453379877990678,57.51036,150000,0.01
random,50000,0.3128984000068158,0.38141120004002005,0.31244409998180345,0,2e-05,2.1986122401515063e-05,179720,0.21591657572652997,28.75518,150000,0.01
random,50000,0.33033399999840185,0.3346691999468021,0.28863169997930527,0,2e-05,2.1986122401515063e-05,179720,0.21591657572652997,28.75518,150000,0.01
random,50000,0.290194499946665,0.35447230003774166,0.28879259998211637,0,2e-05,2.1986122401515063e-05,179720,0.21591657572652997,28.75518,150000,0.01
random,50000,0.3118145000189543,0.4056135999853723,0.3096299000317231,0,2e-05,2.1986122401515063e-05,179720,0.21591657572652997,28.75518,150000,0.01
random,50000,0.35519360000034794,0.3427332999999635,0.32852229999843985,0,2e-05,2.1986122401515063e-05,179720,0.21591657572652997,28.75518,150000,0.01
random,50000,0.32909459999063984,0.3704204999958165,0.3107935999869369,0,2e-05,2.1986122401515063e-05,179720,0.21591657572652997,28.75518,150000,0.01
random,50000,0.29666290001478046,0.3625725000165403,0.32808309997199103,0,2e-05,2.1986122401515063e-05,179720,0.21591657572652997,28.75518,150000,0.01
random,50000,0.31628520000958815,0.31741259997943416,0.26491229998646304,0,2e-05,2.1986122401515063e-05,179720,0.21591657572652997,28.75518,150000,0.01
random,50000,0.30646160000469536,0.3970792000181973,0.28145710000535473,0,2e-05,2.1986122401515063e-05,179720,0.21591657572652997,28.75518,150000,0.01
random,50000,0.3556543000158854,0.35129740001866594,0.29097480000928044,0,2e-05,2.1986122401515063e-05,179720,0.21591657572652997,28.75518,150000,0.01
random,100000,0.6305297999642789,0.5745187999564223,0.45354729995597154,0,0.00133,0.0012641390236719158,179720,0.3853684796965277,14.37759,150000,0.01
random,100000,0.48786130000371486,0.5424048000131734,0.45208220003405586,0,0.00133,0.0012641390236719158,179720,0.3853684796965277,14.37759,150000,0.01
random,100000,0.48860209999838844,0.6331262000021525,0.4637898000073619,0,0.00133,0.0012641390236719158,179720,0.3853684796965277,14.37759,150000,0.01
random,100000,0.4879335999721661,0.542795000015758,0.45479799999156967,0,0.00133,0.0012641390236719158,179720,0.3853684796965277,14.37759,150000,0.01
random,100000,0.4859569999971427,0.547705799981486,0.4478528999607079,0,0.00133,0.0012641390236719158,179720,0.3853684796965277,14.37759,150000,0.01
random,100000,0.49878719996195287,0.5450105000054464,0.4525011000223458,0,0.00133,0.0012641390236719158,179720,0.3853684796965277,14.37759,150000,0.01
random,100000,0.4920414999942295,0.5513021000078879,0.47178789996542037,0,0.00133,0.0012641390236719158,179720,0.3853684796965277,14.37759,150000,0.01
random,100000,0.49540060001891106,0.6254631000338122,0.5996274999924935,0,0.00133,0.0012641390236719158,179720,0.3853684796965277,14.37759,150000,0.01
random,100000,0.5735877999686636,0.6829330999753438,0.5824273000471294,0,0.00133,0.0012641390236719158,179720,0.3853684796965277,14.37759,150000,0.01
random,100000,0.5407725000404753,0.5532777999760583,0.4719106999691576,0,0.00133,0.0012641390236719158,179720,0.3853684796965277,14.37759,150000,0.01
random,1000,0.005743299960158765,0.005036899994593114,0.0043049000087194145,0,0.0,8.546016607875172e-18,239627,0.003644734618249651,1917.012,200000,0.01
random,1000,0.004884099995251745,0.0051092999638058245,0.004641899955458939,0,0.0,8.546016607875172e-18,239627,0.003644734618249651,1917.012,200000,0.01
random,1000,0.004769099992699921,0.005182499997317791,0.005611500004306436,0,0.0,8.546016607875172e-18,239627,0.003644734618249651,1917.012,200000,0.01
random,1000,0.004608999995980412,0.0054281000047922134,0.004234599997289479,0,0.0,8.546016607875172e-18,239627,0.003644734618249651,1917.012,200000,0.01
random,1000,0.004562999994959682,0.005269199959002435,0.005035599984694272,0,0.0,8.546016607875172e-18,239627,0.003644734618249651,1917.012,200000,0.01
random,1000,0.004843399976380169,0.005239199963398278,0.0042915999656543136,0,0.0,8.546016607875172e-18,239627,0.003644734618249651,1917.012,200000,0.01
random,1000,0.004779500013682991,0.005026200029533356,0.004024800029583275,0,0.0,8.546016607875172e-18,239627,0.003644734618249651,1917.012,200000,0.01
random,1000,0.005372699990402907,0.00743320002220571,0.004247400036547333,0,0.0,8.546016607875172e-18,239627,0.003644734618249651,1917.012,200000,0.01
random,1000,0.004755400004796684,0.0051924000144936144,0.005591599969193339,0,0.0,8.546016607875172e-18,239627,0.003644734618249651,1917.012,200000,0.01
random,1000,0.004769599996507168,0.005955500004347414,0.005709199991542846,0,0.0,8.546016607875172e-18,239627,0.003644734618249651,1917.012,200000,0.01
random,5000,0.026292300026398152,0.028649399988353252,0.024627700040582567,0,0.0,6.34443032144784e-13,239627,0.018095348385925598,383.4024,200000,0.01
random,5000,0.02321390004362911,0.026185300026554614,0.02101779996883124,0,0.0,6.34443032144784e-13,239627,0.018095348385925598,383.4024,200000,0.01
random,5000,0.023385200009215623,0.0265089999884367,0.02447159995790571,0,0.0,6.34443032144784e-13,239627,0.018095348385925598,383.4024,200000,0.01
random,5000,0.026733800012152642,0.027466300001833588,0.021772700012661517,0,0.0,6.34443032144784e-13,239627,0.018095348385925598,383.4024,200000,0.01
random,5000,0.02428670000517741,0.035110500000882894,0.021464999997988343,0,0.0,6.34443032144784e-13,239627,0.018095348385925598,383.4024,200000,0.01
random,5000,0.02309239999158308,0.02618430001894012,0.021668799978215247,0,0.0,6.34443032144784e-13,239627,0.018095348385925598,383.4024,200000,0.01
random,5000,0.023802799987606704,0.029253799992147833,0.022500700026284903,0,0.0,6.34443032144784e-13,239627,0.018095348385925598,383.4024,200000,0.01
random,5000,0.02312179998261854,0.027420700003858656,0.020922800002153963,0,0.0,6.34443032144784e-13,239627,0.018095348385925598,383.4024,200000,0.01
random,5000,0.02913889999035746,0.04500779998488724,0.023289700038731098,0,0.0,6.34443032144784e-13,239627,0.018095348385925598,383.4024,200000,0.01
random,5000,0.025666099973022938,0.02631500002462417,0.02075450000120327,0,0.0,6.34443032144784e-13,239627,0.018095348385925598,383.4024,200000,0.01
random,10000,0.04901889996835962,0.054057000030297786,0.04353880003327504,0,0.0,7.620389843068936e-11,239627,0.03586153868624714,191.7012,200000,0.01
random,10000,0.054045099997892976,0.0570834000245668,0.04561559995636344,0,0.0,7.620389843068936e-11,239627,0.03586153868624714,191.7012,200000,0.01
random,10000,0.050986000045668334,0.05911610001930967,0.044487400038633496,0,0.0,7.620389843068936e-11,239627,0.03586153868624714,191.7012,200000,0.01
random,10000,0.04705739999189973,0.05687889998080209,0.042577700049150735,0,0.0,7.620389843068936e-11,239627,0.03586153868624714,191.7012,200000,0.01
random,10000,0.04652799997711554,0.053890999988652766,0.044826500001363456,0,0.0,7.620389843068936e-11,239627,0.03586153868624714,191.7012,200000,0.01
random,10000,0.046716899960301816,0.060285600018687546,0.051013900025282055,0,0.0,7.620389843068936e-11,239627,0.03586153868624714,191.7012,200000,0.01
random,10000,0.07665099995210767,0.059725800005253404,0.049921900033950806,0,0.0,7.620389843068936e-11,239627,0.03586153868624714,191.7012,200000,0.01
random,10000,0.051753000007010996,0.060479999985545874,0.04993769997963682,0,0.0,7.620389843068936e-11,239627,0.03586153868624714,191.7012,200000,0.01
random,10000,0.04967029998078942,0.07061049999902025,0.05877539998618886,0,0.0,7.620389843068936e-11,239627,0.03586153868624714,191.7012,200000,0.01
random,10000,0.05352309998124838,0.05934169999090955,0.04801249998854473,0,0.0,7.620389843068936e-11,239627,0.03586153868624714,191.7012,200000,0.01
random,25000,0.1368263000040315,0.15067959995940328,0.12362530000973493,0,0.0,3.847579776268674e-08,239627,0.0872607996194077,76.68048,200000,0.01
random,25000,0.13467339996714145,0.13927960000000894,0.14653540001017973,0,0.0,3.847579776268674e-08,239627,0.0872607996194077,76.68048,200000,0.01
random,25000,0.14902379998238757,0.17324839998036623,0.15579190000426024,0,0.0,3.847579776268674e-08,239627,0.0872607996194077,76.68048,200000,0.01
random,25000,0.212538699968718,0.19081639999058098,0.15447239996865392,0,0.0,3.847579776268674e-08,239627,0.0872607996194077,76.68048,200000,0.01
random,25000,0.16660890000639483,0.22730450000381097,0.15016620000824332,0,0.0,3.847579776268674e-08,239627,0.0872607996194077,76.68048,200000,0.01
random,25000,0.14919210004154593,0.16645449999487028,0.13314659998286515,0,0.0,3.847579776268674e-08,239627,0.0872607996194077,76.68048,200000,0.01
random,25000,0.13767289998941123,0.16088239999953657,0.19033400004263967,0,0.0,3.847579776268674e-08,239627,0.0872607996194077,76.68048,200000,0.01
random,25000,0.138037099968642,0.16518879996147007,0.13151899998774752,0,0.0,3.847579776268674e-08,239627,0.0872607996194077,76.68048,200000,0.01
random,25000,0.13855030003469437,0.15031589998397976,0.1434354999801144,0,0.0,3.847579776268674e-08,239627,0.0872607996194077,76.68048,200000,0.01
random,25000,0.2210089000291191,0.14315820002229884,0.13381369999842718,0,0.0,3.847579776268674e-08,239627,0.0872607996194077,76.68048,200000,0.01
random,50000,0.2737626999733038,0.34424149995902553,0.252250199962873,0,0.0,3.6041501959913267e-06,239627,0.1668132489520149,38.34024,200000,0.01
random,50000,0.30146550002973527,0.3133036000072025,0.26544260000810027,0,0.0,3.6041501959913267e-06,239627,0.1668132489520149,38.34024,200000,0.01
random,50000,0.2870546000194736,0.31286880001425743,0.26329239999176934,0,0.0,3.6041501959913267e-06,239627,0.1668132489520149,38.34024,200000,0.01
random,50000,0.2874475999851711,0.3575594999711029,0.2925204999628477,0,0.0,3.6041501959913267e-06,239627,0.1668132489520149,38.34024,200000,0.01
random,50000,0.2872707999777049,0.3123596999794245,0.25238989997887984,0,0.0,3.6041501959913267e-06,239627,0.1668132489520149,38.34024,200000,0.01
random,50000,0.2843155000009574,0.3098247000016272,0.29373420000774786,0,0.0,3.6041501959913267e-06,239627,0.1668132489520149,38.34024,200000,0.01
random,50000,0.2906053999904543,0.3121046999585815,0.2638967999955639,0,0.0,3.6041501959913267e-06,239627,0.1668132489520149,38.34024,200000,0.01
random,50000,0.2991770000080578,0.40226619999157265,0.2865660999668762,0,0.0,3.6041501959913267e-06,239627,0.1668132489520149,38.34024,200000,0.01
random,50000,0.34739429998444393,0.38819960004184395,0.3291828000219539,0,0.0,3.6041501959913267e-06,239627,0.1668132489520149,38.34024,200000,0.01
random,50000,0.5179450000287034,0.41201259999070317,0.3514689999865368,0,0.0,3.6041501959913267e-06,239627,0.1668132489520149,38.34024,200000,0.01
random,100000,0.6091121000354178,0.6502530999714509,0.5110672999871895,0,0.00036,0.00025069266290340725,239627,0.30587184639428444,19.17012,200000,0.01
random,100000,0.5756816000211984,0.6731243000249378,0.5576090000104159,0,0.00036,0.00025069266290340725,239627,0.30587184639428444,19.17012,200000,0.01
random,100000,0.5783869000151753,0.6406778999953531,0.5503911999985576,0,0.00036,0.00025069266290340725,239627,0.30587184639428444,19.17012,200000,0.01
random,100000,0.6079410000238568,0.61637940001674,0.5090947999851778,0,0.00036,0.00025069266290340725,239627,0.30587184639428444,19.17012,200000,0.01
random,100000,0.6027574999607168,0.633167699968908,0.5620266000041738,0,0.00036,0.00025069266290340725,239627,0.30587184639428444,19.17012,200000,0.01
random,100000,0.5472753000212833,0.722183000005316,0.5197136999922805,0,0.00036,0.00025069266290340725,239627,0.30587184639428444,19.17012,200000,0.01
random,100000,0.5557100999867544,0.6166876000352204,0.5516089999582618,0,0.00036,0.00025069266290340725,239627,0.30587184639428444,19.17012,200000,0.01
random,100000,0.5835759000037797,0.6500348999979906,0.5442079000058584,0,0.00036,0.00025069266290340725,239627,0.30587184639428444,19.17012,200000,0.01
random,100000,0.6017592999851331,0.676768200006336,0.514499299984891,0,0.00036,0.00025069266290340725,239627,0.30587184639428444,19.17012,200000,0.01
random,100000,0.5618665000074543,0.6429136999649927,0.5109498999663629,0,0.00036,0.00025069266290340725,239627,0.30587184639428444,19.17012,200000,0.01
dna,1000,0.006122999999206513,0.007085499993991107,0.004080699989572167,0,0.0,1.0800114320987647e-15,119814,0.007280079623914718,958.506,100000,0.01
dna,1000,0.008020699955523014,0.005643100012093782,0.005566300009377301,0,0.0,1.0800114320987647e-15,119814,0.007280079623914718,958.506,100000,0.01
dna,1000,0.004558100015856326,0.007271499955095351,0.0041374999564141035,0,0.0,1.0800114320987647e-15,119814,0.007280079623914718,958.506,100000,0.01
dna,1000,0.004540699999779463,0.006015999999362975,0.0040914000128395855,0,0.0,1.0800114320987647e-15,119814,0.007280079623914718,958.506,100000,0.01
dna,1000,0.012733599985949695,0.012078500003553927,0.011624799983110279,0,0.0,1.0800114320987647e-15,119814,0.007280079623914718,958.506,100000,0.01
dna,1000,0.008592300000600517,0.005125099967699498,0.00838010001461953,0,0.0,1.0800114320987647e-15,119814,0.007280079623914718,958.506,100000,0.01
dna,1000,0.008082899963483214,0.007083199976477772,0.004977000004146248,0,0.0,1.0800114320987647e-15,119814,0.007280079623914718,958.506,100000,0.01
dna,1000,0.006522200012113899,0.0051092999638058245,0.005842099955771118,0,0.0,1.0800114320987647e-15,119814,0.007280079623914718,958.506,100000,0.01
dna,1000,0.0046437999699264765,0.005101800023112446,0.004707299987785518,0,0.0,1.0800114320987647e-15,119814,0.007280079623914718,958.506,100000,0.01
dna,1000,0.004593000048771501,0.0070727000129409134,0.004210999992210418,0,0.0,1.0800114320987647e-15,119814,0.007280079623914718,958.506,100000,0.01
dna,5000,0.027535899949725717,0.030514199985191226,0.023460700002033263,0,0.0,7.620389843068936e-11,119814,0.03589857549144189,191.7012,100000,0.01
dna,5000,0.032107199949678034,0.029662400018423796,0.024497299978975207,0,0.0,7.620389843068936e-11,119814,0.03589857549144189,191.7012,100000,0.01
dna,5000,0.031148099980782717,0.03148519998649135,0.03170669998507947,0,0.0,7.620389843068936e-11,119814,0.03589857549144189,191.7012,100000,0.01
dna,5000,0.03726690000621602,0.0390511000296101,0.021149199979845434,0,0.0,7.620389843068936e-11,119814,0.03589857549144189,191.7012,100000,0.01
dna,5000,0.032920700032263994,0.03404450003290549,0.02606609999202192,0,0.0,7.620389843068936e-11,119814,0.03589857549144189,191.7012,100000,0.01
dna,5000,0.06197720003547147,0.04373540001688525,0.02824959997087717,0,0.0,7.620389843068936e-11,119814,0.03589857549144189,191.7012,100000,0.01
dna,5000,0.028234600031282753,0.032369199965614825,0.024016000039409846,0,0.0,7.620389843068936e-11,119814,0.03589857549144189,191.7012,100000,0.01
dna,5000,0.02770620002411306,0.03453669999726117,0.02541699999710545,0,0.0,7.620389843068936e-11,119814,0.03589857549144189,191.7012,100000,0.01
dna,5000,0.03052109997952357,0.031177999975625426,0.028004799969494343,0,0.0,7.620389843068936e-11,119814,0.03589857549144189,191.7012,100000,0.01
dna,5000,0.036433400004170835,0.03954820003127679,0.027603299997281283,0,0.0,7.620389843068936e-11,119814,0.03589857549144189,191.7012,100000,0.01
dna,10000,0.10168680001515895,0.1159334999974817,0.08451890002470464,0,0.0,8.593887279990108e-09,119814,0.07046173941529839,95.8506,100000,0.01
dna,10000,0.05393779999576509,0.05684629996540025,0.04622439999366179,0,0.0,8.593887279990108e-09,119814,0.07046173941529839,95.8506,100000,0.01
dna,10000,0.06297220004489645,0.08183139999164268,0.05819780001183972,0,0.0,8.593887279990108e-09,119814,0.07046173941529839,95.8506,100000,0.01
dna,10000,0.08833759999834001,0.09654710005270317,0.058370000042486936,0,0.0,8.593887279990108e-09,119814,0.07046173941529839,95.8506,100000,0.01
dna,10000,0.05122399999527261,0.0593782999785617,0.04238250001799315,0,0.0,8.593887279990108e-09,119814,0.07046173941529839,95.8506,100000,0.01
dna,10000,0.05122700001811609,0.06981230003293604,0.07395530003122985,0,0.0,8.593887279990108e-09,119814,0.07046173941529839,95.8506,100000,0.01
dna,10000,0.06876809999812394,0.06465049996040761,0.048111500043887645,0,0.0,8.593887279990108e-09,119814,0.07046173941529839,95.8506,100000,0.01
dna,10000,0.05220149998785928,0.06721519998973235,0.09647540003061295,0,0.0,8.593887279990108e-09,119814,0.07046173941529839,95.8506,100000,0.01
dna,10000,0.05518800002755597,0.06815720000304282,0.04773249995196238,0,0.0,8.593887279990108e-09,119814,0.07046173941529839,95.8506,100000,0.01
dna,10000,0.053519500012043864,0.058823500003200024,0.0444982000044547,0,0.0,8.593887279990108e-09,119814,0.07046173941529839,95.8506,100000,0.01
dna,25000,0.1261285000364296,0.14396379998652264,0.11534920003032312,0,0.0,3.6041501959913267e-06,119814,0.16683150653204049,38.34024,100000,0.01
dna,25000,0.16671489999862388,0.1638114999514073,0.12839769996935502,0,0.0,3.6041501959913267e-06,119814,0.16683150653204049,38.34024,100000,0.01
dna,25000,0.14246950001688674,0.13889950001612306,0.11510519997682422,0,0.0,3.6041501959913267e-06,119814,0.16683150653204049,38.34024,100000,0.01
dna,25000,0.12326510000275448,0.14107599999988452,0.12998480000533164,0,0.0,3.6041501959913267e-06,119814,0.16683150653204049,38.34024,100000,0.01
dna,25000,0.12063189997570589,0.1416351000079885,0.11089860001811758,0,0.0,3.6041501959913267e-06,119814,0.16683150653204049,38.34024,100000,0.01
dna,25000,0.13309309998294339,0.14157440001145005,0.11293739994289353,0,0.0,3.6041501959913267e-06,119814,0.16683150653204049,38.34024,100000,0.01
dna,25000,0.11956979997921735,0.15077349997591227,0.11130960000446066,0,0.0,3.6041501959913267e-06,119814,0.16683150653204049,38.34024,100000,0.01
dna,25000,0.12072370003443211,0.13401550002163276,0.1112373000360094,0,0.0,3.6041501959913267e-06,119814,0.16683150653204049,38.34024,100000,0.01
dna,25000,0.12023859994951636,0.13715740002226084,0.11361780000152066,0,0.0,3.6041501959913267e-06,119814,0.16683150653204049,38.34024,100000,0.01
dna,25000,0.12726140004815534,0.13914619997376576,0.10688979999395087,0,0.0,3.6041501959913267e-06,119814,0.16683150653204049,38.34024,100000,0.01
dna,50000,0.2532659999560565,0.27324700000463054,0.22598320001270622,0,0.00022,0.00025069266290340725,119814,0.3058478507176794,19.17012,100000,0.01
dna,50000,0.2409260999993421,0.27930779999587685,0.22661889996379614,0,0.00022,0.00025069266290340725,119814,0.3058478507176794,19.17012,100000,0.01
dna,50000,0.25216790003469214,0.3047720000031404,0.2479518000036478,0,0.00022,0.00025069266290340725,119814,0.3058478507176794,19.17012,100000,0.01
dna,50000,0.26695249998010695,0.307711300032679,0.24593889998504892,0,0.00022,0.00025069266290340725,119814,0.3058478507176794,19.17012,100000,0.01
dna,50000,0.2673326000222005,0.3019410000415519,0.27864830003818497,0,0.00022,0.00025069266290340725,119814,0.3058478507176794,19.17012,100000,0.01
dna,50000,0.24039240001002327,0.2719842999940738,0.2317200999823399,0,0.00022,0.00025069266290340725,119814,0.3058478507176794,19.17012,100000,0.01
dna,50000,0.24503619997994974,0.26490750000812113,0.23894399998243898,0,0.00022,0.00025069266290340725,119814,0.3058478507176794,19.17012,100000,0.01
dna,50000,0.24389719997998327,0.2729888000176288,0.2241486000129953,0,0.00022,0.00025069266290340725,119814,0.3058478507176794,19.17012,100000,0.01
dna,50000,0.24635000003036112,0.2694440000341274,0.22239619999891147,0,0.00022,0.00025069266290340725,119814,0.3058478507176794,19.17012,100000,0.01
dna,50000,0.2677949999924749,0.2791326000005938,0.22205380001105368,0,0.00022,0.00025069266290340725,119814,0.3058478507176794,19.17012,100000,0.01
dna,100000,0.4859361000126228,0.5494446000084281,0.46902409999165684,0,0.00979,0.010039209581758123,119814,0.518053095129295,9.58506,100000,0.01
dna,100000,0.5014806999824941,0.5675918000051752,0.4647700000205077,0,0.00979,0.010039209581758123,119814,0.518053095129295,9.58506,100000,0.01
dna,100000,0.4979093999718316,0.5645561999990605,0.46220830001402646,0,0.00979,0.010039209581758123,119814,0.518053095129295,9.58506,100000,0.01
dna,100000,0.4856580000487156,0.5522130000172183,0.5069207000196911,0,0.00979,0.010039209581758123,119814,0.518053095129295,9.58506,100000,0.01
dna,100000,0.5027659999905154,0.5584010999882594,0.47981610003625974,0,0.00979,0.010039209581758123,119814,0.518053095129295,9.58506,100000,0.01
dna,100000,0.5757295999792404,0.5849245999706909,0.47160340001573786,0,0.00979,0.010039209581758123,119814,0.518053095129295,9.58506,100000,0.01
dna,100000,0.4847371999640018,0.548549999948591,0.46135230001527816,0,0.00979,0.010039209581758123,119814,0.518053095129295,9.58506,100000,0.01
dna,100000,0.4820394000271335,0.5559232999803498,0.4658812999841757,0,0.00979,0.010039209581758123,119814,0.518053095129295,9.58506,100000,0.01
dna,100000,0.485108399996534,0.5467334000277333,0.4661680000135675,0,0.00979,0.010039209581758123,119814,0.518053095129295,9.58506,100000,0.01
dna,100000,0.48578309995355085,0.6978880999959074,0.5225473000318743,0,0.00979,0.010039209581758123,119814,0.518053095129295,9.58506,100000,0.01
dna,1000,0.0071829999797046185,0.0069565000012516975,0.004394699994008988,0,0.0,2.276537093556303e-16,149767,0.005824895900538588,1198.133,125000,0.01
dna,1000,0.006336099992040545,0.008269100042525679,0.0058590000262483954,0,0.0,2.276537093556303e-16,149767,0.005824895900538588,1198.133,125000,0.01
dna,1000,0.004654299991670996,0.006964499945752323,0.004098600009456277,0,0.0,2.276537093556303e-16,149767,0.005824895900538588,1198.133,125000,0.01
dna,1000,0.007415800006128848,0.005160300002899021,0.004098700010217726,0,0.0,2.276537093556303e-16,149767,0.005824895900538588,1198.133,125000,0.01
dna,1000,0.004592500044964254,0.0063667999929748476,0.0041532000177539885,0,0.0,2.276537093556303e-16,149767,0.005824895900538588,1198.133,125000,0.01
dna,1000,0.004683699982706457,0.006710899993777275,0.0040843000169843435,0,0.0,2.276537093556303e-16,149767,0.005824895900538588,1198.133,125000,0.01
dna,1000,0.006993499991949648,0.005126399977598339,0.004965599975548685,0,0.0,2.276537093556303e-16,149767,0.005824895900538588,1198.133,125000,0.01
dna,1000,0.004564300004858524,0.00531300000147894,0.00564479996683076,0,0.0,2.276537093556303e-16,149767,0.005824895900538588,1198.133,125000,0.01
dna,1000,0.004913999990094453,0.0067350000026635826,0.004149099986534566,0,0.0,2.276537093556303e-16,149767,0.005824895900538588,1198.133,125000,0.01
dna,1000,0.005752799974288791,0.00995330000296235,0.006009899952914566,0,0.0,2.276537093556303e-16,149767,0.005824895900538588,1198.133,125000,0.01
dna,5000,0.06835409998893738,0.05223849997855723,0.07125159999122843,0,0.0,1.6392525947628034e-11,149767,0.028808988651510308,239.6266,125000,0.01
dna,5000,0.02831040002638474,0.03248680004617199,0.024528699985239655,0,0.0,1.6392525947628034e-11,149767,0.028808988651510308,239.6266,125000,0.01
dna,5000,0.029592999955639243,0.032017999968957156,0.027010200021322817,0,0.0,1.6392525947628034e-11,149767,0.028808988651510308,239.6266,125000,0.01
dna,5000,0.02595350000774488,0.0312928999774158,0.024152000027243048,0,0.0,1.6392525947628034e-11,149767,0.028808988651510308,239.6266,125000,0.01
dna,5000,0.029490499990060925,0.029774900001939386,0.02427009999519214,0,0.0,1.6392525947628034e-11,149767,0.028808988651510308,239.6266,125000,0.01
dna,5000,0.02823779999744147,0.03265120001742616,0.025056099984794855,0,0.0,1.6392525947628034e-11,149767,0.028808988651510308,239.6266,125000,0.01
dna,5000,0.03139519999967888,0.028645699960179627,0.024512199976015836,0,0.0,1.6392525947628034e-11,149767,0.028808988651510308,239.6266,125000,0.01
dna,5000,0.03052120003849268,0.02773829997749999,0.02394260000437498,0,0.0,1.6392525947628034e-11,149767,0.028808988651510308,239.6266,125000,0.01
dna,5000,0.03608839999651536,0.03160559997195378,0.025553299987223,0,0.0,1.6392525947628034e-11,149767,0.028808988651510308,239.6266,125000,0.01
dna,5000,0.02840989996911958,0.0295623000129126,0.029670799965970218,0,0.0,1.6392525947628034e-11,149767,0.028808988651510308,239.6266,125000,0.01
dna,10000,0.05317169998306781,0.05638249998446554,0.048197199997957796,0,0.0,1.8957314020525276e-09,149767,0.056825911647538294,119.8133,125000,0.01
dna,10000,0.05060610000509769,0.062176400038879365,0.05283430003328249,0,0.0,1.8957314020525276e-09,149767,0.056825911647538294,119.8133,125000,0.01
dna,10000,0.05780760000925511,0.06525220000185072,0.047438799985684454,0,0.0,1.8957314020525276e-09,149767,0.056825911647538294,119.8133,125000,0.01
dna,10000,0.05998239998007193,0.056803799991030246,0.052212500013411045,0,0.0,1.8957314020525276e-09,149767,0.056825911647538294,119.8133,125000,0.01
dna,10000,0.06166860001394525,0.06292880000546575,0.04572990001179278,0,0.0,1.8957314020525276e-09,149767,0.056825911647538294,119.8133,125000,0.01
dna,10000,0.05762750003486872,0.06538360001286492,0.0497161999810487,0,0.0,1.8957314020525276e-09,149767,0.056825911647538294,119.8133,125000,0.01
dna,10000,0.054119199980050325,0.06797180004650727,0.06628699996508658,0,0.0,1.8957314020525276e-09,149767,0.056825911647538294,119.8133,125000,0.01
dna,10000,0.06684680003672838,0.0600127000361681,0.052459699974860996,0,0.0,1.8957314020525276e-09,149767,0.056825911647538294,119.8133,125000,0.01
dna,10000,0.06280310003785416,0.07757620001211762,0.04983060003723949,0,0.0,1.8957314020525276e-09,149767,0.056825911647538294,119.8133,125000,0.01
dna,10000,0.06326710002031177,0.06557520001661032,0.04396320000523701,0,0.0,1.8957314020525276e-09,149767,0.056825911647538294,119.8133,125000,0.01
dna,25000,0.13764799997443333,0.16733480000402778,0.1190255000256002,0,0.0,8.558869606662519e-07,149767,0.13596904517278133,47.92532,125000,0.01
dna,25000,0.13999509997665882,0.15596689999802038,0.12337879999540746,0,0.0,8.558869606662519e-07,149767,0.13596904517278133,47.92532,125000,0.01
dna,25000,0.13547690003179014,0.15112589998170733,0.12677750003058463,0,0.0,8.558869606662519e-07,149767,0.13596904517278133,47.92532,125000,0.01
dna,25000,0.12816150003345683,0.15464760002214462,0.1330479999887757,0,0.0,8.558869606662519e-07,149767,0.13596904517278133,47.92532,125000,0.01
dna,25000,0.14766010001767427,0.1684310000273399,0.13726669998141006,0,0.0,8.558869606662519e-07,149767,0.13596904517278133,47.92532,125000,0.01
dna,25000,0.16573930002050474,0.1596987000084482,0.1300893999869004,0,0.0,8.558869606662519e-07,149767,0.13596904517278133,47.92532,125000,0.01
dna,25000,0.13667840004200116,0.15246439998736605,0.13209859997732565,0,0.0,8.558869606662519e-07,149767,0.13596904517278133,47.92532,125000,0.01
dna,25000,0.13723890000255778,0.16592780000064522,0.1353827000129968,0,0.0,8.558869606662519e-07,149767,0.13596904517278133,47.92532,125000,0.01
dna,25000,0.14284310000948608,0.15285280003445223,0.1278988000121899,0,0.0,8.558869606662519e-07,149767,0.13596904517278133,47.92532,125000,0.01
dna,25000,0.2108001000015065,0.1734623999800533,0.162382600014098,0,0.0,8.558869606662519e-07,149767,0.13596904517278133,47.92532,125000,0.01
dna,50000,0.317501200013794,0.3576869000098668,0.29747219994897023,0,8e-05,6.694368083188371e-05,149767,0.25330743748815865,23.96266,125000,0.01
dna,50000,0.3168286000145599,0.32591439998941496,0.3760218999814242,0,8e-05,6.694368083188371e-05,149767,0.25330743748815865,23.96266,125000,0.01
dna,50000,0.37238289997912943,0.4923222999786958,0.2580372000229545,0,8e-05,6.694368083188371e-05,149767,0.25330743748815865,23.96266,125000,0.01
dna,50000,0.30934410000918433,0.31756379996659234,0.2652922999695875,0,8e-05,6.694368083188371e-05,149767,0.25330743748815865,23.96266,125000,0.01
dna,50000,0.24681869999039918,0.32147269998677075,0.24298919999273494,0,8e-05,6.694368083188371e-05,149767,0.25330743748815865,23.96266,125000,0.01
dna,50000,0.2545611999812536,0.28406039997935295,0.22899420000612736,0,8e-05,6.694368083188371e-05,149767,0.25330743748815865,23.96266,125000,0.01
dna,50000,0.25803590001305565,0.31365500000538304,0.24544320005225018,0,8e-05,6.694368083188371e-05,149767,0.25330743748815865,23.96266,125000,0.01
dna,50000,0.24140880000777543,0.2750277000013739,0.23665219999384135,0,8e-05,6.694368083188371e-05,149767,0.25330743748815865,23.96266,125000,0.01
dna,50000,0.2978546000085771,0.32316679996438324,0.26180729997577146,0,8e-05,6.694368083188371e-05,149767,0.25330743748815865,23.96266,125000,0.01
dna,50000,0.3239546000258997,0.3079159999615513,0.25112030003219843,0,8e-05,6.694368083188371e-05,149767,0.25330743748815865,23.96266,125000,0.01
dna,100000,0.6192491000401787,0.6178682000027038,0.6434837999986485,0,0.00316,0.0033204706885829435,149767,0.44263366420923217,11.98133,125000,0.01
dna,100000,0.6731055999989621,0.8787650000303984,0.5924087000312284,0,0.00316,0.0033204706885829435,149767,0.44263366420923217,11.98133,125000,0.01
dna,100000,0.5606528000207618,0.6419707000022754,0.6790684000006877,0,0.00316,0.0033204706885829435,149767,0.44263366420923217,11.98133,125000,0.01
dna,100000,0.6744036999880336,0.6750190999591723,0.6565519000287168,0,0.00316,0.0033204706885829435,149767,0.44263366420923217,11.98133,125000,0.01
dna,100000,0.7261140999617055,0.7681102000060491,0.5743925999850035,0,0.00316,0.0033204706885829435,149767,0.44263366420923217,11.98133,125000,0.01
dna,100000,0.5530000000144355,0.6969760999782011,0.6479275000165217,0,0.00316,0.0033204706885829435,149767,0.44263366420923217,11.98133,125000,0.01
dna,100000,0.6535690000164323,0.8651244000066072,0.5786449000006542,0,0.00316,0.0033204706885829435,149767,0.44263366420923217,11.98133,125000,0.01
dna,100000,0.6185872000060044,0.6955949999974109,0.5595665000146255,0,0.00316,0.0033204706885829435,149767,0.44263366420923217,11.98133,125000,0.01
dna,100000,0.5814986999612302,0.694034099986311,0.5102328000357375,0,0.00316,0.0033204706885829435,149767,0.44263366420923217,11.98133,125000,0.01
dna,100000,0.5239879000000656,0.5968136999872513,0.5054650999954902,0,0.00316,0.0033204706885829435,149767,0.44263366420923217,11.98133,125000,0.01
dna,1000,0.0074133999878540635,0.007699999958276749,0.004204199998639524,0,0.0,6.375086231590716e-17,179720,0.004856864050233732,1437.759,150000,0.01
dna,1000,0.004841600020881742,0.005090300051961094,0.004354099975898862,0,0.0,6.375086231590716e-17,179720,0.004856864050233732,1437.759,150000,0.01
dna,1000,0.004558300017379224,0.006543099996633828,0.004204199998639524,0,0.0,6.375086231590716e-17,179720,0.004856864050233732,1437.759,150000,0.01
dna,1000,0.004827999975532293,0.00717550003901124,0.004088199988473207,0,0.0,6.375086231590716e-17,179720,0.004856864050233732,1437.759,150000,0.01
dna,1000,0.004571600002236664,0.006408700020983815,0.004168499959632754,0,0.0,6.375086231590716e-17,179720,0.004856864050233732,1437.759,150000,0.01
dna,1000,0.00460340001154691,0.005543100007344037,0.004392299975734204,0,0.0,6.375086231590716e-17,179720,0.004856864050233732,1437.759,150000,0.01
dna,1000,0.004960699996445328,0.005129199998918921,0.004051199997775257,0,0.0,6.375086231590716e-17,179720,0.004856864050233732,1437.759,150000,0.01
dna,1000,0.004539000045042485,0.005063600023277104,0.004608799994457513,0,0.0,6.375086231590716e-17,179720,0.004856864050233732,1437.759,150000,0.01
dna,1000,0.005471099982969463,0.00909280002815649,0.004081399994902313,0,0.0,6.375086231590716e-17,179720,0.004856864050233732,1437.759,150000,0.01
dna,1000,0.0046857999986968935,0.0059402999468147755,0.0044169999891892076,0,0.0,6.375086231590716e-17,179720,0.004856864050233732,1437.759,150000,0.01
dna,5000,0.024015599978156388,0.02684080001199618,0.02189540001563728,0,0.0,4.653138022104431e-12,179720,0.024039494797111337,287.5518,150000,0.01
dna,5000,0.02461850002873689,0.026047000021208078,0.022675000014714897,0,0.0,4.653138022104431e-12,179720,0.024039494797111337,287.5518,150000,0.01
dna,5000,0.026746999996248633,0.025952600000891834,0.02179460000479594,0,0.0,4.653138022104431e-12,179720,0.024039494797111337,287.5518,150000,0.01
dna,5000,0.024102399998810142,0.027477600029669702,0.020924400014337152,0,0.0,4.653138022104431e-12,179720,0.024039494797111337,287.5518,150000,0.01
dna,5000,0.02370269998209551,0.031337999971583486,0.021247200027573854,0,0.0,4.653138022104431e-12,179720,0.024039494797111337,287.5518,150000,0.01
dna,5000,0.024478699953760952,0.02636349998647347,0.02141649997793138,0,0.0,4.653138022104431e-12,179720,0.024039494797111337,287.5518,150000,0.01
dna,5000,0.024267799977678806,0.027940400002989918,0.02096930000698194,0,0.0,4.653138022104431e-12,179720,0.024039494797111337,287.5518,150000,0.01
dna,5000,0.023392800008878112,0.027926200011279434,0.02088909997837618,0,0.0,4.653138022104431e-12,179720,0.024039494797111337,287.5518,150000,0.01
dna,5000,0.023361400002613664,0.02558470005169511,0.02110080001875758,0,0.0,4.653138022104431e-12,179720,0.024039494797111337,287.5518,150000,0.01
dna,5000,0.023103399958927184,0.03078770003048703,0.022780900006182492,0,0.0,4.653138022104431e-12,179720,0.024039494797111337,287.5518,150000,0.01
dna,10000,0.04612109996378422,0.054793399991467595,0.04246389999752864,0,0.0,5.472406080344295e-10,179720,0.04750726651685018,143.7759,150000,0.01
dna,10000,0.04825609998079017,0.05271999997785315,0.04503660002956167,0,0.0,5.472406080344295e-10,179720,0.04750726651685018,143.7759,150000,0.01
dna,10000,0.054465900000650436,0.0522626000456512,0.04588649998186156,0,0.0,5.472406080344295e-10,179720,0.04750726651685018,143.7759,150000,0.01
dna,10000,0.04772810003487393,0.054156500031240284,0.04205139999976382,0,0.0,5.472406080344295e-10,179720,0.04750726651685018,143.7759,150000,0.01
dna,10000,0.04935240000486374,0.0538315000012517,0.04622630000812933,0,0.0,5.472406080344295e-10,179720,0.04750726651685018,143.7759,150000,0.01
dna,10000,0.04792209999868646,0.059774499968625605,0.043093200016301125,0,0.0,5.472406080344295e-10,179720,0.04750726651685018,143.7759,150000,0.01
dna,10000,0.046332099998835474,0.05394130002241582,0.04311649996088818,0,0.0,5.472406080344295e-10,179720,0.04750726651685018,143.7759,150000,0.01
dna,10000,0.04856999998446554,0.05235960002755746,0.04257990000769496,0,0.0,5.472406080344295e-10,179720,0.04750726651685018,143.7759,150000,0.01
dna,10000,0.04678899998543784,0.0588020000141114,0.04173070000251755,0,0.0,5.472406080344295e-10,179720,0.04750726651685018,143.7759,150000,0.01
dna,10000,0.0476939000072889,0.05277890001889318,0.042468799976632,0,0.0,5.472406080344295e-10,179720,0.04750726651685018,143.7759,150000,0.01
dna,25000,0.1207748000160791,0.14055290003307164,0.11027070001000538,0,0.0,2.596128472004376e-07,179720,0.11460822015372535,57.51036,150000,0.01
dna,25000,0.13010380003834143,0.14037410001037642,0.11786629998823628,0,0.0,2.596128472004376e-07,179720,0.11460822015372535,57.51036,150000,0.01
dna,25000,0.11872089997632429,0.13702320004813373,0.10715699999127537,0,0.0,2.596128472004376e-07,179720,0.11460822015372535,57.51036,150000,0.01
dna,25000,0.12382819998310879,0.13816490001045167,0.10765880002873018,0,0.0,2.596128472004376e-07,179720,0.11460822015372535,57.51036,150000,0.01
dna,25000,0.12310299999080598,0.13171829999191687,0.13579490000847727,0,0.0,2.596128472004376e-07,179720,0.11460822015372535,57.51036,150000,0.01
dna,25000,0.1316406999831088,0.157460100017488,0.11161660001380369,0,0.0,2.596128472004376e-07,179720,0.11460822015372535,57.51036,150000,0.01
dna,25000,0.126209799956996,0.15394689998356625,0.11408180004218593,0,0.0,2.596128472004376e-07,179720,0.11460822015372535,57.51036,150000,0.01
dna,25000,0.14593870000680909,0.14006780000636354,0.13659910002024844,0,0.0,2.596128472004376e-07,179720,0.11460822015372535,57.51036,150000,0.01
dna,25000,0.12863130000187084,0.13715899997623637,0.12755380000453442,0,0.0,2.596128472004376e-07,179720,0.11460822015372535,57.51036,150000,0.01
dna,25000,0.1308405000017956,0.1794586000032723,0.1333102000062354,0,0.0,2.596128472004376e-07,179720,0.11460822015372535,57.51036,150000,0.01
dna,50000,0.28080300003057346,0.28398240002570674,0.23303870001109317,0,2e-05,2.1986122401515063e-05,179720,0.21608489322619437,28.75518,150000,0.01
dna,50000,0.24778360000345856,0.2742472999962047,0.2234168000286445,0,2e-05,2.1986122401515063e-05,179720,0.21608489322619437,28.75518,150000,0.01
dna,50000,0.24299080000491813,0.2896084999665618,0.221975399996154,0,2e-05,2.1986122401515063e-05,179720,0.21608489322619437,28.75518,150000,0.01
dna,50000,0.23743769997963682,0.27906650002114475,0.23643940000329167,0,2e-05,2.1986122401515063e-05,179720,0.21608489322619437,28.75518,150000,0.01
dna,50000,0.2591433000052348,0.27554579998832196,0.21997360000386834,0,2e-05,2.1986122401515063e-05,179720,0.21608489322619437,28.75518,150000,0.01
dna,50000,0.26444190001348034,0.280921199999284,0.21233170002233237,0,2e-05,2.1986122401515063e-05,179720,0.21608489322619437,28.75518,150000,0.01
dna,50000,0.24713179998798296,0.2650250000297092,0.22779029997764155,0,2e-05,2.1986122401515063e-05,179720,0.21608489322619437,28.75518,150000,0.01
dna,50000,0.2478636999730952,0.2857291999971494,0.21323739999206737,0,2e-05,2.1986122401515063e-05,179720,0.21608489322619437,28.75518,150000,0.01
dna,50000,0.29547259997343644,0.2916311000008136,0.24834629998076707,0,2e-05,2.1986122401515063e-05,179720,0.21608489322619437,28.75518,150000,0.01
dna,50000,0.24112820002483204,0.2758165000122972,0.21430880000116304,0,2e-05,2.1986122401515063e-05,179720,0.21608489322619437,28.75518,150000,0.01
dna,100000,0.4826109000132419,0.5377873000106774,0.45156980003230274,0,0.00137,0.0012641390236719158,179720,0.3854846326818333,14.37759,150000,0.01
dna,100000,0.4821708999807015,0.5644162999815308,0.46382980002090335,0,0.00137,0.0012641390236719158,179720,0.3854846326818333,14.37759,150000,0.01
dna,100000,0.4976207999861799,0.5918031000182964,0.5189378000213765,0,0.00137,0.0012641390236719158,179720,0.3854846326818333,14.37759,150000,0.01
dna,100000,0.5096333999536,0.592186399968341,0.4621155000058934,0,0.00137,0.0012641390236719158,179720,0.3854846326818333,14.37759,150000,0.01
dna,100000,0.5111355999833904,0.6223768999916501,0.48527339997235686,0,0.00137,0.0012641390236719158,179720,0.3854846326818333,14.37759,150000,0.01
dna,100000,0.4957336999941617,0.5593541000271216,0.4511350999819115,0,0.00137,0.0012641390236719158,179720,0.3854846326818333,14.37759,150000,0.01
dna,100000,0.49536439997609705,0.5586815999704413,0.46035319997463375,0,0.00137,0.0012641390236719158,179720,0.3854846326818333,14.37759,150000,0.01
dna,100000,0.48196120001375675,0.5443763000075705,0.4515136999543756,0,0.00137,0.0012641390236719158,179720,0.3854846326818333,14.37759,150000,0.01
dna,100000,0.4828583999769762,0.5435877000563778,0.4436551000108011,0,0.00137,0.0012641390236719158,179720,0.3854846326818333,14.37759,150000,0.01
dna,100000,0.4789763999870047,0.5369381000055,0.44696600001771003,0,0.00137,0.0012641390236719158,179720,0.3854846326818333,14.37759,150000,0.01
dna,1000,0.005307300016283989,0.00777260004542768,0.004685699997935444,0,0.0,8.546016607875172e-18,239627,0.0036462995536804153,1917.012,200000,0.01
dna,1000,0.0049705999554134905,0.005164300033356994,0.00481959996977821,0,0.0,8.546016607875172e-18,239627,0.0036462995536804153,1917.012,200000,0.01
dna,1000,0.004673599964007735,0.005241200036834925,0.004079699981957674,0,0.0,8.546016607875172e-18,239627,0.0036462995536804153,1917.012,200000,0.01
dna,1000,0.00456919998396188,0.005570999986957759,0.004134799994062632,0,0.0,8.546016607875172e-18,239627,0.0036462995536804153,1917.012,200000,0.01
dna,1000,0.0045538999838754535,0.005185100017115474,0.0049418999697081745,0,0.0,8.546016607875172e-18,239627,0.0036462995536804153,1917.012,200000,0.01
dna,1000,0.004544399969745427,0.005112899991218001,0.004415999981574714,0,0.0,8.546016607875172e-18,239627,0.0036462995536804153,1917.012,200000,0.01
dna,1000,0.004629800037946552,0.0051939000259153545,0.00410410005133599,0,0.0,8.546016607875172e-18,239627,0.0036462995536804153,1917.012,200000,0.01
dna,1000,0.0046931999968364835,0.005128999997396022,0.0040982000064104795,0,0.0,8.546016607875172e-18,239627,0.0036462995536804153,1917.012,200000,0.01
dna,1000,0.005209900031331927,0.005172999983187765,0.0041108999866992235,0,0.0,8.546016607875172e-18,239627,0.0036462995536804153,1917.012,200000,0.01
dna,1000,0.004722400044556707,0.005167299997992814,0.00403740000911057,0,0.0,8.546016607875172e-18,239627,0.0036462995536804153,1917.012,200000,0.01
dna,5000,0.023336999991443008,0.028093200002331287,0.0214325999841094,0,0.0,6.34443032144784e-13,239627,0.018108389514515297,383.4024,200000,0.01
dna,5000,0.024278500000946224,0.026442600006703287,0.021401299978606403,0,0.0,6.34443032144784e-13,239627,0.018108389514515297,383.4024,200000,0.01
dna,5000,0.02953399997204542,0.03344980004476383,0.02419160003773868,0,0.0,6.34443032144784e-13,239627,0.018108389514515297,383.4024,200000,0.01
dna,5000,0.025771600019652396,0.03039520001038909,0.02313250000588596,0,0.0,6.34443032144784e-13,239627,0.018108389514515297,383.4024,200000,0.01
dna,5000,0.02364490000763908,0.026989300036802888,0.020906099991407245,0,0.0,6.34443032144784e-13,239627,0.018108389514515297,383.4024,200000,0.01
dna,5000,0.024910499982070178,0.0274957999936305,0.022479300037957728,0,0.0,6.34443032144784e-13,239627,0.018108389514515297,383.4024,200000,0.01
dna,5000,0.02422710001701489,0.027113799995277077,0.021123799961060286,0,0.0,6.34443032144784e-13,239627,0.018108389514515297,383.4024,200000,0.01
dna,5000,0.023131199995987117,0.027345099952071905,0.02110849996097386,0,0.0,6.34443032144784e-13,239627,0.018108389514515297,383.4024,200000,0.01
dna,5000,0.025320100015960634,0.031953199999406934,0.02083299995865673,0,0.0,6.34443032144784e-13,239627,0.018108389514515297,383.4024,200000,0.01
dna,5000,0.023408300010487437,0.025928499992005527,0.024636699992697686,0,0.0,6.34443032144784e-13,239627,0.018108389514515297,383.4024,200000,0.01
dna,10000,0.0490661000367254,0.053455600049346685,0.042076700017787516,0,0.0,7.620389843068936e-11,239627,0.035869885008544544,191.7012,200000,0.01
dna,10000,0.05156839999835938,0.053397000010591,0.042245600023306906,0,0.0,7.620389843068936e-11,239627,0.035869885008544544,191.7012,200000,0.01
dna,10000,0.04643170000053942,0.05517629999667406,0.04493899998487905,0,0.0,7.620389843068936e-11,239627,0.035869885008544544,191.7012,200000,0.01
dna,10000,0.06068320001941174,0.06124920002184808,0.042327400005888194,0,0.0,7.620389843068936e-11,239627,0.035869885008544544,191.7012,200000,0.01
dna,10000,0.04699100001016632,0.051669899956323206,0.04286849999334663,0,0.0,7.620389843068936e-11,239627,0.035869885008544544,191.7012,200000,0.01
dna,10000,0.052095399994868785,0.05319999996572733,0.04184160003205761,0,0.0,7.620389843068936e-11,239627,0.035869885008544544,191.7012,200000,0.01
dna,10000,0.04785570001695305,0.052314900036435574,0.042279899993445724,0,0.0,7.620389843068936e-11,239627,0.035869885008544544,191.7012,200000,0.01
dna,10000,0.046331999998074025,0.055091399990487844,0.041881399985868484,0,0.0,7.620389843068936e-11,239627,0.035869885008544544,191.7012,200000,0.01
dna,10000,0.052456900011748075,0.05274359998293221,0.04228630004217848,0,0.0,7.620389843068936e-11,239627,0.035869885008544544,191.7012,200000,0.01
dna,10000,0.04927399998996407,0.05795419996138662,0.04372760001569986,0,0.0,7.620389843068936e-11,239627,0.035869885008544544,191.7012,200000,0.01
dna,25000,0.12528209999436513,0.13649619999341667,0.10681790002854541,0,0.0,3.847579776268674e-08,239627,0.0872785355542897,76.68048,200000,0.01
dna,25000,0.12227839999832213,0.13536040001781657,0.10975070000858977,0,0.0,3.847579776268674e-08,239627,0.0872785355542897,76.68048,200000,0.01
dna,25000,0.11996039998484775,0.13117910001892596,0.10913230001460761,0,0.0,3.847579776268674e-08,239627,0.0872785355542897,76.68048,200000,0.01
dna,25000,0.12329670001054183,0.13283519999822602,0.1118634000304155,0,0.0,3.847579776268674e-08,239627,0.0872785355542897,76.68048,200000,0.01
dna,25000,0.1242991000181064,0.14201820001471788,0.13640409999061376,0,0.0,3.847579776268674e-08,239627,0.0872785355542897,76.68048,200000,0.01
dna,25000,0.12622570001985878,0.14472999999998137,0.11797479999950156,0,0.0,3.847579776268674e-08,239627,0.0872785355542897,76.68048,200000,0.01
dna,25000,0.1284078999888152,0.144317600002978,0.1171942999935709,0,0.0,3.847579776268674e-08,239627,0.0872785355542897,76.68048,200000,0.01
dna,25000,0.12255890003871173,0.13277790002757683,0.1078290999867022,0,0.0,3.847579776268674e-08,239627,0.0872785355542897,76.68048,200000,0.01
dna,25000,0.13229819998377934,0.13883359997998923,0.11624380003195256,0,0.0,3.847579776268674e-08,239627,0.0872785355542897,76.68048,200000,0.01
dna,25000,0.12249500001780689,0.14316610002424568,0.11339820001740009,0,0.0,3.847579776268674e-08,239627,0.0872785355542897,76.68048,200000,0.01
dna,50000,0.24114890000782907,0.2910756000201218,0.21425039996393025,0,0.0,3.6041501959913267e-06,239627,0.1669092316584351,38.34024,200000,0.01
dna,50000,0.24641630001133308,0.26705930003663525,0.2160950999823399,0,0.0,3.6041501959913267e-06,239627,0.1669092316584351,38.34024,200000,0.01
dna,50000,0.2378239000099711,0.2826698999851942,0.22785630001453683,0,0.0,3.6041501959913267e-06,239627,0.1669092316584351,38.34024,200000,0.01
dna,50000,0.26158930000383407,0.28653660003328696,0.23862880002707243,0,0.0,3.6041501959913267e-06,239627,0.1669092316584351,38.34024,200000,0.01
dna,50000,0.2476660999818705,0.27633219998097047,0.24067359999753535,0,0.0,3.6041501959913267e-06,239627,0.1669092316584351,38.34024,200000,0.01
dna,50000,0.2558524999767542,0.28643150004791096,0.2245812999899499,0,0.0,3.6041501959913267e-06,239627,0.1669092316584351,38.34024,200000,0.01
dna,50000,0.2534337999531999,0.27947349997702986,0.22096519998740405,0,0.0,3.6041501959913267e-06,239627,0.1669092316584351,38.34024,200000,0.01
dna,50000,0.2472178999450989,0.2879955999669619,0.21409800002584234,0,0.0,3.6041501959913267e-06,239627,0.1669092316584351,38.34024,200000,0.01
dna,50000,0.24440869997488335,0.2855087000061758,0.22238490002928302,0,0.0,3.6041501959913267e-06,239627,0.1669092316584351,38.34024,200000,0.01
dna,50000,0.2603436000063084,0.2988390999962576,0.2422004000400193,0,0.0,3.6041501959913267e-06,239627,0.1669092316584351,38.34024,200000,0.01
dna,100000,0.491123299987521,0.5342849000007845,0.4644642000203021,0,0.0002,0.00025069266290340725,239627,0.3058541104594024,19.17012,200000,0.01
dna,100000,0.4982036000001244,0.5472923000343144,0.5005936000379734,0,0.0002,0.00025069266290340725,239627,0.3058541104594024,19.17012,200000,0.01
dna,100000,0.4798846999765374,0.5443064999999478,0.4447632000083104,0,0.0002,0.00025069266290340725,239627,0.3058541104594024,19.17012,200000,0.01
dna,100000,0.4768519999925047,0.5414722000132315,0.44892229995457456,0,0.0002,0.00025069266290340725,239627,0.3058541104594024,19.17012,200000,0.01
dna,100000,0.48593159997835755,0.5409819000051357,0.44616220000898466,0,0.0002,0.00025069266290340725,239627,0.3058541104594024,19.17012,200000,0.01
dna,100000,0.49533369997516274,0.5852936999872327,0.4830256999703124,0,0.0002,0.00025069266290340725,239627,0.3058541104594024,19.17012,200000,0.01
dna,100000,0.49327450001146644,0.5494328999775462,0.47116719995392486,0,0.0002,0.00025069266290340725,239627,0.3058541104594024,19.17012,200000,0.01
dna,100000,0.5235772999585606,0.6029202999779955,0.46382989996345714,0,0.0002,0.00025069266290340725,239627,0.3058541104594024,19.17012,200000,0.01
dna,100000,0.4997964999638498,0.5865550999878906,0.4630394999985583,0,0.0002,0.00025069266290340725,239627,0.3058541104594024,19.17012,200000,0.01
dna,100000,0.5003250000299886,0.5557982999598607,0.4475082000135444,0,0.0002,0.00025069266290340725,239627,0.3058541104594024,19.17012,200000,0.01
English words,1000,0.004718000011052936,0.005643599957693368,0.004246999975293875,0,0.0,1.0800114320987647e-15,119814,0.007277993043340365,958.506,100000,0.01
English words,1000,0.004579400003422052,0.005349299986846745,0.004132599977310747,0,0.0,1.0800114320987647e-15,119814,0.007277993043340365,958.506,100000,0.01
English words,1000,0.004938900005072355,0.0053114999900572,0.004152800014708191,0,0.0,1.0800114320987647e-15,119814,0.007277993043340365,958.506,100000,0.01
English words,1000,0.005537499964702874,0.005134100036229938,0.004120600002352148,0,0.0,1.0800114320987647e-15,119814,0.007277993043340365,958.506,100000,0.01
English words,1000,0.0048325000097975135,0.00534709997009486,0.004127499996684492,0,0.0,1.0800114320987647e-15,119814,0.007277993043340365,958.506,100000,0.01
English words,1000,0.004599999985657632,0.006355700024869293,0.004137300013098866,0,0.0,1.0800114320987647e-15,119814,0.007277993043340365,958.506,100000,0.01
English words,1000,0.005301499972119927,0.00514849997125566,0.0041185999871231616,0,0.0,1.0800114320987647e-15,119814,0.007277993043340365,958.506,100000,0.01
English words,1000,0.004593099991325289,0.005287999985739589,0.004189300001598895,0,0.0,1.0800114320987647e-15,119814,0.007277993043340365,958.506,100000,0.01
English words,1000,0.004706900042947382,0.005316400027368218,0.004104499996174127,0,0.0,1.0800114320987647e-15,119814,0.007277993043340365,958.506,100000,0.01
English words,1000,0.004571299999952316,0.005196899990551174,0.004092400020454079,0,0.0,1.0800114320987647e-15,119814,0.007277993043340365,958.506,100000,0.01
English words,5000,0.02499790000729263,0.02613849996123463,0.021359500009566545,0,0.0,7.620389843068936e-11,119814,0.03584015123536003,191.7012,100000,0.01
English words,5000,0.02512810000916943,0.02588810003362596,0.02084329997887835,0,0.0,7.620389843068936e-11,119814,0.03584015123536003,191.7012,100000,0.01
English words,5000,0.024246200046036392,0.026513000018894672,0.02086990000680089,0,0.0,7.620389843068936e-11,119814,0.03584015123536003,191.7012,100000,0.01
English words,5000,0.023825200041756034,0.02704980003181845,0.020736999984364957,0,0.0,7.620389843068936e-11,119814,0.03584015123536003,191.7012,100000,0.01
English words,5000,0.02292060002218932,0.025687399960588664,0.023101700004190207,0,0.0,7.620389843068936e-11,119814,0.03584015123536003,191.7012,100000,0.01
English words,5000,0.023098499979823828,0.026906999992206693,0.024648699967656285,0,0.0,7.620389843068936e-11,119814,0.03584015123536003,191.7012,100000,0.01
English words,5000,0.024145500035956502,0.0261933000292629,0.021208900026977062,0,0.0,7.620389843068936e-11,119814,0.03584015123536003,191.7012,100000,0.01
English words,5000,0.023230899998452514,0.026525799999944866,0.02111309999600053,0,0.0,7.620389843068936e-11,119814,0.03584015123536003,191.7012,100000,0.01
English words,5000,0.023584600014146417,0.025706999993417412,0.021066000044811517,0,0.0,7.620389843068936e-11,119814,0.03584015123536003,191.7012,100000,0.01
English words,5000,0.024017899995669723,0.027842900017276406,0.02122430002782494,0,0.0,7.620389843068936e-11,119814,0.03584015123536003,191.7012,100000,0.01
English words,10000,0.05009879998397082,0.05680610000854358,0.04551299999002367,0,0.0,8.593887279990108e-09,119814,0.07040540173979089,95.8506,100000,0.01
English words,10000,0.04903410002589226,0.05340759997488931,0.043401400034781545,0,0.0,8.593887279990108e-09,119814,0.07040540173979089,95.8506,100000,0.01
English words,10000,0.046829700004309416,0.0534398999880068,0.04440799995791167,0,0.0,8.593887279990108e-09,119814,0.07040540173979089,95.8506,100000,0.01
English words,10000,0.04974079999374226,0.05349920003209263,0.04787670000223443,0,0.0,8.593887279990108e-09,119814,0.07040540173979089,95.8506,100000,0.01
English words,10000,0.04767910001100972,0.053145699959713966,0.043184999958612025,0,0.0,8.593887279990108e-09,119814,0.07040540173979089,95.8506,100000,0.01
English words,10000,0.0490161000052467,0.05382939998526126,0.04436560004251078,0,0.0,8.593887279990108e-09,119814,0.07040540173979089,95.8506,100000,0.01
English words,10000,0.0476636000094004,0.054515100026037544,0.04380839999066666,0,0.0,8.593887279990108e-09,119814,0.07040540173979089,95.8506,100000,0.01
English words,10000,0.04730720003135502,0.061601499968674034,0.04480380000313744,0,0.0,8.593887279990108e-09,119814,0.07040540173979089,95.8506,100000,0.01
English words,10000,0.04758119996404275,0.0577029999694787,0.04271150002023205,0,0.0,8.593887279990108e-09,119814,0.07040540173979089,95.8506,100000,0.01
English words,10000,0.048454999981913716,0.054199399950448424,0.04573880002135411,0,0.0,8.593887279990108e-09,119814,0.07040540173979089,95.8506,100000,0.01
English words,25000,0.11931769998045638,0.13265889999456704,0.10918850003508851,0,0.0,3.6041501959913267e-06,119814,0.1668659351115173,38.34024,100000,0.01
English words,25000,0.12515619996702299,0.13220549997640774,0.11087079998105764,0,0.0,3.6041501959913267e-06,119814,0.1668659351115173,38.34024,100000,0.01
English words,25000,0.12056720000691712,0.13917069998569787,0.1116776000126265,0,0.0,3.6041501959913267e-06,119814,0.1668659351115173,38.34024,100000,0.01
English words,25000,0.1259431000216864,0.1352327999775298,0.11362750001717359,0,0.0,3.6041501959913267e-06,119814,0.1668659351115173,38.34024,100000,0.01
English words,25000,0.12173869996331632,0.13346789998468012,0.10826920002000406,0,0.0,3.6041501959913267e-06,119814,0.1668659351115173,38.34024,100000,0.01
English words,25000,0.12709939997876063,0.1353380999644287,0.10754799999995157,0,0.0,3.6041501959913267e-06,119814,0.1668659351115173,38.34024,100000,0.01
English words,25000,0.12151940003968775,0.1360158000024967,0.10932480002520606,0,0.0,3.6041501959913267e-06,119814,0.1668659351115173,38.34024,100000,0.01
English words,25000,0.12042920000385493,0.13988420000532642,0.11084219999611378,0,0.0,3.6041501959913267e-06,119814,0.1668659351115173,38.34024,100000,0.01
English words,25000,0.11940189998131245,0.14286850002827123,0.11464069999055937,0,0.0,3.6041501959913267e-06,119814,0.1668659351115173,38.34024,100000,0.01
English words,25000,0.12377350003225729,0.136368700012099,0.11789910000516102,0,0.0,3.6041501959913267e-06,119814,0.1668659351115173,38.34024,100000,0.01
English words,50000,0.2475504000321962,0.2762759000179358,0.2278902000398375,0,0.00032,0.00025069266290340725,119814,0.3057435216889618,19.17012,100000,0.01
English words,50000,0.24628950003534555,0.2725968000013381,0.21962039999198169,0,0.00032,0.00025069266290340725,119814,0.3057435216889618,19.17012,100000,0.01
English words,50000,0.2475426999735646,0.2730058000306599,0.22034310002345592,0,0.00032,0.00025069266290340725,119814,0.3057435216889618,19.17012,100000,0.01
English words,50000,0.24418880004668608,0.26757699996232986,0.22313429997302592,0,0.00032,0.00025069266290340725,119814,0.3057435216889618,19.17012,100000,0.01
English words,50000,0.24280730000464246,0.27779079996980727,0.2195050999871455,0,0.00032,0.00025069266290340725,119814,0.3057435216889618,19.17012,100000,0.01
English words,50000,0.24122289998922497,0.26804039999842644,0.228765600011684,0,0.00032,0.00025069266290340725,119814,0.3057435216889618,19.17012,100000,0.01
English words,50000,0.236515500000678,0.27070069999899715,0.2218231000006199,0,0.00032,0.00025069266290340725,119814,0.3057435216889618,19.17012,100000,0.01
English words,50000,0.27151389996288344,0.2665712999878451,0.23204730002908036,0,0.00032,0.00025069266290340725,119814,0.3057435216889618,19.17012,100000,0.01
English words,50000,0.24144669994711876,0.269022699969355,0.22161360003519803,0,0.00032,0.00025069266290340725,119814,0.3057435216889618,19.17012,100000,0.01
English words,50000,0.24118160002399236,0.2648715000250377,0.22701739997137338,0,0.00032,0.00025069266290340725,119814,0.3057435216889618,19.17012,100000,0.01
English words,100000,0.4792048000381328,0.5479792000260204,0.4701906000263989,0,0.00983,0.010039209581758123,119814,0.5174991079868044,9.58506,100000,0.01
English words,100000,0.5066558999824338,0.9250242999987677,1.1159598999656737,0,0.00983,0.010039209581758123,119814,0.5174991079868044,9.58506,100000,0.01
English words,100000,0.6661304999724962,0.9415969999972731,0.7892629000125453,0,0.00983,0.010039209581758123,119814,0.5174991079868044,9.58506,100000,0.01
English words,100000,0.7211325999815017,0.8918883000151254,0.8028384000062943,0,0.00983,0.010039209581758123,119814,0.5174991079868044,9.58506,100000,0.01
English words,100000,0.8802334000356495,1.0108347000204958,0.7031313999905251,0,0.00983,0.010039209581758123,119814,0.5174991079868044,9.58506,100000,0.01
English words,100000,0.7505031999899074,0.9346655000117607,1.100453999999445,0,0.00983,0.010039209581758123,119814,0.5174991079868044,9.58506,100000,0.01
English words,100000,1.1490741999587044,1.0529037000378594,0.6889007999561727,0,0.00983,0.010039209581758123,119814,0.5174991079868044,9.58506,100000,0.01
English words,100000,0.6957592000253499,0.8963927000295371,0.7114102999912575,0,0.00983,0.010039209581758123,119814,0.5174991079868044,9.58506,100000,0.01
English words,100000,0.7113559999852441,0.8757925000390969,0.7225056999595836,0,0.00983,0.010039209581758123,119814,0.5174991079868044,9.58506,100000,0.01
English words,100000,0.8346256000222638,0.8413502000039443,0.7164741000160575,0,0.00983,0.010039209581758123,119814,0.5174991079868044,9.58506,100000,0.01
English words,1000,0.009095699992030859,0.008623100002296269,0.006422000005841255,0,0.0,2.276537093556303e-16,149767,0.005824895900538588,1198.133,125000,0.01
English words,1000,0.007737900014035404,0.009815299999900162,0.0059988999855704606,0,0.0,2.276537093556303e-16,149767,0.005824895900538588,1198.133,125000,0.01
English words,1000,0.007218700018711388,0.00721389998216182,0.005681800015736371,0,0.0,2.276537093556303e-16,149767,0.005824895900538588,1198.133,125000,0.01
English words,1000,0.006851400015875697,0.007869399967603385,0.005588800006080419,0,0.0,2.276537093556303e-16,149767,0.005824895900538588,1198.133,125000,0.01
English words,1000,0.008828399993944913,0.006989400018937886,0.006975700031034648,0,0.0,2.276537093556303e-16,149767,0.005824895900538588,1198.133,125000,0.01
English words,1000,0.0074748999904841185,0.007010100001934916,0.006980799953453243,0,0.0,2.276537093556303e-16,149767,0.005824895900538588,1198.133,125000,0.01
English words,1000,0.008163000049535185,0.008125899999868125,0.0076283999951556325,0,0.0,2.276537093556303e-16,149767,0.005824895900538588,1198.133,125000,0.01
English words,1000,0.006492700020316988,0.006805500015616417,0.00609239999903366,0,0.0,2.276537093556303e-16,149767,0.005824895900538588,1198.133,125000,0.01
English words,1000,0.00615449994802475,0.00762290001148358,0.00567460001911968,0,0.0,2.276537093556303e-16,149767,0.005824895900538588,1198.133,125000,0.01
English words,1000,0.006103999970946461,0.007560800004284829,0.006077300000470132,0,0.0,2.276537093556303e-16,149767,0.005824895900538588,1198.133,125000,0.01
English words,5000,0.03197309997631237,0.036802200018428266,0.028793900040909648,0,0.0,1.6392525947628034e-11,149767,0.02878979211823729,239.6266,125000,0.01
English words,5000,0.03216540004359558,0.03686789999483153,0.03914279997115955,0,0.0,1.6392525947628034e-11,149767,0.02878979211823729,239.6266,125000,0.01
English words,5000,0.03328439994947985,0.036344299966003746,0.030025500047486275,0,0.0,1.6392525947628034e-11,149767,0.02878979211823729,239.6266,125000,0.01
English words,5000,0.0375112000037916,0.03979879996040836,0.037703300011344254,0,0.0,1.6392525947628034e-11,149767,0.02878979211823729,239.6266,125000,0.01
English words,5000,0.03299540001899004,0.034634699986781925,0.028839699982199818,0,0.0,1.6392525947628034e-11,149767,0.02878979211823729,239.6266,125000,0.01
English words,5000,0.032030000002123415,0.03492160001769662,0.028985400043893605,0,0.0,1.6392525947628034e-11,149767,0.02878979211823729,239.6266,125000,0.01
English words,5000,0.030730300000868738,0.045673999993596226,0.03501630004029721,0,0.0,1.6392525947628034e-11,149767,0.02878979211823729,239.6266,125000,0.01
English words,5000,0.0397069999598898,0.04528689995640889,0.04073830001289025,0,0.0,1.6392525947628034e-11,149767,0.02878979211823729,239.6266,125000,0.01
English words,5000,0.04311319999396801,0.046363300003577024,0.03845190000720322,0,0.0,1.6392525947628034e-11,149767,0.02878979211823729,239.6266,125000,0.01
English words,5000,0.039267499989364296,0.037043699994683266,0.027703600004315376,0,0.0,1.6392525947628034e-11,149767,0.02878979211823729,239.6266,125000,0.01
English words,10000,0.06541380000999197,0.08727010001894087,0.06585409998660907,0,0.0,1.8957314020525276e-09,149767,0.05677750299841503,119.8133,125000,0.01
English words,10000,0.07990469998912886,0.07803469995269552,0.0658374999766238,0,0.0,1.8957314020525276e-09,149767,0.05677750299841503,119.8133,125000,0.01
English words,10000,0.06571100000292063,0.07240290002664551,0.0683030000072904,0,0.0,1.8957314020525276e-09,149767,0.05677750299841503,119.8133,125000,0.01
English words,10000,0.07909710000967607,0.09575480001512915,0.06373619998339564,0,0.0,1.8957314020525276e-09,149767,0.05677750299841503,119.8133,125000,0.01
English words,10000,0.08343890000833198,0.07820899999933317,0.0619101999909617,0,0.0,1.8957314020525276e-09,149767,0.05677750299841503,119.8133,125000,0.01
English words,10000,0.06905980000738055,0.09487530001206324,0.06041060003917664,0,0.0,1.8957314020525276e-09,149767,0.05677750299841503,119.8133,125000,0.01
English words,10000,0.06868219998432323,0.08220810000784695,0.06722719996469095,0,0.0,1.8957314020525276e-09,149767,0.05677750299841503,119.8133,125000,0.01
English words,10000,0.0797502999776043,0.09483770001679659,0.11015279998537153,0,0.0,1.8957314020525276e-09,149767,0.05677750299841503,119.8133,125000,0.01
English words,10000,0.11679499997990206,0.14577549998648465,0.09935610002139583,0,0.0,1.8957314020525276e-09,149767,0.05677750299841503,119.8133,125000,0.01
English words,10000,0.0889653000049293,0.08352030004607514,0.062193999998271465,0,0.0,1.8957314020525276e-09,149767,0.05677750299841503,119.8133,125000,0.01
English words,25000,0.29287579999072477,0.25673689995892346,0.20224339998094365,0,0.0,8.558869606662519e-07,149767,0.13597071443654418,47.92532,125000,0.01
English words,25000,0.1766885999822989,0.2640806999988854,0.15892649994930252,0,0.0,8.558869606662519e-07,149767,0.13597071443654418,47.92532,125000,0.01
English words,25000,0.19463879999238998,0.1834556999965571,0.15144250000594184,0,0.0,8.558869606662519e-07,149767,0.13597071443654418,47.92532,125000,0.01
English words,25000,0.1853477000258863,0.18633200001204386,0.1631148000014946,0,0.0,8.558869606662519e-07,149767,0.13597071443654418,47.92532,125000,0.01
English words,25000,0.16964809998171404,0.22997240000404418,0.16330549999838695,0,0.0,8.558869606662519e-07,149767,0.13597071443654418,47.92532,125000,0.01
English words,25000,0.18042480002623051,0.1848607999854721,0.14817130001029,0,0.0,8.558869606662519e-07,149767,0.13597071443654418,47.92532,125000,0.01
English words,25000,0.18420760001754388,0.1836075999890454,0.1817899000016041,0,0.0,8.558869606662519e-07,149767,0.13597071443654418,47.92532,125000,0.01
English words,25000,0.1793798000435345,0.20248819998232648,0.18015530001139268,0,0.0,8.558869606662519e-07,149767,0.13597071443654418,47.92532,125000,0.01
English words,25000,0.1581859000143595,0.22757129999808967,0.1677862000069581,0,0.0,8.558869606662519e-07,149767,0.13597071443654418,47.92532,125000,0.01
English words,25000,0.19182910001836717,0.2047768000047654,0.1684009000309743,0,0.0,8.558869606662519e-07,149767,0.13597071443654418,47.92532,125000,0.01
English words,50000,0.33929179998813197,0.39646459999494255,0.3083920999779366,0,2e-05,6.694368083188371e-05,149767,0.25352527640921335,23.96266,125000,0.01
English words,50000,0.3438945999951102,0.427032399980817,0.33316779998131096,0,2e-05,6.694368083188371e-05,149767,0.25352527640921335,23.96266,125000,0.01
English words,50000,0.3475779999862425,0.3942330999998376,0.31262410001363605,0,2e-05,6.694368083188371e-05,149767,0.25352527640921335,23.96266,125000,0.01
English words,50000,0.37656020000576973,0.4406944999936968,0.4476625999668613,0,2e-05,6.694368083188371e-05,149767,0.25352527640921335,23.96266,125000,0.01
English words,50000,0.34817149996524677,0.36955289996694773,0.3230362000176683,0,2e-05,6.694368083188371e-05,149767,0.25352527640921335,23.96266,125000,0.01
English words,50000,0.38102440000511706,0.3693747000070289,0.29776770004536957,0,2e-05,6.694368083188371e-05,149767,0.25352527640921335,23.96266,125000,0.01
English words,50000,0.3128806999884546,0.3549873000010848,0.29457229998661205,0,2e-05,6.694368083188371e-05,149767,0.25352527640921335,23.96266,125000,0.01
English words,50000,0.312981299997773,0.3639693000004627,0.29231869999784976,0,2e-05,6.694368083188371e-05,149767,0.25352527640921335,23.96266,125000,0.01
English words,50000,0.3571238000295125,0.38803119998192415,0.3160935000050813,0,2e-05,6.694368083188371e-05,149767,0.25352527640921335,23.96266,125000,0.01
English words,50000,0.36022870003944263,0.44324210000922903,0.32392380002420396,0,2e-05,6.694368083188371e-05,149767,0.25352527640921335,23.96266,125000,0.01
English words,100000,0.6448780999635346,0.7231065999949351,0.6160739000188187,0,0.00324,0.0033204706885829435,149767,0.4428823845099,11.98133,125000,0.01
English words,100000,0.6863439999870025,0.7228566999547184,0.6349468000116758,0,0.00324,0.0033204706885829435,149767,0.4428823845099,11.98133,125000,0.01
English words,100000,0.7015430000028573,0.8286919000092894,0.675222699996084,0,0.00324,0.0033204706885829435,149767,0.4428823845099,11.98133,125000,0.01
English words,100000,0.686052099976223,0.8320564999594353,0.6620947999763303,0,0.00324,0.0033204706885829435,149767,0.4428823845099,11.98133,125000,0.01
English words,100000,0.7472468000487424,0.832137799996417,0.7043672000290826,0,0.00324,0.0033204706885829435,149767,0.4428823845099,11.98133,125000,0.01
English words,100000,0.693914900009986,0.9151315999915823,0.6965683000162244,0,0.00324,0.0033204706885829435,149767,0.4428823845099,11.98133,125000,0.01
English words,100000,0.7394515000050887,0.7971896000090055,0.6432695999974385,0,0.00324,0.0033204706885829435,149767,0.4428823845099,11.98133,125000,0.01
English words,100000,0.6908516000257805,0.7806623000069521,0.6452577000018209,0,0.00324,0.0033204706885829435,149767,0.4428823845099,11.98133,125000,0.01
English words,100000,0.6990848999703303,0.865066799975466,0.7782212999882177,0,0.00324,0.0033204706885829435,149767,0.4428823845099,11.98133,125000,0.01
English words,100000,0.7675089000258595,0.8867603999678977,0.8001032000174746,0,0.00324,0.0033204706885829435,149767,0.4428823845099,11.98133,125000,0.01
English words,1000,0.0060320000047795475,0.011276899953372777,0.009019699995405972,0,0.0,6.375086231590716e-17,179720,0.004858255103949966,1437.759,150000,0.01
English words,1000,0.008836599998176098,0.011158699984662235,0.010416499979328364,0,0.0,6.375086231590716e-17,179720,0.004858255103949966,1437.759,150000,0.01
English words,1000,0.0073148999945260584,0.0093015999882482,0.007084700046107173,0,0.0,6.375086231590716e-17,179720,0.004858255103949966,1437.759,150000,0.01
English words,1000,0.008488799969200045,0.010817900008987635,0.010568700032308698,0,0.0,6.375086231590716e-17,179720,0.004858255103949966,1437.759,150000,0.01
English words,1000,0.008020899957045913,0.011413400003220886,0.010711100010666996,0,0.0,6.375086231590716e-17,179720,0.004858255103949966,1437.759,150000,0.01
English words,1000,0.007146099989768118,0.007309700013138354,0.007666599994990975,0,0.0,6.375086231590716e-17,179720,0.004858255103949966,1437.759,150000,0.01
English words,1000,0.006182799988891929,0.007502300024498254,0.005460999964270741,0,0.0,6.375086231590716e-17,179720,0.004858255103949966,1437.759,150000,0.01
English words,1000,0.007181900029536337,0.007283399987500161,0.006620100000873208,0,0.0,6.375086231590716e-17,179720,0.004858255103949966,1437.759,150000,0.01
English words,1000,0.006225500022992492,0.007481799984816462,0.005761700042057782,0,0.0,6.375086231590716e-17,179720,0.004858255103949966,1437.759,150000,0.01
English words,1000,0.011786799994297326,0.0071959999622777104,0.005579899996519089,0,0.0,6.375086231590716e-17,179720,0.004858255103949966,1437.759,150000,0.01
English words,5000,0.03584020002745092,0.036117899988312274,0.045995599997695535,0,0.0,4.653138022104431e-12,179720,0.024018628991367814,287.5518,150000,0.01
English words,5000,0.038971300004050136,0.04541560000507161,0.035966700001154095,0,0.0,4.653138022104431e-12,179720,0.024018628991367814,287.5518,150000,0.01
English words,5000,0.03505509998649359,0.03618049999931827,0.03347510000457987,0,0.0,4.653138022104431e-12,179720,0.024018628991367814,287.5518,150000,0.01
English words,5000,0.03408170002512634,0.03941639995900914,0.03305269998963922,0,0.0,4.653138022104431e-12,179720,0.024018628991367814,287.5518,150000,0.01
English words,5000,0.03251639998052269,0.036510199948679656,0.03316300001461059,0,0.0,4.653138022104431e-12,179720,0.024018628991367814,287.5518,150000,0.01
English words,5000,0.03385770000750199,0.03776360000483692,0.03768160002073273,0,0.0,4.653138022104431e-12,179720,0.024018628991367814,287.5518,150000,0.01
English words,5000,0.03683289996115491,0.0400184000027366,0.028072600020095706,0,0.0,4.653138022104431e-12,179720,0.024018628991367814,287.5518,150000,0.01
English words,5000,0.039278099953662604,0.0435744000133127,0.03604189999168739,0,0.0,4.653138022104431e-12,179720,0.024018628991367814,287.5518,150000,0.01
English words,5000,0.03222749999258667,0.043771800003014505,0.03456739999819547,0,0.0,4.653138022104431e-12,179720,0.024018628991367814,287.5518,150000,0.01
English words,5000,0.051578600017819554,0.04187159996945411,0.037848300009500235,0,0.0,4.653138022104431e-12,179720,0.024018628991367814,287.5518,150000,0.01
English words,10000,0.10654399998020381,0.09813550004037097,0.07387540000490844,0,0.0,5.472406080344295e-10,179720,0.04743632277732221,143.7759,150000,0.01
English words,10000,0.06761540001025423,0.08870280004339293,0.07920709997415543,0,0.0,5.472406080344295e-10,179720,0.04743632277732221,143.7759,150000,0.01
English words,10000,0.07790670002577826,0.09021419996861368,0.06578190001891926,0,0.0,5.472406080344295e-10,179720,0.04743632277732221,143.7759,150000,0.01
English words,10000,0.0637894999817945,0.07785429997602478,0.05757649999577552,0,0.0,5.472406080344295e-10,179720,0.04743632277732221,143.7759,150000,0.01
English words,10000,0.06800440000370145,0.07622109999647364,0.06532690004678443,0,0.0,5.472406080344295e-10,179720,0.04743632277732221,143.7759,150000,0.01
English words,10000,0.07622029999038205,0.0951391999842599,0.06820800004061311,0,0.0,5.472406080344295e-10,179720,0.04743632277732221,143.7759,150000,0.01
English words,10000,0.08909669995773584,0.09100479999324307,0.059838199988007545,0,0.0,5.472406080344295e-10,179720,0.04743632277732221,143.7759,150000,0.01
English words,10000,0.07181910000508651,0.08724660001462325,0.05890880001243204,0,0.0,5.472406080344295e-10,179720,0.04743632277732221,143.7759,150000,0.01
English words,10000,0.06612239999230951,0.07373460003873333,0.06270910002058372,0,0.0,5.472406080344295e-10,179720,0.04743632277732221,143.7759,150000,0.01
English words,10000,0.07118929998250678,0.07593069999711588,0.05860339995706454,0,0.0,5.472406080344295e-10,179720,0.04743632277732221,143.7759,150000,0.01
English words,25000,0.1608542000176385,0.19618239998817444,0.14377500000409782,0,0.0,2.596128472004376e-07,179720,0.1145143240278795,57.51036,150000,0.01
English words,25000,0.1644668999942951,0.19239740003831685,0.14593900000909343,0,0.0,2.596128472004376e-07,179720,0.1145143240278795,57.51036,150000,0.01
English words,25000,0.17815380002139136,0.1880595000111498,0.15591920004226267,0,0.0,2.596128472004376e-07,179720,0.1145143240278795,57.51036,150000,0.01
English words,25000,0.17539509997004643,0.20340599998598918,0.14514029998099431,0,0.0,2.596128472004376e-07,179720,0.1145143240278795,57.51036,150000,0.01
English words,25000,0.1628422000212595,0.18896130000939593,0.14442520000739023,0,0.0,2.596128472004376e-07,179720,0.1145143240278795,57.51036,150000,0.01
English words,25000,0.16197090002242476,0.19884689996251836,0.17555320000974461,0,0.0,2.596128472004376e-07,179720,0.1145143240278795,57.51036,150000,0.01
English words,25000,0.18173359998036176,0.2165582000161521,0.157285499968566,0,0.0,2.596128472004376e-07,179720,0.1145143240278795,57.51036,150000,0.01
English words,25000,0.16441430000122637,0.20583380002062768,0.14531380002154037,0,0.0,2.596128472004376e-07,179720,0.1145143240278795,57.51036,150000,0.01
English words,25000,0.15859360003378242,0.18532009999034926,0.14345059997867793,0,0.0,2.596128472004376e-07,179720,0.1145143240278795,57.51036,150000,0.01
English words,25000,0.1574591000098735,0.19319479999830946,0.16000970004824921,0,0.0,2.596128472004376e-07,179720,0.1145143240278795,57.51036,150000,0.01
English words,50000,0.33070800005225465,0.3644687999621965,0.3087531000492163,0,0.0,2.1986122401515063e-05,179720,0.21590822940423257,28.75518,150000,0.01
English words,50000,0.3241320999804884,0.36467440001433715,0.3157144999713637,0,0.0,2.1986122401515063e-05,179720,0.21590822940423257,28.75518,150000,0.01
English words,50000,0.33461780002107844,0.4026116000022739,0.29905269999289885,0,0.0,2.1986122401515063e-05,179720,0.21590822940423257,28.75518,150000,0.01
English words,50000,0.33783849998144433,0.3609701000386849,0.3611570000066422,0,0.0,2.1986122401515063e-05,179720,0.21590822940423257,28.75518,150000,0.01
English words,50000,0.34893750003539026,0.40911419998155907,0.3462328999885358,0,0.0,2.1986122401515063e-05,179720,0.21590822940423257,28.75518,150000,0.01
English words,50000,0.3784524999791756,0.40824300004169345,0.3456327000167221,0,0.0,2.1986122401515063e-05,179720,0.21590822940423257,28.75518,150000,0.01
English words,50000,0.3519397000200115,0.44447370001580566,0.5656724000000395,0,0.0,2.1986122401515063e-05,179720,0.21590822940423257,28.75518,150000,0.01
English words,50000,0.6255027999868616,0.572633899981156,0.3973867000313476,0,0.0,2.1986122401515063e-05,179720,0.21590822940423257,28.75518,150000,0.01
English words,50000,0.369727699959185,0.34139129996765405,0.3165990000125021,0,0.0,2.1986122401515063e-05,179720,0.21590822940423257,28.75518,150000,0.01
English words,50000,0.3856538999825716,0.38236950000282377,0.2651340999873355,0,0.0,2.1986122401515063e-05,179720,0.21590822940423257,28.75518,150000,0.01
English words,100000,0.5723124999785796,0.6495311000035144,0.5691843000240624,0,0.00115,0.0012641390236719158,179720,0.3854004739320011,14.37759,150000,0.01
English words,100000,0.5691213000100106,0.5641203999985009,0.4525174999726005,0,0.00115,0.0012641390236719158,179720,0.3854004739320011,14.37759,150000,0.01
English words,100000,0.5464013000018895,0.5821393000078388,0.48934200004441664,0,0.00115,0.0012641390236719158,179720,0.3854004739320011,14.37759,150000,0.01
English words,100000,0.5709765999927185,0.6714695999980904,0.6022577999974601,0,0.00115,0.0012641390236719158,179720,0.3854004739320011,14.37759,150000,0.01
English words,100000,0.6343573000049219,0.6423227000050247,0.5660771999973804,0,0.00115,0.0012641390236719158,179720,0.3854004739320011,14.37759,150000,0.01
English words,100000,0.5431011999608018,0.6048619999783114,0.4424775000079535,0,0.00115,0.0012641390236719158,179720,0.3854004739320011,14.37759,150000,0.01
English words,100000,0.47914359997957945,0.5718954000039957,0.46414569998160005,0,0.00115,0.0012641390236719158,179720,0.3854004739320011,14.37759,150000,0.01
English words,100000,0.4955614000209607,0.5417710000183433,0.48752470000181347,0,0.00115,0.0012641390236719158,179720,0.3854004739320011,14.37759,150000,0.01
English words,100000,0.4763112000073306,0.5605863999808207,0.4515224999631755,0,0.00115,0.0012641390236719158,179720,0.3854004739320011,14.37759,150000,0.01
English words,100000,0.47638079995522276,0.5350003999774344,0.4442941000452265,0,0.00115,0.0012641390236719158,179720,0.3854004739320011,14.37759,150000,0.01
English words,1000,0.005529399961233139,0.005333599983714521,0.004132999980356544,0,0.0,8.546016607875172e-18,239627,0.003645256263393239,1917.012,200000,0.01
English words,1000,0.0046799000119790435,0.0051256000297144055,0.00451450003311038,0,0.0,8.546016607875172e-18,239627,0.003645256263393239,1917.012,200000,0.01
English words,1000,0.004575399972964078,0.005304999998770654,0.004241400049068034,0,0.0,8.546016607875172e-18,239627,0.003645256263393239,1917.012,200000,0.01
English words,1000,0.004595400008838624,0.006172799970954657,0.004168399958871305,0,0.0,8.546016607875172e-18,239627,0.003645256263393239,1917.012,200000,0.01
English words,1000,0.00478689995361492,0.0050534000038169324,0.00416759995277971,0,0.0,8.546016607875172e-18,239627,0.003645256263393239,1917.012,200000,0.01
English words,1000,0.004868699994403869,0.00545980001334101,0.004094700037967414,0,0.0,8.546016607875172e-18,239627,0.003645256263393239,1917.012,200000,0.01
English words,1000,0.0046304999850690365,0.005213299999013543,0.004095500044059008,0,0.0,8.546016607875172e-18,239627,0.003645256263393239,1917.012,200000,0.01
English words,1000,0.004675900039728731,0.005089399986900389,0.004093000025022775,0,0.0,8.546016607875172e-18,239627,0.003645256263393239,1917.012,200000,0.01
English words,1000,0.004854900005739182,0.005204199987929314,0.004124299972318113,0,0.0,8.546016607875172e-18,239627,0.003645256263393239,1917.012,200000,0.01
English words,1000,0.004583799978718162,0.005099300004076213,0.0042152999667450786,0,0.0,8.546016607875172e-18,239627,0.003645256263393239,1917.012,200000,0.01
English words,5000,0.023737700015772134,0.02622749999864027,0.020685099996626377,0,0.0,6.34443032144784e-13,239627,0.018096391676212773,383.4024,200000,0.01
English words,5000,0.02322420000564307,0.02613850001944229,0.02065219997894019,0,0.0,6.34443032144784e-13,239627,0.018096391676212773,383.4024,200000,0.01
English words,5000,0.023048900009598583,0.02853720000712201,0.026227800000924617,0,0.0,6.34443032144784e-13,239627,0.018096391676212773,383.4024,200000,0.01
English words,5000,0.023046200047247112,0.025893200014252216,0.02139439998427406,0,0.0,6.34443032144784e-13,239627,0.018096391676212773,383.4024,200000,0.01
English words,5000,0.02320350002264604,0.02629090001573786,0.020688400021754205,0,0.0,6.34443032144784e-13,239627,0.018096391676212773,383.4024,200000,0.01
English words,5000,0.023450600041542202,0.026903500023763627,0.021211199986282736,0,0.0,6.34443032144784e-13,239627,0.018096391676212773,383.4024,200000,0.01
English words,5000,0.023983900027815253,0.026053100009448826,0.022002899961080402,0,0.0,6.34443032144784e-13,239627,0.018096391676212773,383.4024,200000,0.01
English words,5000,0.023281500034499913,0.028701999981421977,0.021211199986282736,0,0.0,6.34443032144784e-13,239627,0.018096391676212773,383.4024,200000,0.01
English words,5000,0.02426569996168837,0.026098800008185208,0.021000600012484938,0,0.0,6.34443032144784e-13,239627,0.018096391676212773,383.4024,200000,0.01
English words,5000,0.023570200020913035,0.026026899984572083,0.022630399966146797,0,0.0,6.34443032144784e-13,239627,0.018096391676212773,383.4024,200000,0.01
English words,10000,0.04629839997505769,0.06656730000395328,0.05180610000388697,0,0.0,7.620389843068936e-11,239627,0.03583493478392415,191.7012,200000,0.01
English words,10000,0.04771050001727417,0.05335689999628812,0.04680110001936555,0,0.0,7.620389843068936e-11,239627,0.03583493478392415,191.7012,200000,0.01
English words,10000,0.052689599979203194,0.055540400033351034,0.04658879997441545,0,0.0,7.620389843068936e-11,239627,0.03583493478392415,191.7012,200000,0.01
English words,10000,0.050252199987880886,0.0556745000067167,0.047881799982860684,0,0.0,7.620389843068936e-11,239627,0.03583493478392415,191.7012,200000,0.01
English words,10000,0.049718900001607835,0.05421079997904599,0.044005999981891364,0,0.0,7.620389843068936e-11,239627,0.03583493478392415,191.7012,200000,0.01
English words,10000,0.04909559997031465,0.05953029997181147,0.04443820001324639,0,0.0,7.620389843068936e-11,239627,0.03583493478392415,191.7012,200000,0.01
English words,10000,0.05239600001368672,0.06369849998736754,0.04550730000482872,0,0.0,7.620389843068936e-11,239627,0.03583493478392415,191.7012,200000,0.01
English words,10000,0.050320399983320385,0.05478940001921728,0.04512939997948706,0,0.0,7.620389843068936e-11,239627,0.03583493478392415,191.7012,200000,0.01
English words,10000,0.051545700000133365,0.05774429999291897,0.0434188999934122,0,0.0,7.620389843068936e-11,239627,0.03583493478392415,191.7012,200000,0.01
English words,10000,0.06370020000031218,0.062256200006231666,0.051164699951186776,0,0.0,7.620389843068936e-11,239627,0.03583493478392415,191.7012,200000,0.01
English words,25000,0.1325455000041984,0.14133959996979684,0.13672530004987493,0,0.0,3.847579776268674e-08,239627,0.08724515026510006,76.68048,200000,0.01
English words,25000,0.13565459998790175,0.1466004999820143,0.12474349996773526,0,0.0,3.847579776268674e-08,239627,0.08724515026510006,76.68048,200000,0.01
English words,25000,0.13149370002793148,0.15757470001699403,0.11406379996333271,0,0.0,3.847579776268674e-08,239627,0.08724515026510006,76.68048,200000,0.01
English words,25000,0.1349358999868855,0.17041189997689798,0.11652560002403334,0,0.0,3.847579776268674e-08,239627,0.08724515026510006,76.68048,200000,0.01
English words,25000,0.12782709999009967,0.14315489999717101,0.10888400004478171,0,0.0,3.847579776268674e-08,239627,0.08724515026510006,76.68048,200000,0.01
English words,25000,0.11766230000648648,0.1347308999975212,0.10581679997267202,0,0.0,3.847579776268674e-08,239627,0.08724515026510006,76.68048,200000,0.01
English words,25000,0.11878800002159551,0.13862270000390708,0.10954590002074838,0,0.0,3.847579776268674e-08,239627,0.08724515026510006,76.68048,200000,0.01
English words,25000,0.11853560002055019,0.13724569999612868,0.10658520000288263,0,0.0,3.847579776268674e-08,239627,0.08724515026510006,76.68048,200000,0.01
English words,25000,0.11900750000495464,0.13343580003129318,0.11018839996540919,0,0.0,3.847579776268674e-08,239627,0.08724515026510006,76.68048,200000,0.01
English words,25000,0.11916699999710545,0.13628149998839945,0.12596400000620633,0,0.0,3.847579776268674e-08,239627,0.08724515026510006,76.68048,200000,0.01
English words,50000,0.25397800002247095,0.2702583000063896,0.23107929999241605,0,0.0,3.6041501959913267e-06,239627,0.1668174221131636,38.34024,200000,0.01
English words,50000,0.24514740001177415,0.2829296000418253,0.22969589999411255,0,0.0,3.6041501959913267e-06,239627,0.1668174221131636,38.34024,200000,0.01
English words,50000,0.23837639996781945,0.28111439995700493,0.22052470000926405,0,0.0,3.6041501959913267e-06,239627,0.1668174221131636,38.34024,200000,0.01
English words,50000,0.28287970001110807,0.2933349999948405,0.2224904999602586,0,0.0,3.6041501959913267e-06,239627,0.1668174221131636,38.34024,200000,0.01
English words,50000,0.24495790002401918,0.26615829998627305,0.21761220000917092,0,0.0,3.6041501959913267e-06,239627,0.1668174221131636,38.34024,200000,0.01
English words,50000,0.23889659997075796,0.27423039998393506,0.21791369997663423,0,0.0,3.6041501959913267e-06,239627,0.1668174221131636,38.34024,200000,0.01
English words,50000,0.2400097000063397,0.2826024999958463,0.24650149996159598,0,0.0,3.6041501959913267e-06,239627,0.1668174221131636,38.34024,200000,0.01
English words,50000,0.2603023999836296,0.2876443999703042,0.23601890000281855,0,0.0,3.6041501959913267e-06,239627,0.1668174221131636,38.34024,200000,0.01
English words,50000,0.25838529999600723,0.32368990004761145,0.2358329999842681,0,0.0,3.6041501959913267e-06,239627,0.1668174221131636,38.34024,200000,0.01
English words,50000,0.2573870000196621,0.2920608000131324,0.23781289998441935,0,0.0,3.6041501959913267e-06,239627,0.1668174221131636,38.34024,200000,0.01
English words,100000,0.5047677999828011,0.5395419999840669,0.4358774999855086,0,0.00018,0.00025069266290340725,239627,0.3057899481067411,19.17012,200000,0.01
English words,100000,0.48808569996617734,0.569967599993106,0.4503925000317395,0,0.00018,0.00025069266290340725,239627,0.3057899481067411,19.17012,200000,0.01
English words,100000,0.4784952000482008,0.5322304000146687,0.4484796999604441,0,0.00018,0.00025069266290340725,239627,0.3057899481067411,19.17012,200000,0.01
English words,100000,0.5166699000401422,0.5337984999641776,0.4484200000297278,0,0.00018,0.00025069266290340725,239627,0.3057899481067411,19.17012,200000,0.01
English words,100000,0.4919880000525154,0.5309650999843143,0.4835194000042975,0,0.00018,0.00025069266290340725,239627,0.3057899481067411,19.17012,200000,0.01
English words,100000,0.555791299964767,0.6075767999864183,0.49204560002544895,0,0.00018,0.00025069266290340725,239627,0.3057899481067411,19.17012,200000,0.01
English words,100000,0.5932312000077218,0.6969638000009581,0.5100467000156641,0,0.00018,0.00025069266290340725,239627,0.3057899481067411,19.17012,200000,0.01
English words,100000,0.5143139000283554,0.6512118999962695,0.8800277999835089,0,0.00018,0.00025069266290340725,239627,0.3057899481067411,19.17012,200000,0.01
English words,100000,0.6639010999933816,0.6122029999969527,0.5194962000241503,0,0.00018,0.00025069266290340725,239627,0.3057899481067411,19.17012,200000,0.01
English words,100000,0.5718365000211634,0.715368099976331,0.48650349996751174,0,0.00018,0.00025069266290340725,239627,0.3057899481067411,19.17012,200000,0.01
English sentences,1000,0.00503460003528744,0.00557079998543486,0.005598499963525683,0,0.0,1.0800114320987647e-15,119814,0.007276949753053189,958.506,100000,0.01
English sentences,1000,0.004915199999231845,0.0074976999894715846,0.004417399992235005,0,0.0,1.0800114320987647e-15,119814,0.007276949753053189,958.506,100000,0.01
English sentences,1000,0.01062900002580136,0.013162300048861653,0.004412400012370199,0,0.0,1.0800114320987647e-15,119814,0.007276949753053189,958.506,100000,0.01
English sentences,1000,0.007275700045283884,0.007956000044941902,0.006844300020020455,0,0.0,1.0800114320987647e-15,119814,0.007276949753053189,958.506,100000,0.01
English sentences,1000,0.00718140002572909,0.006606600014492869,0.013144399970769882,0,0.0,1.0800114320987647e-15,119814,0.007276949753053189,958.506,100000,0.01
English sentences,1000,0.007221399981062859,0.005459000007249415,0.004645099979825318,0,0.0,1.0800114320987647e-15,119814,0.007276949753053189,958.506,100000,0.01
English sentences,1000,0.004908000002615154,0.009430300036910921,0.00467150000622496,0,0.0,1.0800114320987647e-15,119814,0.007276949753053189,958.506,100000,0.01
English sentences,1000,0.005236500001046807,0.006734599999617785,0.004695600015111268,0,0.0,1.0800114320987647e-15,119814,0.007276949753053189,958.506,100000,0.01
English sentences,1000,0.008259400026872754,0.006594900041818619,0.0053721999865956604,0,0.0,1.0800114320987647e-15,119814,0.007276949753053189,958.506,100000,0.01
English sentences,1000,0.005698000022675842,0.005391000013332814,0.004375199961941689,0,0.0,1.0800114320987647e-15,119814,0.007276949753053189,958.506,100000,0.01
English sentences,5000,0.045914400019682944,0.03419440001016483,0.026315500028431416,0,0.0,7.620389843068936e-11,119814,0.035869363363400956,191.7012,100000,0.01
English sentences,5000,0.027905399969313294,0.03239840001333505,0.033705900015775114,0,0.0,7.620389843068936e-11,119814,0.035869363363400956,191.7012,100000,0.01
English sentences,5000,0.027529899962246418,0.03310689999489114,0.023924099979922175,0,0.0,7.620389843068936e-11,119814,0.035869363363400956,191.7012,100000,0.01
English sentences,5000,0.034587500034831464,0.030855000019073486,0.025014600018039346,0,0.0,7.620389843068936e-11,119814,0.035869363363400956,191.7012,100000,0.01
English sentences,5000,0.02546869998332113,0.03442929999437183,0.024001000041607767,0,0.0,7.620389843068936e-11,119814,0.035869363363400956,191.7012,100000,0.01
English sentences,5000,0.02681720000691712,0.0276337000541389,0.024137199972756207,0,0.0,7.620389843068936e-11,119814,0.035869363363400956,191.7012,100000,0.01
English sentences,5000,0.026330399967264384,0.03185640001902357,0.03670930000953376,0,0.0,7.620389843068936e-11,119814,0.035869363363400956,191.7012,100000,0.01
English sentences,5000,0.03083659999538213,0.03351259999908507,0.025100899976678193,0,0.0,7.620389843068936e-11,119814,0.035869363363400956,191.7012,100000,0.01
English sentences,5000,0.04048229998443276,0.02960710000479594,0.022715599974617362,0,0.0,7.620389843068936e-11,119814,0.035869363363400956,191.7012,100000,0.01
English sentences,5000,0.028380699979607016,0.030477599997539073,0.023295000020880252,0,0.0,7.620389843068936e-11,119814,0.035869363363400956,191.7012,100000,0.01
English sentences,10000,0.05212419998133555,0.054797999968286604,0.05704589997185394,0,0.0,8.593887279990108e-09,119814,0.07040227186892936,95.8506,100000,0.01
English sentences,10000,0.0673706000088714,0.05808659998001531,0.04625680000754073,0,0.0,8.593887279990108e-09,119814,0.07040227186892936,95.8506,100000,0.01
English sentences,10000,0.05373500002315268,0.07045090000610799,0.053165099991019815,0,0.0,8.593887279990108e-09,119814,0.07040227186892936,95.8506,100000,0.01
English sentences,10000,0.052572600019630045,0.0952205000212416,0.11054690001765266,0,0.0,8.593887279990108e-09,119814,0.07040227186892936,95.8506,100000,0.01
English sentences,10000,0.05320109997410327,0.05847479996737093,0.05194210004992783,0,0.0,8.593887279990108e-09,119814,0.07040227186892936,95.8506,100000,0.01
English sentences,10000,0.05259380000643432,0.05875039997044951,0.046000199974514544,0,0.0,8.593887279990108e-09,119814,0.07040227186892936,95.8506,100000,0.01
English sentences,10000,0.05015209998236969,0.06465950002893806,0.05052969994721934,0,0.0,8.593887279990108e-09,119814,0.07040227186892936,95.8506,100000,0.01
English sentences,10000,0.05453029996715486,0.06283609999809414,0.05005849996814504,0,0.0,8.593887279990108e-09,119814,0.07040227186892936,95.8506,100000,0.01
English sentences,10000,0.07413729996187612,0.0820225999923423,0.0493080000160262,0,0.0,8.593887279990108e-09,119814,0.07040227186892936,95.8506,100000,0.01
English sentences,10000,0.05465379997622222,0.06281329999910668,0.056729900010395795,0,0.0,8.593887279990108e-09,119814,0.07040227186892936,95.8506,100000,0.01
English sentences,25000,0.13204529997892678,0.17008650000207126,0.1189693000051193,0,0.0,3.6041501959913267e-06,119814,0.16682837666117897,38.34024,100000,0.01
English sentences,25000,0.12977600004523993,0.15522239997517318,0.1574792999890633,0,0.0,3.6041501959913267e-06,119814,0.16682837666117897,38.34024,100000,0.01
English sentences,25000,0.13008789997547865,0.14957559999311343,0.12823600001865998,0,0.0,3.6041501959913267e-06,119814,0.16682837666117897,38.34024,100000,0.01
English sentences,25000,0.15529099997365847,0.15353979996871203,0.12174879998201504,0,0.0,3.6041501959913267e-06,119814,0.16682837666117897,38.34024,100000,0.01
English sentences,25000,0.14870750001864508,0.1483808000339195,0.14220469997962937,0,0.0,3.6041501959913267e-06,119814,0.16682837666117897,38.34024,100000,0.01
English sentences,25000,0.13276899995980784,0.175894399988465,0.12641189998248592,0,0.0,3.6041501959913267e-06,119814,0.16682837666117897,38.34024,100000,0.01
English sentences,25000,0.17248579999431968,0.17323650000616908,0.12985759996809065,0,0.0,3.6041501959913267e-06,119814,0.16682837666117897,38.34024,100000,0.01
English sentences,25000,0.12553110002772883,0.15659009997034445,0.1547349999891594,0,0.0,3.6041501959913267e-06,119814,0.16682837666117897,38.34024,100000,0.01
English sentences,25000,0.15196849999483675,0.21123030001763254,0.14821129996562377,0,0.0,3.6041501959913267e-06,119814,0.16682837666117897,38.34024,100000,0.01
English sentences,25000,0.1684116999967955,0.1599922000314109,0.13197670003864914,0,0.0,3.6041501959913267e-06,119814,0.16682837666117897,38.34024,100000,0.01
English sentences,50000,0.27741750003769994,0.30621910002082586,0.29582890000892803,0,0.00024,0.00025069266290340725,119814,0.30599704122874555,19.17012,100000,0.01
English sentences,50000,0.38213760004146025,0.35810419998597354,0.24728499999037012,0,0.00024,0.00025069266290340725,119814,0.30599704122874555,19.17012,100000,0.01
English sentences,50000,0.2886729000019841,0.3472030999837443,0.305941799946595,0,0.00024,0.00025069266290340725,119814,0.30599704122874555,19.17012,100000,0.01
English sentences,50000,0.3480962999747135,0.3314281999482773,0.3076238000066951,0,0.00024,0.00025069266290340725,119814,0.30599704122874555,19.17012,100000,0.01
English sentences,50000,0.27825139998458326,0.3338478999794461,0.26083859999198467,0,0.00024,0.00025069266290340725,119814,0.30599704122874555,19.17012,100000,0.01
English sentences,50000,0.28038059995742515,0.312348400009796,0.2548149000504054,0,0.00024,0.00025069266290340725,119814,0.30599704122874555,19.17012,100000,0.01
English sentences,50000,0.26313300000038,0.32032399997115135,0.25238249998074025,0,0.00024,0.00025069266290340725,119814,0.30599704122874555,19.17012,100000,0.01
English sentences,50000,0.27322480001021177,0.3151481000240892,0.27120620000641793,0,0.00024,0.00025069266290340725,119814,0.30599704122874555,19.17012,100000,0.01
English sentences,50000,0.2878984000417404,0.33435399999143556,0.2582935999962501,0,0.00024,0.00025069266290340725,119814,0.30599704122874555,19.17012,100000,0.01
English sentences,50000,0.3098261000122875,0.313627700030338,0.266271099972073,0,0.00024,0.00025069266290340725,119814,0.30599704122874555,19.17012,100000,0.01
English sentences,100000,0.568286599998828,0.6371696999995038,0.576030699943658,0,0.01041,0.010039209581758123,119814,0.5182627964770173,9.58506,100000,0.01
English sentences,100000,0.6893401999841444,0.6150551000027917,0.537223500024993,0,0.01041,0.010039209581758123,119814,0.5182627964770173,9.58506,100000,0.01
English sentences,100000,0.5800007999641821,0.6295793000026606,0.5435895000118762,0,0.01041,0.010039209581758123,119814,0.5182627964770173,9.58506,100000,0.01
English sentences,100000,0.5542563999770209,0.6424164000200108,0.5218556000036187,0,0.01041,0.010039209581758123,119814,0.5182627964770173,9.58506,100000,0.01
English sentences,100000,0.5794309999910183,0.6538732000044547,0.5162358999950811,0,0.01041,0.010039209581758123,119814,0.5182627964770173,9.58506,100000,0.01
English sentences,100000,0.5410883000004105,0.6102705000084825,0.5433985999552533,0,0.01041,0.010039209581758123,119814,0.5182627964770173,9.58506,100000,0.01
English sentences,100000,0.5687222999986261,0.6110100000514649,0.6386524999979883,0,0.01041,0.010039209581758123,119814,0.5182627964770173,9.58506,100000,0.01
English sentences,100000,0.5706884000101127,0.6339632999734022,0.5642047000001185,0,0.01041,0.010039209581758123,119814,0.5182627964770173,9.58506,100000,0.01
English sentences,100000,0.6086553999921307,0.6154514999943785,0.8340355000109412,0,0.01041,0.010039209581758123,119814,0.5182627964770173,9.58506,100000,0.01
English sentences,100000,0.5635815999703482,0.6075537000433542,0.5708411000086926,0,0.01041,0.010039209581758123,119814,0.5182627964770173,9.58506,100000,0.01
English sentences,1000,0.005008300009649247,0.005387500044889748,0.005204399989452213,0,0.0,2.276537093556303e-16,149767,0.00582823442806433,1198.133,125000,0.01
English sentences,1000,0.005237100005615503,0.005591799970716238,0.0054435000056400895,0,0.0,2.276537093556303e-16,149767,0.00582823442806433,1198.133,125000,0.01
English sentences,1000,0.0048940000124275684,0.0054301000200212,0.005265699990559369,0,0.0,2.276537093556303e-16,149767,0.00582823442806433,1198.133,125000,0.01
English sentences,1000,0.004910800023935735,0.0071625999989919364,0.004388100001960993,0,0.0,2.276537093556303e-16,149767,0.00582823442806433,1198.133,125000,0.01
English sentences,1000,0.005201500025577843,0.007853199960663915,0.00926900003105402,0,0.0,2.276537093556303e-16,149767,0.00582823442806433,1198.133,125000,0.01
English sentences,1000,0.004938900005072355,0.007288499968126416,0.004359699960332364,0,0.0,2.276537093556303e-16,149767,0.00582823442806433,1198.133,125000,0.01
English sentences,1000,0.007663500029593706,0.0072330000111833215,0.004440899996552616,0,0.0,2.276537093556303e-16,149767,0.00582823442806433,1198.133,125000,0.01
English sentences,1000,0.005143999995198101,0.005452200013678521,0.006378200021572411,0,0.0,2.276537093556303e-16,149767,0.00582823442806433,1198.133,125000,0.01
English sentences,1000,0.004890999989584088,0.005718500004149973,0.004350200004409999,0,0.0,2.276537093556303e-16,149767,0.00582823442806433,1198.133,125000,0.01
English sentences,1000,0.0063529000035487115,0.005393200030084699,0.00628939998568967,0,0.0,2.276537093556303e-16,149767,0.00582823442806433,1198.133,125000,0.01
English sentences,5000,0.02675330004421994,0.027877200045622885,0.03731270000571385,0,0.0,1.6392525947628034e-11,149767,0.028792296013881596,239.6266,125000,0.01
English sentences,5000,0.032606499968096614,0.03551880002487451,0.032475999963935465,0,0.0,1.6392525947628034e-11,149767,0.028792296013881596,239.6266,125000,0.01
English sentences,5000,0.024804199987556785,0.028353900008369237,0.024320900032762438,0,0.0,1.6392525947628034e-11,149767,0.028792296013881596,239.6266,125000,0.01
English sentences,5000,0.026635300018824637,0.03049450000980869,0.02476970001589507,0,0.0,1.6392525947628034e-11,149767,0.028792296013881596,239.6266,125000,0.01
English sentences,5000,0.026038000010885298,0.04241579998051748,0.02534719998948276,0,0.0,1.6392525947628034e-11,149767,0.028792296013881596,239.6266,125000,0.01
English sentences,5000,0.032729400030802935,0.03989030001685023,0.024005299957934767,0,0.0,1.6392525947628034e-11,149767,0.028792296013881596,239.6266,125000,0.01
English sentences,5000,0.027460600016638637,0.03142659994773567,0.023020600026939064,0,0.0,1.6392525947628034e-11,149767,0.028792296013881596,239.6266,125000,0.01
English sentences,5000,0.028097799979150295,0.03174900001613423,0.02668499998981133,0,0.0,1.6392525947628034e-11,149767,0.028792296013881596,239.6266,125000,0.01
English sentences,5000,0.03781919996254146,0.03682969999499619,0.027067899995017797,0,0.0,1.6392525947628034e-11,149767,0.028792296013881596,239.6266,125000,0.01
English sentences,5000,0.025739500008057803,0.03018629999132827,0.023977099976036698,0,0.0,1.6392525947628034e-11,149767,0.028792296013881596,239.6266,125000,0.01
English sentences,10000,0.05542280001100153,0.058644200034905225,0.04871940001612529,0,0.0,1.8957314020525276e-09,149767,0.05673326750869895,119.8133,125000,0.01
English sentences,10000,0.05718820000765845,0.07139120000647381,0.07171350001590326,0,0.0,1.8957314020525276e-09,149767,0.05673326750869895,119.8133,125000,0.01
English sentences,10000,0.05101210001157597,0.06013220001477748,0.048502399993594736,0,0.0,1.8957314020525276e-09,149767,0.05673326750869895,119.8133,125000,0.01
English sentences,10000,0.05112419999204576,0.05684660002589226,0.049192899954505265,0,0.0,1.8957314020525276e-09,149767,0.05673326750869895,119.8133,125000,0.01
English sentences,10000,0.054539999982807785,0.06905349995940924,0.05473930004518479,0,0.0,1.8957314020525276e-09,149767,0.05673326750869895,119.8133,125000,0.01
English sentences,10000,0.0717140999622643,0.07435970002552494,0.0496055000112392,0,0.0,1.8957314020525276e-09,149767,0.05673326750869895,119.8133,125000,0.01
English sentences,10000,0.05605820001801476,0.061099199985619634,0.05111269996268675,0,0.0,1.8957314020525276e-09,149767,0.05673326750869895,119.8133,125000,0.01
English sentences,10000,0.05351939995307475,0.09135120001155883,0.04830030002631247,0,0.0,1.8957314020525276e-09,149767,0.05673326750869895,119.8133,125000,0.01
English sentences,10000,0.05253489996539429,0.05713520001154393,0.047955700021702796,0,0.0,1.8957314020525276e-09,149767,0.05673326750869895,119.8133,125000,0.01
English sentences,10000,0.05293429997982457,0.05675729998620227,0.05740380001952872,0,0.0,1.8957314020525276e-09,149767,0.05673326750869895,119.8133,125000,0.01
English sentences,25000,0.13322690001223236,0.17421860003378242,0.14388110005529597,0,4e-05,8.558869606662519e-07,149767,0.13589225903968924,47.92532,125000,0.01
English sentences,25000,0.20700639998540282,0.21079149999422953,0.11998119996860623,0,4e-05,8.558869606662519e-07,149767,0.13589225903968924,47.92532,125000,0.01
English sentences,25000,0.13254660001257434,0.18090399994980544,0.1549603000166826,0,4e-05,8.558869606662519e-07,149767,0.13589225903968924,47.92532,125000,0.01
English sentences,25000,0.1557475000154227,0.1589725999510847,0.163380199985113,0,4e-05,8.558869606662519e-07,149767,0.13589225903968924,47.92532,125000,0.01
English sentences,25000,0.1746691000298597,0.14938969997456297,0.1380015999893658,0,4e-05,8.558869606662519e-07,149767,0.13589225903968924,47.92532,125000,0.01
English sentences,25000,0.1461839999537915,0.15629070001887158,0.12501369998790324,0,4e-05,8.558869606662519e-07,149767,0.13589225903968924,47.92532,125000,0.01
English sentences,25000,0.13359049998689443,0.1591607999871485,0.12540889997035265,0,4e-05,8.558869606662519e-07,149767,0.13589225903968924,47.92532,125000,0.01
English sentences,25000,0.1401280999998562,0.15604019997408614,0.1266833000117913,0,4e-05,8.558869606662519e-07,149767,0.13589225903968924,47.92532,125000,0.01
English sentences,25000,0.13529220002237707,0.1725744999712333,0.12875869998242706,0,4e-05,8.558869606662519e-07,149767,0.13589225903968924,47.92532,125000,0.01
English sentences,25000,0.14161540003260598,0.14928539999527857,0.13498520001303405,0,4e-05,8.558869606662519e-07,149767,0.13589225903968924,47.92532,125000,0.01
English sentences,50000,0.27653640002245083,0.31034620001446456,0.25302529998589307,0,0.0001,6.694368083188371e-05,149767,0.25338672751689506,23.96266,125000,0.01
English sentences,50000,0.28688919998239726,0.3597783999866806,0.26342479995219037,0,0.0001,6.694368083188371e-05,149767,0.25338672751689506,23.96266,125000,0.01
English sentences,50000,0.3239138000062667,0.3400520999566652,0.2553328999783844,0,0.0001,6.694368083188371e-05,149767,0.25338672751689506,23.96266,125000,0.01
English sentences,50000,0.31245869997655973,0.3194369999691844,0.25656559999333695,0,0.0001,6.694368083188371e-05,149767,0.25338672751689506,23.96266,125000,0.01
English sentences,50000,0.266077000007499,0.3134694999898784,0.31599949998781085,0,0.0001,6.694368083188371e-05,149767,0.25338672751689506,23.96266,125000,0.01
English sentences,50000,0.3154787999810651,0.3350661000004038,0.2681982000358403,0,0.0001,6.694368083188371e-05,149767,0.25338672751689506,23.96266,125000,0.01
English sentences,50000,0.2976227999897674,0.42301680002128705,0.24522899999283254,0,0.0001,6.694368083188371e-05,149767,0.25338672751689506,23.96266,125000,0.01
English sentences,50000,0.3034508999553509,0.30169989995192736,0.237150400003884,0,0.0001,6.694368083188371e-05,149767,0.25338672751689506,23.96266,125000,0.01
English sentences,50000,0.259552999981679,0.2824621999752708,0.2463022000156343,0,0.0001,6.694368083188371e-05,149767,0.25338672751689506,23.96266,125000,0.01
English sentences,50000,0.26151240000035614,0.2911982000223361,0.23595050000585616,0,0.0001,6.694368083188371e-05,149767,0.25338672751689506,23.96266,125000,0.01
English sentences,100000,0.508760099997744,0.5874495999887586,0.5054802999948151,0,0.00306,0.0033204706885829435,149767,0.44256939755436164,11.98133,125000,0.01
English sentences,100000,0.5441919000004418,0.6738984999828972,0.5511928999912925,0,0.00306,0.0033204706885829435,149767,0.44256939755436164,11.98133,125000,0.01
English sentences,100000,0.5558408999931999,0.6119192999904044,0.4944139999570325,0,0.00306,0.0033204706885829435,149767,0.44256939755436164,11.98133,125000,0.01
English sentences,100000,0.5230921999900602,0.6547806999878958,0.4947278000181541,0,0.00306,0.0033204706885829435,149767,0.44256939755436164,11.98133,125000,0.01
English sentences,100000,0.6174483000067994,0.6050746999680996,0.49187150003854185,0,0.00306,0.0033204706885829435,149767,0.44256939755436164,11.98133,125000,0.01
English sentences,100000,0.5160752999945544,0.6169820000068285,0.4892311000148766,0,0.00306,0.0033204706885829435,149767,0.44256939755436164,11.98133,125000,0.01
English sentences,100000,0.5223005999578163,0.6074483999982476,0.49046889995224774,0,0.00306,0.0033204706885829435,149767,0.44256939755436164,11.98133,125000,0.01
English sentences,100000,0.5821525999926962,0.5917669999762438,0.49473450001096353,0,0.00306,0.0033204706885829435,149767,0.44256939755436164,11.98133,125000,0.01
English sentences,100000,0.5223395000211895,0.580524199991487,0.4847893000114709,0,0.00306,0.0033204706885829435,149767,0.44256939755436164,11.98133,125000,0.01
English sentences,100000,0.5192086000461131,0.5710380999953486,0.493354799982626,0,0.00306,0.0033204706885829435,149767,0.44256939755436164,11.98133,125000,0.01
English sentences,1000,0.005386499979067594,0.005479199986439198,0.004427799955010414,0,0.0,6.375086231590716e-17,179720,0.004860341684524319,1437.759,150000,0.01
English sentences,1000,0.004959999991115183,0.005478500039316714,0.00464479997754097,0,0.0,6.375086231590716e-17,179720,0.004860341684524319,1437.759,150000,0.01
English sentences,1000,0.0050131999887526035,0.005428799951914698,0.004335900011938065,0,0.0,6.375086231590716e-17,179720,0.004860341684524319,1437.759,150000,0.01
English sentences,1000,0.004871000011917204,0.005399700021371245,0.009223500033840537,0,0.0,6.375086231590716e-17,179720,0.004860341684524319,1437.759,150000,0.01
English sentences,1000,0.005021399992983788,0.011647799983620644,0.0159597999881953,0,0.0,6.375086231590716e-17,179720,0.004860341684524319,1437.759,150000,0.01
English sentences,1000,0.008694400021340698,0.005797199963126332,0.005090699996799231,0,0.0,6.375086231590716e-17,179720,0.004860341684524319,1437.759,150000,0.01
English sentences,1000,0.004926999972667545,0.0056378000299446285,0.005854899995028973,0,0.0,6.375086231590716e-17,179720,0.004860341684524319,1437.759,150000,0.01
English sentences,1000,0.004858500033151358,0.0054496999946422875,0.004531699989456683,0,0.0,6.375086231590716e-17,179720,0.004860341684524319,1437.759,150000,0.01
English sentences,1000,0.004940000013448298,0.00568200001725927,0.004429400025401264,0,0.0,6.375086231590716e-17,179720,0.004860341684524319,1437.759,150000,0.01
English sentences,1000,0.0050743999890983105,0.005438299966044724,0.004451400018297136,0,0.0,6.375086231590716e-17,179720,0.004860341684524319,1437.759,150000,0.01
English sentences,5000,0.024871500034350902,0.030073200003243983,0.025589099968783557,0,0.0,4.653138022104431e-12,179720,0.024052014280557452,287.5518,150000,0.01
English sentences,5000,0.024791200004983693,0.029464100021868944,0.027276900014840066,0,0.0,4.653138022104431e-12,179720,0.024052014280557452,287.5518,150000,0.01
English sentences,5000,0.028260799997951835,0.029641699977219105,0.022574499947950244,0,0.0,4.653138022104431e-12,179720,0.024052014280557452,287.5518,150000,0.01
English sentences,5000,0.024292699992656708,0.027813700027763844,0.022571500041522086,0,0.0,4.653138022104431e-12,179720,0.024052014280557452,287.5518,150000,0.01
English sentences,5000,0.028268499998375773,0.027148099965415895,0.02319719997467473,0,0.0,4.653138022104431e-12,179720,0.024052014280557452,287.5518,150000,0.01
English sentences,5000,0.024684500007424504,0.0274955999921076,0.0222271999809891,0,0.0,4.653138022104431e-12,179720,0.024052014280557452,287.5518,150000,0.01
English sentences,5000,0.02445259998785332,0.030838500009849668,0.025491699983831495,0,0.0,4.653138022104431e-12,179720,0.024052014280557452,287.5518,150000,0.01
English sentences,5000,0.02779180003562942,0.030338500044308603,0.024017700052354485,0,0.0,4.653138022104431e-12,179720,0.024052014280557452,287.5518,150000,0.01
English sentences,5000,0.027764300000853837,0.027571999991778284,0.02249980001943186,0,0.0,4.653138022104431e-12,179720,0.024052014280557452,287.5518,150000,0.01
English sentences,5000,0.02487490000203252,0.028852399962488562,0.023796900000888854,0,0.0,4.653138022104431e-12,179720,0.024052014280557452,287.5518,150000,0.01
English sentences,10000,0.05041259998688474,0.05660910002188757,0.04544489999534562,0,0.0,5.472406080344295e-10,179720,0.047508657570566416,143.7759,150000,0.01
English sentences,10000,0.05196469998918474,0.05682679999154061,0.046162899991031736,0,0.0,5.472406080344295e-10,179720,0.047508657570566416,143.7759,150000,0.01
English sentences,10000,0.04924409999512136,0.057372699957340956,0.0450202000210993,0,0.0,5.472406080344295e-10,179720,0.047508657570566416,143.7759,150000,0.01
English sentences,10000,0.04913579998537898,0.05546089995186776,0.04748110001673922,0,0.0,5.472406080344295e-10,179720,0.047508657570566416,143.7759,150000,0.01
English sentences,10000,0.06085740000708029,0.05699869996169582,0.04964509996352717,0,0.0,5.472406080344295e-10,179720,0.047508657570566416,143.7759,150000,0.01
English sentences,10000,0.05297289998270571,0.055864800000563264,0.04826180002419278,0,0.0,5.472406080344295e-10,179720,0.047508657570566416,143.7759,150000,0.01
English sentences,10000,0.0513107999577187,0.05486510001355782,0.04636989999562502,0,0.0,5.472406080344295e-10,179720,0.047508657570566416,143.7759,150000,0.01
English sentences,10000,0.05461460002698004,0.056426400027703494,0.050015299988444895,0,0.0,5.472406080344295e-10,179720,0.047508657570566416,143.7759,150000,0.01
English sentences,10000,0.04991410003276542,0.056522500002756715,0.0446776999742724,0,0.0,5.472406080344295e-10,179720,0.047508657570566416,143.7759,150000,0.01
English sentences,10000,0.04964730003848672,0.06024250003974885,0.04573409998556599,0,0.0,5.472406080344295e-10,179720,0.047508657570566416,143.7759,150000,0.01
English sentences,25000,0.12448110000696033,0.1416791999945417,0.11522260005585849,0,0.0,2.596128472004376e-07,179720,0.1145623153810896,57.51036,150000,0.01
English sentences,25000,0.12812449998455122,0.1406816999660805,0.11291889997664839,0,0.0,2.596128472004376e-07,179720,0.1145623153810896,57.51036,150000,0.01
English sentences,25000,0.12683339999057353,0.14135150000220165,0.1215315000154078,0,0.0,2.596128472004376e-07,179720,0.1145623153810896,57.51036,150000,0.01
English sentences,25000,0.13113910000538453,0.1398693000082858,0.13743189995875582,0,0.0,2.596128472004376e-07,179720,0.1145623153810896,57.51036,150000,0.01
English sentences,25000,0.12893060001078993,0.1672719999914989,0.11747649998869747,0,0.0,2.596128472004376e-07,179720,0.1145623153810896,57.51036,150000,0.01
English sentences,25000,0.1423824999947101,0.14479560003383085,0.15443220001179725,0,0.0,2.596128472004376e-07,179720,0.1145623153810896,57.51036,150000,0.01
English sentences,25000,0.13426870002876967,0.14543730003060773,0.1628651999635622,0,0.0,2.596128472004376e-07,179720,0.1145623153810896,57.51036,150000,0.01
English sentences,25000,0.1351466000196524,0.14779600000474602,0.12485269998433068,0,0.0,2.596128472004376e-07,179720,0.1145623153810896,57.51036,150000,0.01
English sentences,25000,0.18591580004431307,0.1554179000086151,0.12336960004176944,0,0.0,2.596128472004376e-07,179720,0.1145623153810896,57.51036,150000,0.01
English sentences,25000,0.14424250001320615,0.15714730002218857,0.12639879999915138,0,0.0,2.596128472004376e-07,179720,0.1145623153810896,57.51036,150000,0.01
English sentences,50000,0.2796451000031084,0.3087475999491289,0.2688354999991134,0,2e-05,2.1986122401515063e-05,179720,0.21607863348447132,28.75518,150000,0.01
English sentences,50000,0.2720634999568574,0.3129727999912575,0.2782630000147037,0,2e-05,2.1986122401515063e-05,179720,0.21607863348447132,28.75518,150000,0.01
English sentences,50000,0.296505700040143,0.3151555000222288,0.3358792000217363,0,2e-05,2.1986122401515063e-05,179720,0.21607863348447132,28.75518,150000,0.01
English sentences,50000,0.28471799998078495,0.31893290003063157,0.3007229000213556,0,2e-05,2.1986122401515063e-05,179720,0.21607863348447132,28.75518,150000,0.01
English sentences,50000,0.36704360001021996,0.35822639998514205,0.2650504999910481,0,2e-05,2.1986122401515063e-05,179720,0.21607863348447132,28.75518,150000,0.01
English sentences,50000,0.32686849997844547,0.4105707000126131,0.3138920000055805,0,2e-05,2.1986122401515063e-05,179720,0.21607863348447132,28.75518,150000,0.01
English sentences,50000,0.32953509996877983,0.33145229995716363,0.2680714000016451,0,2e-05,2.1986122401515063e-05,179720,0.21607863348447132,28.75518,150000,0.01
English sentences,50000,0.3094035999965854,0.312824799970258,0.2408461999730207,0,2e-05,2.1986122401515063e-05,179720,0.21607863348447132,28.75518,150000,0.01
English sentences,50000,0.2852053999667987,0.31176099996082485,0.23700249998364598,0,2e-05,2.1986122401515063e-05,179720,0.21607863348447132,28.75518,150000,0.01
English sentences,50000,0.3268099999986589,0.36662129999604076,0.323815600015223,0,2e-05,2.1986122401515063e-05,179720,0.21607863348447132,28.75518,150000,0.01
English sentences,100000,0.6733984999591485,0.727939999953378,0.5886929000262171,0,0.00098,0.0012641390236719158,179720,0.385518017971023,14.37759,150000,0.01
English sentences,100000,0.6205341000459157,0.7492682000156492,0.66885060002096,0,0.00098,0.0012641390236719158,179720,0.385518017971023,14.37759,150000,0.01
English sentences,100000,0.6315896000014618,0.6472297000000253,0.508525200013537,0,0.00098,0.0012641390236719158,179720,0.385518017971023,14.37759,150000,0.01
English sentences,100000,0.5394282000488602,0.6149385999888182,0.5004936999757774,0,0.00098,0.0012641390236719158,179720,0.385518017971023,14.37759,150000,0.01
English sentences,100000,0.5488298999844119,0.6347889000317082,0.5252275000093505,0,0.00098,0.0012641390236719158,179720,0.385518017971023,14.37759,150000,0.01
English sentences,100000,0.572928499954287,0.6277539999573492,0.5171384999994189,0,0.00098,0.0012641390236719158,179720,0.385518017971023,14.37759,150000,0.01
English sentences,100000,0.5493175000301562,0.6102300000493415,0.5006109999958426,0,0.00098,0.0012641390236719158,179720,0.385518017971023,14.37759,150000,0.01
English sentences,100000,0.6163205999764614,0.7019067999790423,0.5117522000218742,0,0.00098,0.0012641390236719158,179720,0.385518017971023,14.37759,150000,0.01
English sentences,100000,0.5516273999819532,0.6532160000060685,0.5670890999608673,0,0.00098,0.0012641390236719158,179720,0.385518017971023,14.37759,150000,0.01
English sentences,100000,0.5405726000317372,0.5958675000001676,0.5327823999687098,0,0.00098,0.0012641390236719158,179720,0.385518017971023,14.37759,150000,0.01
English sentences,1000,0.006752500019501895,0.005383699957747012,0.004538900044281036,0,0.0,8.546016607875172e-18,239627,0.003644212973106063,1917.012,200000,0.01
English sentences,1000,0.005084400007035583,0.005357299989555031,0.006201699958182871,0,0.0,8.546016607875172e-18,239627,0.003644212973106063,1917.012,200000,0.01
English sentences,1000,0.004870900011155754,0.00731480005197227,0.004448799998499453,0,0.0,8.546016607875172e-18,239627,0.003644212973106063,1917.012,200000,0.01
English sentences,1000,0.006624000030569732,0.005586199986282736,0.004389300011098385,0,0.0,8.546016607875172e-18,239627,0.003644212973106063,1917.012,200000,0.01
English sentences,1000,0.005031200009398162,0.005495099991094321,0.004420899960678071,0,0.0,8.546016607875172e-18,239627,0.003644212973106063,1917.012,200000,0.01
English sentences,1000,0.006913399964105338,0.005414700019173324,0.004375700023956597,0,0.0,8.546016607875172e-18,239627,0.003644212973106063,1917.012,200000,0.01
English sentences,1000,0.009340000047814101,0.0053675000090152025,0.005984799994621426,0,0.0,8.546016607875172e-18,239627,0.003644212973106063,1917.012,200000,0.01
English sentences,1000,0.0049079000018537045,0.00566419999813661,0.006074500037357211,0,0.0,8.546016607875172e-18,239627,0.003644212973106063,1917.012,200000,0.01
English sentences,1000,0.00489229999948293,0.007251899980474263,0.004368299967609346,0,0.0,8.546016607875172e-18,239627,0.003644212973106063,1917.012,200000,0.01
English sentences,1000,0.008127800014335662,0.008301899943035096,0.007637800008524209,0,0.0,8.546016607875172e-18,239627,0.003644212973106063,1917.012,200000,0.01
English sentences,5000,0.032895400014240295,0.03788760001771152,0.03403799998341128,0,0.0,6.34443032144784e-13,239627,0.01809378345049483,383.4024,200000,0.01
English sentences,5000,0.03827040002215654,0.0342981000430882,0.025268399971537292,0,0.0,6.34443032144784e-13,239627,0.01809378345049483,383.4024,200000,0.01
English sentences,5000,0.03509869996923953,0.0389939000015147,0.03496570000424981,0,0.0,6.34443032144784e-13,239627,0.01809378345049483,383.4024,200000,0.01
English sentences,5000,0.03524439997272566,0.04169250000268221,0.030150300008244812,0,0.0,6.34443032144784e-13,239627,0.01809378345049483,383.4024,200000,0.01
English sentences,5000,0.03272529999958351,0.03496310004265979,0.03115380002418533,0,0.0,6.34443032144784e-13,239627,0.01809378345049483,383.4024,200000,0.01
English sentences,5000,0.037308999977540225,0.037664600007701665,0.030664500023704022,0,0.0,6.34443032144784e-13,239627,0.01809378345049483,383.4024,200000,0.01
English sentences,5000,0.034815600025467575,0.04290110000874847,0.027576100022997707,0,0.0,6.34443032144784e-13,239627,0.01809378345049483,383.4024,200000,0.01
English sentences,5000,0.03629930003080517,0.039166899980045855,0.031484799983445555,0,0.0,6.34443032144784e-13,239627,0.01809378345049483,383.4024,200000,0.01
English sentences,5000,0.036409499996807426,0.04268200002843514,0.03185430000303313,0,0.0,6.34443032144784e-13,239627,0.01809378345049483,383.4024,200000,0.01
English sentences,5000,0.02873399999225512,0.030716300010681152,0.0266332000028342,0,0.0,6.34443032144784e-13,239627,0.01809378345049483,383.4024,200000,0.01
English sentences,10000,0.054790299967862666,0.05641399999149144,0.07505810004658997,0,0.0,7.620389843068936e-11,239627,0.035852149073662555,191.7012,200000,0.01
English sentences,10000,0.09042850002879277,0.09173759998520836,0.0867994999862276,0,0.0,7.620389843068936e-11,239627,0.035852149073662555,191.7012,200000,0.01
English sentences,10000,0.08788910001749173,0.08407430001534522,0.06337260000873357,0,0.0,7.620389843068936e-11,239627,0.035852149073662555,191.7012,200000,0.01
English sentences,10000,0.07471720001194626,0.08584880002308637,0.06276880000950769,0,0.0,7.620389843068936e-11,239627,0.035852149073662555,191.7012,200000,0.01
English sentences,10000,0.06775260000722483,0.06661119998898357,0.048452400020323694,0,0.0,7.620389843068936e-11,239627,0.035852149073662555,191.7012,200000,0.01
English sentences,10000,0.06383009999990463,0.07345440000062808,0.059377599973231554,0,0.0,7.620389843068936e-11,239627,0.035852149073662555,191.7012,200000,0.01
English sentences,10000,0.06565390003379434,0.06144980003591627,0.04884569998830557,0,0.0,7.620389843068936e-11,239627,0.035852149073662555,191.7012,200000,0.01
English sentences,10000,0.051259799976833165,0.060896200011484325,0.05625959997996688,0,0.0,7.620389843068936e-11,239627,0.035852149073662555,191.7012,200000,0.01
English sentences,10000,0.051768100005574524,0.054971400008071214,0.04506939998827875,0,0.0,7.620389843068936e-11,239627,0.035852149073662555,191.7012,200000,0.01
English sentences,10000,0.04892070003552362,0.055268899945076555,0.04552469996269792,0,0.0,7.620389843068936e-11,239627,0.035852149073662555,191.7012,200000,0.01
English sentences,25000,0.12863300001481548,0.14139900001464412,0.11904780002078041,0,0.0,3.847579776268674e-08,239627,0.08721802471763349,76.68048,200000,0.01
English sentences,25000,0.1380576000083238,0.20215760002611205,0.18203149997862056,0,0.0,3.847579776268674e-08,239627,0.08721802471763349,76.68048,200000,0.01
English sentences,25000,0.14888580003753304,0.1875389000051655,0.12490640004398301,0,0.0,3.847579776268674e-08,239627,0.08721802471763349,76.68048,200000,0.01
English sentences,25000,0.14647949999198318,0.16709330002777278,0.14366829994833097,0,0.0,3.847579776268674e-08,239627,0.08721802471763349,76.68048,200000,0.01
English sentences,25000,0.1424887000466697,0.15675979998195544,0.15400739997858182,0,0.0,3.847579776268674e-08,239627,0.08721802471763349,76.68048,200000,0.01
English sentences,25000,0.18367370002670214,0.17120659997453913,0.12167439999757335,0,0.0,3.847579776268674e-08,239627,0.08721802471763349,76.68048,200000,0.01
English sentences,25000,0.18639190000249073,0.18939010001486167,0.15202089998638257,0,0.0,3.847579776268674e-08,239627,0.08721802471763349,76.68048,200000,0.01
English sentences,25000,0.1549832999589853,0.1806434000027366,0.15483140002470464,0,0.0,3.847579776268674e-08,239627,0.08721802471763349,76.68048,200000,0.01
English sentences,25000,0.15938680002000183,0.17064349999418482,0.1670841000159271,0,0.0,3.847579776268674e-08,239627,0.08721802471763349,76.68048,200000,0.01
English sentences,25000,0.1956911999732256,0.17776140000205487,0.17147090000798926,0,0.0,3.847579776268674e-08,239627,0.08721802471763349,76.68048,200000,0.01
English sentences,50000,0.47813020000467077,0.4141243000049144,0.2962136000278406,0,0.0,3.6041501959913267e-06,239627,0.16686489182123013,38.34024,200000,0.01
English sentences,50000,0.30264379997970536,0.393622100003995,0.2888966999598779,0,0.0,3.6041501959913267e-06,239627,0.16686489182123013,38.34024,200000,0.01
English sentences,50000,0.3642542000161484,0.3353313999832608,0.3181207000161521,0,0.0,3.6041501959913267e-06,239627,0.16686489182123013,38.34024,200000,0.01
English sentences,50000,0.3665408999659121,0.325738099985756,0.31621749995974824,0,0.0,3.6041501959913267e-06,239627,0.16686489182123013,38.34024,200000,0.01
English sentences,50000,0.34533270000247285,0.3887510999920778,0.2991885999799706,0,0.0,3.6041501959913267e-06,239627,0.16686489182123013,38.34024,200000,0.01
English sentences,50000,0.38209810003172606,0.35555450001265854,0.2686348000424914,0,0.0,3.6041501959913267e-06,239627,0.16686489182123013,38.34024,200000,0.01
English sentences,50000,0.33859139995183796,0.371392700006254,0.266695800004527,0,0.0,3.6041501959913267e-06,239627,0.16686489182123013,38.34024,200000,0.01
English sentences,50000,0.35874559998046607,0.42314540001098067,0.27404450002359226,0,0.0,3.6041501959913267e-06,239627,0.16686489182123013,38.34024,200000,0.01
English sentences,50000,0.3891890000086278,0.397732499986887,0.37646649999078363,0,0.0,3.6041501959913267e-06,239627,0.16686489182123013,38.34024,200000,0.01
English sentences,50000,0.33800109999720007,0.4262618999928236,0.3529931000084616,0,0.0,3.6041501959913267e-06,239627,0.16686489182123013,38.34024,200000,0.01
English sentences,100000,0.6911379999946803,0.8223414000240155,0.688813199987635,0,0.00024,0.00025069266290340725,239627,0.3059260974892176,19.17012,200000,0.01
English sentences,100000,0.6885399000020698,0.7973201000131667,0.6704239000100642,0,0.00024,0.00025069266290340725,239627,0.3059260974892176,19.17012,200000,0.01
English sentences,100000,0.8468914999975823,0.840684800001327,0.6482004999998026,0,0.00024,0.00025069266290340725,239627,0.3059260974892176,19.17012,200000,0.01
English sentences,100000,0.7837233999744058,0.7779908999800682,0.7228044999646954,0,0.00024,0.00025069266290340725,239627,0.3059260974892176,19.17012,200000,0.01
English sentences,100000,0.6702126999734901,0.7637610000092536,0.5836739999940619,0,0.00024,0.00025069266290340725,239627,0.3059260974892176,19.17012,200000,0.01
English sentences,100000,0.6236062999814749,0.7626116999890655,0.6050115000107326,0,0.00024,0.00025069266290340725,239627,0.3059260974892176,19.17012,200000,0.01
English sentences,100000,0.69120949995704,0.7881043999805115,0.6265967999934219,0,0.00024,0.00025069266290340725,239627,0.3059260974892176,19.17012,200000,0.01
English sentences,100000,0.6332353999605402,0.6806668000062928,0.6388181999791414,0,0.00024,0.00025069266290340725,239627,0.3059260974892176,19.17012,200000,0.01
English sentences,100000,0.7407951999921352,0.778362000011839,0.6068098000250757,0,0.00024,0.00025069266290340725,239627,0.3059260974892176,19.17012,200000,0.01
English sentences,100000,0.6232758999685757,0.6760197000112385,0.6161471999948844,0,0.00024,0.00025069266290340725,239627,0.3059260974892176,19.17012,200000,0.01
