dataset,n_inserted,insert_time_sec,present_search_time_sec,absent_search_time_sec,false_negatives,observed_false_positive_rate,theoretical_false_positive_rate,memory_bytes,fill_ratio,bits_per_item,expected_items,desired_false_positive_rate
random,1000,0.007969800033606589,0.005147600022610277,0.0058566999505274,0,0.0,1.0800114320987647e-15,119814,0.007276949753053189,958.506,100000,0.01
random,1000,0.004567200026940554,0.005228399997577071,0.00521380000282079,0,0.0,1.0800114320987647e-15,119814,0.007276949753053189,958.506,100000,0.01
random,1000,0.004716399998869747,0.006615699967369437,0.004128800006583333,0,0.0,1.0800114320987647e-15,119814,0.007276949753053189,958.506,100000,0.01
random,1000,0.004578499996569008,0.005199899955186993,0.008120299957226962,0,0.0,1.0800114320987647e-15,119814,0.007276949753053189,958.506,100000,0.01
random,1000,0.005420600005891174,0.007274900039192289,0.004087299981620163,0,0.0,1.0800114320987647e-15,119814,0.007276949753053189,958.506,100000,0.01
random,1000,0.005300200020428747,0.005328600003849715,0.004091799957677722,0,0.0,1.0800114320987647e-15,119814,0.007276949753053189,958.506,100000,0.01
random,1000,0.004605800029821694,0.005450500000733882,0.008901200024411082,0,0.0,1.0800114320987647e-15,119814,0.007276949753053189,958.506,100000,0.01
random,1000,0.004549000004772097,0.007068500039167702,0.004094899981282651,0,0.0,1.0800114320987647e-15,119814,0.007276949753053189,958.506,100000,0.01
random,1000,0.004880600026808679,0.006789900013245642,0.006120199977885932,0,0.0,1.0800114320987647e-15,119814,0.007276949753053189,958.506,100000,0.01
random,1000,0.008129299967549741,0.005097299988847226,0.004253600025549531,0,0.0,1.0800114320987647e-15,119814,0.007276949753053189,958.506,100000,0.01
random,5000,0.02539630001410842,0.032391600019764155,0.024215999990701675,0,0.0,7.620389843068936e-11,119814,0.03583493478392415,191.7012,100000,0.01
random,5000,0.02875649998895824,0.050624099967535585,0.0341850999975577,0,0.0,7.620389843068936e-11,119814,0.03583493478392415,191.7012,100000,0.01
random,5000,0.03011799999512732,0.0393041999777779,0.03953680000267923,0,0.0,7.620389843068936e-11,119814,0.03583493478392415,191.7012,100000,0.01
random,5000,0.04060020000906661,0.037159200001042336,0.026548299996647984,0,0.0,7.620389843068936e-11,119814,0.03583493478392415,191.7012,100000,0.01
random,5000,0.027923499990720302,0.030716100009158254,0.024090100021567196,0,0.0,7.620389843068936e-11,119814,0.03583493478392415,191.7012,100000,0.01
random,5000,0.025778000010177493,0.03293610003311187,0.022416099964175373,0,0.0,7.620389843068936e-11,119814,0.03583493478392415,191.7012,100000,0.01
random,5000,0.02970479999203235,0.0440760999917984,0.03277749998960644,0,0.0,7.620389843068936e-11,119814,0.03583493478392415,191.7012,100000,0.01
random,5000,0.04295450000790879,0.03756179998163134,0.0322932000271976,0,0.0,7.620389843068936e-11,119814,0.03583493478392415,191.7012,100000,0.01
random,5000,0.02811499999370426,0.029135500022675842,0.0261311000213027,0,0.0,7.620389843068936e-11,119814,0.03583493478392415,191.7012,100000,0.01
random,5000,0.024423800001386553,0.042209999985061586,0.030650600034277886,0,0.0,7.620389843068936e-11,119814,0.03583493478392415,191.7012,100000,0.01
random,10000,0.0711998000042513,0.07352070003980771,0.05359949998091906,0,0.0,8.593887279990108e-09,119814,0.07040331515921654,95.8506,100000,0.01
random,10000,0.09752100001787767,0.0750172000261955,0.05154080002103001,0,0.0,8.593887279990108e-09,119814,0.07040331515921654,95.8506,100000,0.01
random,10000,0.05857710004784167,0.06872290000319481,0.04972609999822453,0,0.0,8.593887279990108e-09,119814,0.07040331515921654,95.8506,100000,0.01
random,10000,0.05905050004366785,0.06602170004043728,0.04957740003010258,0,0.0,8.593887279990108e-09,119814,0.07040331515921654,95.8506,100000,0.01
random,10000,0.06109690002631396,0.05946250003762543,0.045336400042288005,0,0.0,8.593887279990108e-09,119814,0.07040331515921654,95.8506,100000,0.01
random,10000,0.0566294000018388,0.055651400005444884,0.05056230002082884,0,0.0,8.593887279990108e-09,119814,0.07040331515921654,95.8506,100000,0.01
random,10000,0.05832630000077188,0.06267119996482506,0.06559949996881187,0,0.0,8.593887279990108e-09,119814,0.07040331515921654,95.8506,100000,0.01
random,10000,0.061755700036883354,0.09720680001191795,0.05141509999521077,0,0.0,8.593887279990108e-09,119814,0.07040331515921654,95.8506,100000,0.01
random,10000,0.08356480003567412,0.10762890003388748,0.055091199988964945,0,0.0,8.593887279990108e-09,119814,0.07040331515921654,95.8506,100000,0.01
random,10000,0.05442419997416437,0.07930889999261126,0.056272099958732724,0,0.0,8.593887279990108e-09,119814,0.07040331515921654,95.8506,100000,0.01
random,25000,0.13503290002699941,0.21456360002048314,0.1519912999938242,0,0.0,3.6041501959913267e-06,119814,0.16682837666117897,38.34024,100000,0.01
random,25000,0.14667649997863919,0.179808100045193,0.13405509997392073,0,0.0,3.6041501959913267e-06,119814,0.16682837666117897,38.34024,100000,0.01
random,25000,0.13577570003690198,0.17494510003598407,0.14165240002330393,0,0.0,3.6041501959913267e-06,119814,0.16682837666117897,38.34024,100000,0.01
random,25000,0.14986910001607612,0.20544649998191744,0.15684730000793934,0,0.0,3.6041501959913267e-06,119814,0.16682837666117897,38.34024,100000,0.01
random,25000,0.1431936000008136,0.15611659997375682,0.15458400000352412,0,0.0,3.6041501959913267e-06,119814,0.16682837666117897,38.34024,100000,0.01
random,25000,0.1491439000237733,0.1585855000303127,0.134208400035277,0,0.0,3.6041501959913267e-06,119814,0.16682837666117897,38.34024,100000,0.01
random,25000,0.14923609996913,0.16881970001850277,0.1517998999916017,0,0.0,3.6041501959913267e-06,119814,0.16682837666117897,38.34024,100000,0.01
random,25000,0.1703061000443995,0.16779570002108812,0.13227669999469072,0,0.0,3.6041501959913267e-06,119814,0.16682837666117897,38.34024,100000,0.01
random,25000,0.17901109997183084,0.1904293000116013,0.15856370003893971,0,0.0,3.6041501959913267e-06,119814,0.16682837666117897,38.34024,100000,0.01
random,25000,0.13485220004804432,0.16333239997038618,0.1398242000141181,0,0.0,3.6041501959913267e-06,119814,0.16682837666117897,38.34024,100000,0.01
random,50000,0.2753198000136763,0.32984510000096634,0.2760137000004761,0,0.00022,0.00025069266290340725,119814,0.30575499788212074,19.17012,100000,0.01
random,50000,0.28716999996686354,0.3267426999518648,0.2721605999977328,0,0.00022,0.00025069266290340725,119814,0.30575499788212074,19.17012,100000,0.01
random,50000,0.3013109000166878,0.3289286000072025,0.2725619999691844,0,0.00022,0.00025069266290340725,119814,0.30575499788212074,19.17012,100000,0.01
random,50000,0.3023799000075087,0.3135926999966614,0.262433499970939,0,0.00022,0.00025069266290340725,119814,0.30575499788212074,19.17012,100000,0.01
random,50000,0.2824140000157058,0.36467979999724776,0.30999030004022643,0,0.00022,0.00025069266290340725,119814,0.30575499788212074,19.17012,100000,0.01
random,50000,0.325316299975384,0.3145154999801889,0.2652630999800749,0,0.00022,0.00025069266290340725,119814,0.30575499788212074,19.17012,100000,0.01
random,50000,0.34513450000667945,0.3524885000078939,0.28533439995953813,0,0.00022,0.00025069266290340725,119814,0.30575499788212074,19.17012,100000,0.01
random,50000,0.374493999988772,0.3545029999804683,0.3140514999977313,0,0.00022,0.00025069266290340725,119814,0.30575499788212074,19.17012,100000,0.01
random,50000,0.3432545000105165,0.34898960002465174,0.284888599999249,0,0.00022,0.00025069266290340725,119814,0.30575499788212074,19.17012,100000,0.01
random,50000,0.2845781999640167,0.40982209995854646,0.2751036999979988,0,0.00022,0.00025069266290340725,119814,0.30575499788212074,19.17012,100000,0.01
random,100000,0.6426251999801025,0.7861702000373043,0.5561331000062637,0,0.01,0.010039209581758123,119814,0.5179508526811517,9.58506,100000,0.01
random,100000,0.6036048000096343,0.7334239999763668,0.6043868999695405,0,0.01,0.010039209581758123,119814,0.5179508526811517,9.58506,100000,0.01
random,100000,0.5958433999912813,0.7521234999876469,0.5614311000099406,0,0.01,0.010039209581758123,119814,0.5179508526811517,9.58506,100000,0.01
random,100000,0.6181382000213489,0.5941811000229791,0.506293700018432,0,0.01,0.010039209581758123,119814,0.5179508526811517,9.58506,100000,0.01
random,100000,0.5369462000089698,0.5796914999955334,0.4749649000004865,0,0.01,0.010039209581758123,119814,0.5179508526811517,9.58506,100000,0.01
random,100000,0.48692690004827455,0.5477056999807246,0.5271795999724418,0,0.01,0.010039209581758123,119814,0.5179508526811517,9.58506,100000,0.01
random,100000,0.4868945000343956,0.543702700000722,0.5074301999993622,0,0.01,0.010039209581758123,119814,0.5179508526811517,9.58506,100000,0.01
random,100000,0.49207929999101907,0.5924367999541573,0.5137662999914028,0,0.01,0.010039209581758123,119814,0.5179508526811517,9.58506,100000,0.01
random,100000,0.49863859999459237,0.6180902000050992,0.50803879997693,0,0.01,0.010039209581758123,119814,0.5179508526811517,9.58506,100000,0.01
random,100000,0.5353505000239238,0.7121290999930352,0.4888781999470666,0,0.01,0.010039209581758123,119814,0.5179508526811517,9.58506,100000,0.01
random,1000,0.004786300007253885,0.004408900043927133,0.0038180999690666795,0,0.0,1.6720947938940096e-09,77941,0.006395914825916606,623.523,100000,0.05
random,1000,0.003966499993111938,0.004514899977948517,0.003925599972717464,0,0.0,1.6720947938940096e-09,77941,0.006395914825916606,623.523,100000,0.05
random,1000,0.004868099989835173,0.0045350999571383,0.0037626000121235847,0,0.0,1.6720947938940096e-09,77941,0.006395914825916606,623.523,100000,0.05
random,1000,0.0038193000364117324,0.004237899964209646,0.004037600010633469,0,0.0,1.6720947938940096e-09,77941,0.006395914825916606,623.523,100000,0.05
random,1000,0.0038416999741457403,0.004603100009262562,0.0037785000167787075,0,0.0,1.6720947938940096e-09,77941,0.006395914825916606,623.523,100000,0.05
random,1000,0.0042162000318057835,0.004253399965818971,0.004032500030007213,0,0.0,1.6720947938940096e-09,77941,0.006395914825916606,623.523,100000,0.05
random,1000,0.004617700004018843,0.004775799985509366,0.004534899955615401,0,0.0,1.6720947938940096e-09,77941,0.006395914825916606,623.523,100000,0.05
random,1000,0.004315200028941035,0.005051100044511259,0.005854899995028973,0,0.0,1.6720947938940096e-09,77941,0.006395914825916606,623.523,100000,0.05
random,1000,0.005709299992304295,0.005049099971074611,0.004297900013625622,0,0.0,1.6720947938940096e-09,77941,0.006395914825916606,623.523,100000,0.05
random,1000,0.004009700031019747,0.004179399984423071,0.0037161000072956085,0,0.0,1.6720947938940096e-09,77941,0.006395914825916606,623.523,100000,0.05
random,5000,0.019461700052488595,0.02139880001777783,0.019504400028381497,0,0.0,9.929419378733505e-07,77941,0.03157862661040571,124.7046,100000,0.05
random,5000,0.019011099997442216,0.02143320004688576,0.020206299959681928,0,0.0,9.929419378733505e-07,77941,0.03157862661040571,124.7046,100000,0.05
random,5000,0.019224599993322045,0.02172039996366948,0.01928429998224601,0,0.0,9.929419378733505e-07,77941,0.03157862661040571,124.7046,100000,0.05
random,5000,0.019656200020108372,0.022352200001478195,0.02038209995953366,0,0.0,9.929419378733505e-07,77941,0.03157862661040571,124.7046,100000,0.05
random,5000,0.019927400047890842,0.022847100044600666,0.02517809998244047,0,0.0,9.929419378733505e-07,77941,0.03157862661040571,124.7046,100000,0.05
random,5000,0.019417000003159046,0.024031199980527163,0.01951419998658821,0,0.0,9.929419378733505e-07,77941,0.03157862661040571,124.7046,100000,0.05
random,5000,0.020345599972642958,0.024651699990499765,0.020467500027734786,0,0.0,9.929419378733505e-07,77941,0.03157862661040571,124.7046,100000,0.05
random,5000,0.020725000009406358,0.02178700000513345,0.01935150002827868,0,0.0,9.929419378733505e-07,77941,0.03157862661040571,124.7046,100000,0.05
random,5000,0.01912920002359897,0.023044200032018125,0.019184599979780614,0,0.0,9.929419378733505e-07,77941,0.03157862661040571,124.7046,100000,0.05
random,5000,0.021288300049491227,0.024184699985198677,0.0222269999794662,0,0.0,9.929419378733505e-07,77941,0.03157862661040571,124.7046,100000,0.05
random,10000,0.041209599992726,0.05015090003143996,0.03888180002104491,0,0.0,1.4907559563835046e-05,77941,0.06209394039995317,62.3523,100000,0.05
random,10000,0.044988300011027604,0.050702899985481054,0.043490100011695176,0,0.0,1.4907559563835046e-05,77941,0.06209394039995317,62.3523,100000,0.05
random,10000,0.04124469996895641,0.04783540003700182,0.03970710001885891,0,0.0,1.4907559563835046e-05,77941,0.06209394039995317,62.3523,100000,0.05
random,10000,0.051763500028755516,0.09116259997244924,0.08046139997895807,0,0.0,1.4907559563835046e-05,77941,0.06209394039995317,62.3523,100000,0.05
random,10000,0.05930419999640435,0.06598670000676066,0.052839299954939634,0,0.0,1.4907559563835046e-05,77941,0.06209394039995317,62.3523,100000,0.05
random,10000,0.046844600001350045,0.05264260002877563,0.041008500033058226,0,0.0,1.4907559563835046e-05,77941,0.06209394039995317,62.3523,100000,0.05
random,10000,0.04569979995721951,0.04534780001267791,0.041487100010272115,0,0.0,1.4907559563835046e-05,77941,0.06209394039995317,62.3523,100000,0.05
random,10000,0.04240159998880699,0.048797399969771504,0.05189790000440553,0,0.0,1.4907559563835046e-05,77941,0.06209394039995317,62.3523,100000,0.05
random,10000,0.054058699985034764,0.04840259999036789,0.04412380000576377,0,0.0,1.4907559563835046e-05,77941,0.06209394039995317,62.3523,100000,0.05
random,10000,0.03927910001948476,0.048108700022567064,0.04513879999285564,0,0.0,1.4907559563835046e-05,77941,0.06209394039995317,62.3523,100000,0.05
random,25000,0.09715990000404418,0.12446889997227117,0.10111319995485246,0,0.00044,0.00048211210043865363,77941,0.14809718326348828,24.94092,100000,0.05
random,25000,0.10296139999991283,0.14102040004217997,0.12853059999179095,0,0.00044,0.00048211210043865363,77941,0.14809718326348828,24.94092,100000,0.05
random,25000,0.11250710004242137,0.1220445999642834,0.1160645000054501,0,0.00044,0.00048211210043865363,77941,0.14809718326348828,24.94092,100000,0.05
random,25000,0.1052375000435859,0.11655680002877489,0.10533990000840276,0,0.00044,0.00048211210043865363,77941,0.14809718326348828,24.94092,100000,0.05
random,25000,0.1372851000051014,0.12429070001235232,0.10605649999342859,0,0.00044,0.00048211210043865363,77941,0.14809718326348828,24.94092,100000,0.05
random,25000,0.10555949999252334,0.1101428999681957,0.11550070001976565,0,0.00044,0.00048211210043865363,77941,0.14809718326348828,24.94092,100000,0.05
random,25000,0.10138939996249974,0.11479329998837784,0.121152899984736,0,0.00044,0.00048211210043865363,77941,0.14809718326348828,24.94092,100000,0.05
random,25000,0.10528569994494319,0.11735149996820837,0.10549630003515631,0,0.00044,0.00048211210043865363,77941,0.14809718326348828,24.94092,100000,0.05
random,25000,0.10105619998648763,0.12160720000974834,0.10919759998796508,0,0.00044,0.00048211210043865363,77941,0.14809718326348828,24.94092,100000,0.05
random,25000,0.09780939994379878,0.11300599999958649,0.10623199999099597,0,0.00044,0.00048211210043865363,77941,0.14809718326348828,24.94092,100000,0.05
random,50000,0.2052108999923803,0.2864961000159383,0.3438218000228517,0,0.0054,0.005669489293146056,77941,0.2746923529685352,12.47046,100000,0.05
random,50000,0.2510599999804981,0.35978009999962524,0.31025430001318455,0,0.0054,0.005669489293146056,77941,0.2746923529685352,12.47046,100000,0.05
random,50000,0.3095803000032902,0.33877079997910187,0.26752210000995547,0,0.0054,0.005669489293146056,77941,0.2746923529685352,12.47046,100000,0.05
random,50000,0.3398499999893829,0.35913659998914227,0.31462309998460114,0,0.0054,0.005669489293146056,77941,0.2746923529685352,12.47046,100000,0.05
random,50000,0.30252019996987656,0.28607060003560036,0.24871800001710653,0,0.0054,0.005669489293146056,77941,0.2746923529685352,12.47046,100000,0.05
random,50000,0.20445489999838173,0.26759370003128424,0.25808419997338206,0,0.0054,0.005669489293146056,77941,0.2746923529685352,12.47046,100000,0.05
random,50000,0.26988360000541434,0.2465797999757342,0.2445337999961339,0,0.0054,0.005669489293146056,77941,0.2746923529685352,12.47046,100000,0.05
random,50000,0.2010052000405267,0.22881679999409243,0.22786680003628135,0,0.0054,0.005669489293146056,77941,0.2746923529685352,12.47046,100000,0.05
random,50000,0.24106060003396124,0.245090699987486,0.22122060001129285,0,0.0054,0.005669489293146056,77941,0.2746923529685352,12.47046,100000,0.05
random,50000,0.21213510003872216,0.2332594000035897,0.21796490001725033,0,0.0054,0.005669489293146056,77941,0.2746923529685352,12.47046,100000,0.05
random,100000,0.45738360000541434,0.5106228000367992,0.4117205999791622,0,0.05092,0.05026935043090881,77941,0.4735206239384914,6.23523,100000,0.05
random,100000,0.38323229999514297,0.44699530000798404,0.4542333999997936,0,0.05092,0.05026935043090881,77941,0.4735206239384914,6.23523,100000,0.05
random,100000,0.46673980000196025,0.5323265999904834,0.513955700036604,0,0.05092,0.05026935043090881,77941,0.4735206239384914,6.23523,100000,0.05
random,100000,0.4501573999878019,0.47841300000436604,0.47005479998188093,0,0.05092,0.05026935043090881,77941,0.4735206239384914,6.23523,100000,0.05
random,100000,0.5041830000118352,0.6638064999715425,0.5762405999703333,0,0.05092,0.05026935043090881,77941,0.4735206239384914,6.23523,100000,0.05
random,100000,0.5023763999924995,0.5251604999648407,0.49513589998241514,0,0.05092,0.05026935043090881,77941,0.4735206239384914,6.23523,100000,0.05
random,100000,0.4489154000184499,0.5139013000298291,0.5220367999863811,0,0.05092,0.05026935043090881,77941,0.4735206239384914,6.23523,100000,0.05
random,100000,0.4459639000124298,0.5184180000214837,0.5009401999996044,0,0.05092,0.05026935043090881,77941,0.4735206239384914,6.23523,100000,0.05
random,100000,0.46722319995751604,0.4821300999610685,0.4353848999598995,0,0.05092,0.05026935043090881,77941,0.4735206239384914,6.23523,100000,0.05
random,100000,0.4548147000023164,0.49102139996830374,0.42368120001628995,0,0.05092,0.05026935043090881,77941,0.4735206239384914,6.23523,100000,0.05
random,1000,0.0035856000031344593,0.004884199996013194,0.004008599964436144,0,0.0,2.429928607669699e-07,59907,0.006238875917312985,479.253,100000,0.1
random,1000,0.004815599997527897,0.003860800003167242,0.00360180001007393,0,0.0,2.429928607669699e-07,59907,0.006238875917312985,479.253,100000,0.1
random,1000,0.003478700004052371,0.003895999980159104,0.003644100041128695,0,0.0,2.429928607669699e-07,59907,0.006238875917312985,479.253,100000,0.1
random,1000,0.005013599991798401,0.006536100001540035,0.004213600012008101,0,0.0,2.429928607669699e-07,59907,0.006238875917312985,479.253,100000,0.1
random,1000,0.0036368999863043427,0.0038354999851435423,0.0035723000182770193,0,0.0,2.429928607669699e-07,59907,0.006238875917312985,479.253,100000,0.1
random,1000,0.003499199985526502,0.003874799993354827,0.003917399968486279,0,0.0,2.429928607669699e-07,59907,0.006238875917312985,479.253,100000,0.1
random,1000,0.003479000006336719,0.0044433000148274004,0.005781399959232658,0,0.0,2.429928607669699e-07,59907,0.006238875917312985,479.253,100000,0.1
random,1000,0.0034804000169970095,0.003900199953932315,0.0036495000240392983,0,0.0,2.429928607669699e-07,59907,0.006238875917312985,479.253,100000,0.1
random,1000,0.0034898999729193747,0.0038967999862506986,0.0036364999832585454,0,0.0,2.429928607669699e-07,59907,0.006238875917312985,479.253,100000,0.1
random,1000,0.005146299954503775,0.004220000002533197,0.0036686000530608,0,0.0,2.429928607669699e-07,59907,0.006238875917312985,479.253,100000,0.1
random,5000,0.017301000014413148,0.021784999989904463,0.018442400032654405,0,0.0,2.925790002196847e-05,59907,0.030839660888925056,95.8506,100000,0.1
random,5000,0.017759300011675805,0.01995849999366328,0.021941099956166,0,0.0,2.925790002196847e-05,59907,0.030839660888925056,95.8506,100000,0.1
random,5000,0.017381300043780357,0.01968480000505224,0.018418300023768097,0,0.0,2.925790002196847e-05,59907,0.030839660888925056,95.8506,100000,0.1
random,5000,0.01755240000784397,0.019550599972717464,0.02026520000072196,0,0.0,2.925790002196847e-05,59907,0.030839660888925056,95.8506,100000,0.1
random,5000,0.017926900007296354,0.01993219996802509,0.018340099952183664,0,0.0,2.925790002196847e-05,59907,0.030839660888925056,95.8506,100000,0.1
random,5000,0.017848199990112334,0.019414599984884262,0.020231799979228526,0,0.0,2.925790002196847e-05,59907,0.030839660888925056,95.8506,100000,0.1
random,5000,0.01767730002757162,0.019705599988810718,0.01825200003804639,0,0.0,2.925790002196847e-05,59907,0.030839660888925056,95.8506,100000,0.1
random,5000,0.01746659999480471,0.020194699987769127,0.02416490000905469,0,0.0,2.925790002196847e-05,59907,0.030839660888925056,95.8506,100000,0.1
random,5000,0.019229099969379604,0.02165349997812882,0.019975400005932897,0,0.0,2.925790002196847e-05,59907,0.030839660888925056,95.8506,100000,0.1
random,5000,0.018903299991507083,0.024141600006259978,0.022123900009319186,0,0.0,2.925790002196847e-05,59907,0.030839660888925056,95.8506,100000,0.1
random,10000,0.04831809998722747,0.04681580001488328,0.04334169998764992,0,0.0003,0.00022341040040483207,59907,0.060681936263309776,47.9253,100000,0.1
random,10000,0.039117900014389306,0.04274760000407696,0.03981500002555549,0,0.0003,0.00022341040040483207,59907,0.060681936263309776,47.9253,100000,0.1
random,10000,0.04077369999140501,0.04420780000509694,0.03948030003812164,0,0.0003,0.00022341040040483207,59907,0.060681936263309776,47.9253,100000,0.1
random,10000,0.039249799971003085,0.04371960001299158,0.0446096999803558,0,0.0003,0.00022341040040483207,59907,0.060681936263309776,47.9253,100000,0.1
random,10000,0.04314480000175536,0.04372270003659651,0.041402900009416044,0,0.0003,0.00022341040040483207,59907,0.060681936263309776,47.9253,100000,0.1
random,10000,0.03926370001863688,0.05201310000848025,0.057319599960464984,0,0.0003,0.00022341040040483207,59907,0.060681936263309776,47.9253,100000,0.1
random,10000,0.050148600013926625,0.05692009994527325,0.04920730000594631,0,0.0003,0.00022341040040483207,59907,0.060681936263309776,47.9253,100000,0.1
random,10000,0.05257159995380789,0.07230609998805448,0.04284039995400235,0,0.0003,0.00022341040040483207,59907,0.060681936263309776,47.9253,100000,0.1
random,10000,0.04301240004133433,0.046369200048502535,0.047422599978744984,0,0.0003,0.00022341040040483207,59907,0.060681936263309776,47.9253,100000,0.1
random,10000,0.05221320001874119,0.05523669999092817,0.05441370001062751,0,0.0003,0.00022341040040483207,59907,0.060681936263309776,47.9253,100000,0.1
random,25000,0.1055711000226438,0.11721389996819198,0.12441480002598837,0,0.00368,0.0030399894165811267,59907,0.14479825895716877,19.17012,100000,0.1
random,25000,0.11433680000482127,0.11891429999377578,0.13041540002450347,0,0.00368,0.0030399894165811267,59907,0.14479825895716877,19.17012,100000,0.1
random,25000,0.11222589999670163,0.11577500001294538,0.11014850001083687,0,0.00368,0.0030399894165811267,59907,0.14479825895716877,19.17012,100000,0.1
random,25000,0.10365519998595119,0.11899069999344647,0.11968420003540814,0,0.00368,0.0030399894165811267,59907,0.14479825895716877,19.17012,100000,0.1
random,25000,0.10267300001578405,0.11100189998978749,0.1218102999846451,0,0.00368,0.0030399894165811267,59907,0.14479825895716877,19.17012,100000,0.1
random,25000,0.10248209995916113,0.11242889997083694,0.1126590000349097,0,0.00368,0.0030399894165811267,59907,0.14479825895716877,19.17012,100000,0.1
random,25000,0.10312929999781772,0.11348810000345111,0.11204549996182323,0,0.00368,0.0030399894165811267,59907,0.14479825895716877,19.17012,100000,0.1
random,25000,0.11321929999394342,0.11332320002838969,0.1241133000003174,0,0.00368,0.0030399894165811267,59907,0.14479825895716877,19.17012,100000,0.1
random,25000,0.14795949996914715,0.14848669996717945,0.13956410001264885,0,0.00368,0.0030399894165811267,59907,0.14479825895716877,19.17012,100000,0.1
random,25000,0.12108879996230826,0.11471490003168583,0.12690249999286607,0,0.00368,0.0030399894165811267,59907,0.14479825895716877,19.17012,100000,0.1
random,50000,0.27161179995164275,0.21443990000989288,0.2633864000090398,0,0.01948,0.019408861513406532,59907,0.26870775978449796,9.58506,100000,0.1
random,50000,0.24609989998862147,0.24708110000938177,0.21625410002889112,0,0.01948,0.019408861513406532,59907,0.26870775978449796,9.58506,100000,0.1
random,50000,0.2652345999958925,0.2671979999868199,0.2522499000187963,0,0.01948,0.019408861513406532,59907,0.26870775978449796,9.58506,100000,0.1
random,50000,0.2506037999992259,0.3552038000198081,0.4233251999830827,0,0.01948,0.019408861513406532,59907,0.26870775978449796,9.58506,100000,0.1
random,50000,0.1909864000044763,0.22826000000350177,0.23347760003525764,0,0.01948,0.019408861513406532,59907,0.26870775978449796,9.58506,100000,0.1
random,50000,0.27908629999728873,0.2872697999700904,0.23498030001064762,0,0.01948,0.019408861513406532,59907,0.26870775978449796,9.58506,100000,0.1
random,50000,0.2217205999768339,0.21525010000914335,0.19700919999741018,0,0.01948,0.019408861513406532,59907,0.26870775978449796,9.58506,100000,0.1
random,50000,0.1760622999863699,0.2043608999811113,0.19415460003074259,0,0.01948,0.019408861513406532,59907,0.26870775978449796,9.58506,100000,0.1
random,50000,0.1826236000051722,0.23833149997517467,0.19623550004325807,0,0.01948,0.019408861513406532,59907,0.26870775978449796,9.58506,100000,0.1
random,50000,0.18952449999051169,0.20733040000777692,0.19820059998892248,0,0.01948,0.019408861513406532,59907,0.26870775978449796,9.58506,100000,0.1
random,100000,0.3766689000185579,0.41210270003648475,0.3987335000419989,0,0.10106,0.10071321535202782,59907,0.4652219182769852,4.79253,100000,0.1
random,100000,0.3591614000033587,0.4250354000250809,0.42114109999965876,0,0.10106,0.10071321535202782,59907,0.4652219182769852,4.79253,100000,0.1
random,100000,0.35935119999339804,0.4739605999784544,0.4049172999802977,0,0.10106,0.10071321535202782,59907,0.4652219182769852,4.79253,100000,0.1
random,100000,0.3623253999976441,0.4597805999801494,0.45279079995816574,0,0.10106,0.10071321535202782,59907,0.4652219182769852,4.79253,100000,0.1
random,100000,0.40971779997926205,0.464216899999883,0.535650700039696,0,0.10106,0.10071321535202782,59907,0.4652219182769852,4.79253,100000,0.1
random,100000,0.43525419995421544,0.4639016999863088,0.43120859999908134,0,0.10106,0.10071321535202782,59907,0.4652219182769852,4.79253,100000,0.1
random,100000,0.40687170001911,0.41855410003336146,0.43879690003814176,0,0.10106,0.10071321535202782,59907,0.4652219182769852,4.79253,100000,0.1
random,100000,0.40836790000321344,0.457231700012926,0.4399509999784641,0,0.10106,0.10071321535202782,59907,0.4652219182769852,4.79253,100000,0.1
random,100000,0.37194799998542294,0.4778255000128411,0.45364409999456257,0,0.10106,0.10071321535202782,59907,0.4652219182769852,4.79253,100000,0.1
random,100000,0.41789959999732673,0.4455250999890268,0.4849382999818772,0,0.10106,0.10071321535202782,59907,0.4652219182769852,4.79253,100000,0.1
random,1000,0.00683009997010231,0.005711900012101978,0.005184800014831126,0,0.009,0.006907480901426233,18034,0.006910653635544465,144.27,100000,0.5
random,1000,0.005225399974733591,0.0032525999704375863,0.0035430999705567956,0,0.009,0.006907480901426233,18034,0.006910653635544465,144.27,100000,0.5
random,1000,0.0034493000130169094,0.0033002999844029546,0.0035377999884076416,0,0.009,0.006907480901426233,18034,0.006910653635544465,144.27,100000,0.5
random,1000,0.004708699998445809,0.003355499997269362,0.003506299981381744,0,0.009,0.006907480901426233,18034,0.006910653635544465,144.27,100000,0.5
random,1000,0.002915400022175163,0.0032380999764427543,0.003411900019273162,0,0.009,0.006907480901426233,18034,0.006910653635544465,144.27,100000,0.5
random,1000,0.0031420000013895333,0.0032461999799124897,0.0035580999683588743,0,0.009,0.006907480901426233,18034,0.006910653635544465,144.27,100000,0.5
random,1000,0.0031565999961458147,0.005130100005771965,0.0075795999728143215,0,0.009,0.006907480901426233,18034,0.006910653635544465,144.27,100000,0.5
random,1000,0.0029128999449312687,0.003318500006571412,0.005134899984113872,0,0.009,0.006907480901426233,18034,0.006910653635544465,144.27,100000,0.5
random,1000,0.002957999997306615,0.0032814000151120126,0.0035151999909430742,0,0.009,0.006907480901426233,18034,0.006910653635544465,144.27,100000,0.5
random,1000,0.0028759000124409795,0.003198700025677681,0.003360500035341829,0,0.009,0.006907480901426233,18034,0.006910653635544465,144.27,100000,0.5
random,5000,0.014814099995419383,0.0181688999873586,0.018526599975302815,0,0.0384,0.03406355600258992,18034,0.034102724059055935,28.854,100000,0.5
random,5000,0.01607529999455437,0.016548599989619106,0.018549100030213594,0,0.0384,0.03406355600258992,18034,0.034102724059055935,28.854,100000,0.5
random,5000,0.01462179998634383,0.01650779996998608,0.020505699969362468,0,0.0384,0.03406355600258992,18034,0.034102724059055935,28.854,100000,0.5
random,5000,0.016243499994743615,0.018132199998944998,0.017024500004481524,0,0.0384,0.03406355600258992,18034,0.034102724059055935,28.854,100000,0.5
random,5000,0.016119200037792325,0.01647269999375567,0.017264700029045343,0,0.0384,0.03406355600258992,18034,0.034102724059055935,28.854,100000,0.5
random,5000,0.016185500018764287,0.01840729999821633,0.017716199974529445,0,0.0384,0.03406355600258992,18034,0.034102724059055935,28.854,100000,0.5
random,5000,0.015017300029285252,0.018529699998907745,0.018413899990264326,0,0.0384,0.03406355600258992,18034,0.034102724059055935,28.854,100000,0.5
random,5000,0.016258500050753355,0.025417500000912696,0.024084400036372244,0,0.0384,0.03406355600258992,18034,0.034102724059055935,28.854,100000,0.5
random,5000,0.020373100007418543,0.020781700033694506,0.01871529995696619,0,0.0384,0.03406355600258992,18034,0.034102724059055935,28.854,100000,0.5
random,5000,0.014606699987780303,0.017544900008942932,0.017405000049620867,0,0.0384,0.03406355600258992,18034,0.034102724059055935,28.854,100000,0.5
random,10000,0.03961259999778122,0.037315000023227185,0.03630249999696389,0,0.065,0.06696678615763818,18034,0.06695778748180495,14.427,100000,0.5
random,10000,0.033251000044401735,0.03478849999373779,0.03714199998648837,0,0.065,0.06696678615763818,18034,0.06695778748180495,14.427,100000,0.5
random,10000,0.03668040002230555,0.03767679998418316,0.03588740003760904,0,0.065,0.06696678615763818,18034,0.06695778748180495,14.427,100000,0.5
random,10000,0.030053200025577098,0.062451800040435046,0.04184449999593198,0,0.065,0.06696678615763818,18034,0.06695778748180495,14.427,100000,0.5
random,10000,0.034673299989663064,0.05073610000545159,0.04098079999675974,0,0.065,0.06696678615763818,18034,0.06695778748180495,14.427,100000,0.5
random,10000,0.034926399996038526,0.050289099977817386,0.04004479997092858,0,0.065,0.06696678615763818,18034,0.06695778748180495,14.427,100000,0.5
random,10000,0.03100259997881949,0.03448329999810085,0.0369098000228405,0,0.065,0.06696678615763818,18034,0.06695778748180495,14.427,100000,0.5
random,10000,0.032265699992422014,0.03455129999201745,0.036296900012530386,0,0.065,0.06696678615763818,18034,0.06695778748180495,14.427,100000,0.5
random,10000,0.029389599978458136,0.03539829998044297,0.04506580001907423,0,0.065,0.06696678615763818,18034,0.06695778748180495,14.427,100000,0.5
random,10000,0.03081299999030307,0.045607300009578466,0.039964099996723235,0,0.065,0.06696678615763818,18034,0.06695778748180495,14.427,100000,0.5
random,25000,0.10027549997903407,0.09793990000616759,0.11089930002344772,0,0.15804,0.15910308386373662,18034,0.15920842864074305,5.7708,100000,0.5
random,25000,0.09208390000276268,0.09273480001138523,0.10604179999791086,0,0.15804,0.15910308386373662,18034,0.15920842864074305,5.7708,100000,0.5
random,25000,0.08788399997865781,0.09058219997677952,0.09724079997977242,0,0.15804,0.15910308386373662,18034,0.15920842864074305,5.7708,100000,0.5
random,25000,0.07819450000533834,0.10449570004129782,0.11746470001526177,0,0.15804,0.15910308386373662,18034,0.15920842864074305,5.7708,100000,0.5
random,25000,0.07949139998527244,0.11522040003910661,0.10261609998997301,0,0.15804,0.15910308386373662,18034,0.15920842864074305,5.7708,100000,0.5
random,25000,0.07478820002870634,0.08671419997699559,0.102201999980025,0,0.15804,0.15910308386373662,18034,0.15920842864074305,5.7708,100000,0.5
random,25000,0.119433099986054,0.1446523999911733,0.1390358000062406,0,0.15804,0.15910308386373662,18034,0.15920842864074305,5.7708,100000,0.5
random,25000,0.0867061999742873,0.08756640000501648,0.0982359999907203,0,0.15804,0.15910308386373662,18034,0.15920842864074305,5.7708,100000,0.5
random,25000,0.07662449998315424,0.08709350001299754,0.0935145000112243,0,0.15804,0.15910308386373662,18034,0.15920842864074305,5.7708,100000,0.5
random,25000,0.08553129999199882,0.09739320003427565,0.1009055000031367,0,0.15804,0.15910308386373662,18034,0.15920842864074305,5.7708,100000,0.5
random,50000,0.15996580000501126,0.17594899999676272,0.20308409997960553,0,0.29006,0.292892376432522,18034,0.2926873223816455,2.8854,100000,0.5
random,50000,0.15356070001143962,0.17599880002671853,0.2015798999927938,0,0.29006,0.292892376432522,18034,0.2926873223816455,2.8854,100000,0.5
random,50000,0.16763319994788617,0.17697939998470247,0.18565890000900254,0,0.29006,0.292892376432522,18034,0.2926873223816455,2.8854,100000,0.5
random,50000,0.15660650003701448,0.17998840002110228,0.20719900005497038,0,0.29006,0.292892376432522,18034,0.2926873223816455,2.8854,100000,0.5
random,50000,0.16430400003446266,0.21799440000904724,0.18328189995372668,0,0.29006,0.292892376432522,18034,0.2926873223816455,2.8854,100000,0.5
random,50000,0.15716170001542196,0.18928749999031425,0.20429739996325225,0,0.29006,0.292892376432522,18034,0.2926873223816455,2.8854,100000,0.5
random,50000,0.20460309996269643,0.1794272999977693,0.1827119000372477,0,0.29006,0.292892376432522,18034,0.2926873223816455,2.8854,100000,0.5
random,50000,0.17041139997309074,0.19274700002279133,0.1880008999723941,0,0.29006,0.292892376432522,18034,0.2926873223816455,2.8854,100000,0.5
random,50000,0.16403650003485382,0.17334899998968467,0.18246610002825037,0,0.29006,0.292892376432522,18034,0.2926873223816455,2.8854,100000,0.5
random,50000,0.1643037000321783,0.21500069997273386,0.1957663000212051,0,0.29006,0.292892376432522,18034,0.2926873223816455,2.8854,100000,0.5
random,100000,0.3327537999721244,0.38997729995753616,0.36277530004736036,0,0.49975,0.4999988086927538,18034,0.500630761766133,1.4427,100000,0.5
random,100000,0.36998509999830276,0.4163088999921456,0.37744169996585697,0,0.49975,0.4999988086927538,18034,0.500630761766133,1.4427,100000,0.5
random,100000,0.47509280004305765,0.46345739997923374,0.36629570001969114,0,0.49975,0.4999988086927538,18034,0.500630761766133,1.4427,100000,0.5
random,100000,0.32457429997157305,0.41809730004752055,0.3966033000033349,0,0.49975,0.4999988086927538,18034,0.500630761766133,1.4427,100000,0.5
random,100000,0.34021340002072975,0.351560800045263,0.4369728000019677,0,0.49975,0.4999988086927538,18034,0.500630761766133,1.4427,100000,0.5
random,100000,0.3427388000418432,0.40981949999695644,0.38470609998330474,0,0.49975,0.4999988086927538,18034,0.500630761766133,1.4427,100000,0.5
random,100000,0.3563047000207007,0.36024449998512864,0.4035870999796316,0,0.49975,0.4999988086927538,18034,0.500630761766133,1.4427,100000,0.5
random,100000,0.31478750001406297,0.3792028999887407,0.385405000008177,0,0.49975,0.4999988086927538,18034,0.500630761766133,1.4427,100000,0.5
random,100000,0.3163740999880247,0.3660016999929212,0.38245229999301955,0,0.49975,0.4999988086927538,18034,0.500630761766133,1.4427,100000,0.5
random,100000,0.3151656999834813,0.3619131000014022,0.3638286999776028,0,0.49975,0.4999988086927538,18034,0.500630761766133,1.4427,100000,0.5
dna,1000,0.005074899992905557,0.005134199978783727,0.006910800002515316,0,0.0,1.0800114320987647e-15,119814,0.007280079623914718,958.506,100000,0.01
dna,1000,0.004558800021186471,0.005256799980998039,0.004115600022487342,0,0.0,1.0800114320987647e-15,119814,0.007280079623914718,958.506,100000,0.01
dna,1000,0.009990199992898852,0.005067199992481619,0.004053100012242794,0,0.0,1.0800114320987647e-15,119814,0.007280079623914718,958.506,100000,0.01
dna,1000,0.004821799986530095,0.0065623000264167786,0.00408330000936985,0,0.0,1.0800114320987647e-15,119814,0.007280079623914718,958.506,100000,0.01
dna,1000,0.004567300027702004,0.005132399965077639,0.004361299972515553,0,0.0,1.0800114320987647e-15,119814,0.007280079623914718,958.506,100000,0.01
dna,1000,0.006832299986854196,0.005222799954935908,0.004161099961493164,0,0.0,1.0800114320987647e-15,119814,0.007280079623914718,958.506,100000,0.01
dna,1000,0.00464629998896271,0.005140600027516484,0.004059099999722093,0,0.0,1.0800114320987647e-15,119814,0.007280079623914718,958.506,100000,0.01
dna,1000,0.0073162000044249,0.0051151999505236745,0.004093899973668158,0,0.0,1.0800114320987647e-15,119814,0.007280079623914718,958.506,100000,0.01
dna,1000,0.004652600036934018,0.005063300020992756,0.004260400019120425,0,0.0,1.0800114320987647e-15,119814,0.007280079623914718,958.506,100000,0.01
dna,1000,0.0067273000022396445,0.005101600021589547,0.004085699969436973,0,0.0,1.0800114320987647e-15,119814,0.007280079623914718,958.506,100000,0.01
dna,5000,0.02545690000988543,0.02855509996879846,0.02540210000006482,0,0.0,7.620389843068936e-11,119814,0.03589857549144189,191.7012,100000,0.01
dna,5000,0.033930699981283396,0.04808079998474568,0.04085370001848787,0,0.0,7.620389843068936e-11,119814,0.03589857549144189,191.7012,100000,0.01
dna,5000,0.022635400004219264,0.02906480000820011,0.0221843000035733,0,0.0,7.620389843068936e-11,119814,0.03589857549144189,191.7012,100000,0.01
dna,5000,0.0237842999631539,0.027826300007291138,0.021227999997790903,0,0.0,7.620389843068936e-11,119814,0.03589857549144189,191.7012,100000,0.01
dna,5000,0.02470730000641197,0.026603300007991493,0.02219590003369376,0,0.0,7.620389843068936e-11,119814,0.03589857549144189,191.7012,100000,0.01
dna,5000,0.024493200005963445,0.02735630003735423,0.029558900045230985,0,0.0,7.620389843068936e-11,119814,0.03589857549144189,191.7012,100000,0.01
dna,5000,0.02605240000411868,0.027347099967300892,0.02365849999478087,0,0.0,7.620389843068936e-11,119814,0.03589857549144189,191.7012,100000,0.01
dna,5000,0.024387900019064546,0.028489600052125752,0.020660700043663383,0,0.0,7.620389843068936e-11,119814,0.03589857549144189,191.7012,100000,0.01
dna,5000,0.024496000027284026,0.025797100039198995,0.02052439999533817,0,0.0,7.620389843068936e-11,119814,0.03589857549144189,191.7012,100000,0.01
dna,5000,0.024214300035964698,0.02820959995733574,0.020686800009571016,0,0.0,7.620389843068936e-11,119814,0.03589857549144189,191.7012,100000,0.01
dna,10000,0.05156470002839342,0.05990299995755777,0.08931170002324507,0,0.0,8.593887279990108e-09,119814,0.07046173941529839,95.8506,100000,0.01
dna,10000,0.06005660002119839,0.09202949999598786,0.07166220003273338,0,0.0,8.593887279990108e-09,119814,0.07046173941529839,95.8506,100000,0.01
dna,10000,0.057605600042734295,0.07527199998730794,0.045249000017065555,0,0.0,8.593887279990108e-09,119814,0.07046173941529839,95.8506,100000,0.01
dna,10000,0.04959109995979816,0.053252800018526614,0.04209699999773875,0,0.0,8.593887279990108e-09,119814,0.07046173941529839,95.8506,100000,0.01
dna,10000,0.05206640000687912,0.056888299994170666,0.04644100001314655,0,0.0,8.593887279990108e-09,119814,0.07046173941529839,95.8506,100000,0.01
dna,10000,0.04977719997987151,0.06375650002155453,0.048923499998636544,0,0.0,8.593887279990108e-09,119814,0.07046173941529839,95.8506,100000,0.01
dna,10000,0.04892999998992309,0.05331739998655394,0.04716519999783486,0,0.0,8.593887279990108e-09,119814,0.07046173941529839,95.8506,100000,0.01
dna,10000,0.05234649998601526,0.05577229999471456,0.04739469999913126,0,0.0,8.593887279990108e-09,119814,0.07046173941529839,95.8506,100000,0.01
dna,10000,0.0472715999931097,0.06388800003333017,0.04337789997225627,0,0.0,8.593887279990108e-09,119814,0.07046173941529839,95.8506,100000,0.01
dna,10000,0.050404799985699356,0.056815800024196506,0.046342199959326535,0,0.0,8.593887279990108e-09,119814,0.07046173941529839,95.8506,100000,0.01
dna,25000,0.12813379999715835,0.13402009999845177,0.11606909998226911,0,0.0,3.6041501959913267e-06,119814,0.16683150653204049,38.34024,100000,0.01
dna,25000,0.12229229998774827,0.16529720003018156,0.12039210001239553,0,0.0,3.6041501959913267e-06,119814,0.16683150653204049,38.34024,100000,0.01
dna,25000,0.1218848999706097,0.1406616999884136,0.11732870002742857,0,0.0,3.6041501959913267e-06,119814,0.16683150653204049,38.34024,100000,0.01
dna,25000,0.1264416000340134,0.13380910002160817,0.1150029000127688,0,0.0,3.6041501959913267e-06,119814,0.16683150653204049,38.34024,100000,0.01
dna,25000,0.13016020000213757,0.14793679997092113,0.1240997000131756,0,0.0,3.6041501959913267e-06,119814,0.16683150653204049,38.34024,100000,0.01
dna,25000,0.11973949999082834,0.1375213999999687,0.11440420005237684,0,0.0,3.6041501959913267e-06,119814,0.16683150653204049,38.34024,100000,0.01
dna,25000,0.12240470002871007,0.1498761000111699,0.1193720999872312,0,0.0,3.6041501959913267e-06,119814,0.16683150653204049,38.34024,100000,0.01
dna,25000,0.12183109996840358,0.13909539999440312,0.12457540002651513,0,0.0,3.6041501959913267e-06,119814,0.16683150653204049,38.34024,100000,0.01
dna,25000,0.1470802000258118,0.1406004999880679,0.14626800001133233,0,0.0,3.6041501959913267e-06,119814,0.16683150653204049,38.34024,100000,0.01
dna,25000,0.13872849999461323,0.1440874999971129,0.11269549996359274,0,0.0,3.6041501959913267e-06,119814,0.16683150653204049,38.34024,100000,0.01
dna,50000,0.2554462000261992,0.2946104999864474,0.2260977000114508,0,0.00022,0.00025069266290340725,119814,0.3058478507176794,19.17012,100000,0.01
dna,50000,0.27211299998452887,0.2894990000058897,0.25562599999830127,0,0.00022,0.00025069266290340725,119814,0.3058478507176794,19.17012,100000,0.01
dna,50000,0.24908410001080483,0.31529840000439435,0.2559268000186421,0,0.00022,0.00025069266290340725,119814,0.3058478507176794,19.17012,100000,0.01
dna,50000,0.23302470002090558,0.2750977000105195,0.23064029996749014,0,0.00022,0.00025069266290340725,119814,0.3058478507176794,19.17012,100000,0.01
dna,50000,0.2683619000017643,0.29269939998630434,0.23055110004497692,0,0.00022,0.00025069266290340725,119814,0.3058478507176794,19.17012,100000,0.01
dna,50000,0.32413359999191016,0.34251329995458946,0.24485130002722144,0,0.00022,0.00025069266290340725,119814,0.3058478507176794,19.17012,100000,0.01
dna,50000,0.25229159998707473,0.29744819999905303,0.2616624999791384,0,0.00022,0.00025069266290340725,119814,0.3058478507176794,19.17012,100000,0.01
dna,50000,0.25170830002753064,0.2785800999845378,0.2524196000304073,0,0.00022,0.00025069266290340725,119814,0.3058478507176794,19.17012,100000,0.01
dna,50000,0.2422088000457734,0.2838657000102103,0.2701740000047721,0,0.00022,0.00025069266290340725,119814,0.3058478507176794,19.17012,100000,0.01
dna,50000,0.24928109999746084,0.29479089996311814,0.2345655999961309,0,0.00022,0.00025069266290340725,119814,0.3058478507176794,19.17012,100000,0.01
dna,100000,0.5175621999660507,0.6209216000279412,0.4705433999770321,0,0.00979,0.010039209581758123,119814,0.518053095129295,9.58506,100000,0.01
dna,100000,0.5250989000196569,0.6010727999964729,0.5113750000018626,0,0.00979,0.010039209581758123,119814,0.518053095129295,9.58506,100000,0.01
dna,100000,0.5222023000242189,0.5751090000267141,0.4934370999690145,0,0.00979,0.010039209581758123,119814,0.518053095129295,9.58506,100000,0.01
dna,100000,0.5062939000199549,0.5913070000242442,0.599655200028792,0,0.00979,0.010039209581758123,119814,0.518053095129295,9.58506,100000,0.01
dna,100000,0.5021844999864697,0.5663830999983475,0.4742639000178315,0,0.00979,0.010039209581758123,119814,0.518053095129295,9.58506,100000,0.01
dna,100000,0.5075890999869443,0.5984399000299163,0.48628690000623465,0,0.00979,0.010039209581758123,119814,0.518053095129295,9.58506,100000,0.01
dna,100000,0.5038549000164494,0.5687233000062406,0.48618780000833794,0,0.00979,0.010039209581758123,119814,0.518053095129295,9.58506,100000,0.01
dna,100000,0.5197841000044718,0.5514154999982566,0.47775060002459213,0,0.00979,0.010039209581758123,119814,0.518053095129295,9.58506,100000,0.01
dna,100000,0.5118165999883786,0.6311773000052199,0.48892269999487326,0,0.00979,0.010039209581758123,119814,0.518053095129295,9.58506,100000,0.01
dna,100000,0.5195887999725528,0.598553899966646,0.5379244000068866,0,0.00979,0.010039209581758123,119814,0.518053095129295,9.58506,100000,0.01
dna,1000,0.008435700030531734,0.00962590001290664,0.004355099983513355,0,0.0,1.6720947938940096e-09,77941,0.006403933776300152,623.523,100000,0.05
dna,1000,0.003777200006879866,0.0042489999905228615,0.005231800023466349,0,0.0,1.6720947938940096e-09,77941,0.006403933776300152,623.523,100000,0.05
dna,1000,0.005348099977709353,0.00416340003721416,0.0037309000035747886,0,0.0,1.6720947938940096e-09,77941,0.006403933776300152,623.523,100000,0.05
dna,1000,0.003786400018725544,0.00565090001327917,0.013883200008422136,0,0.0,1.6720947938940096e-09,77941,0.006403933776300152,623.523,100000,0.05
dna,1000,0.006136500043794513,0.0070733000175096095,0.006398600002285093,0,0.0,1.6720947938940096e-09,77941,0.006403933776300152,623.523,100000,0.05
dna,1000,0.006406900007277727,0.0046372999786399305,0.0038391000125557184,0,0.0,1.6720947938940096e-09,77941,0.006403933776300152,623.523,100000,0.05
dna,1000,0.003830400004517287,0.004472699947655201,0.0037232000031508505,0,0.0,1.6720947938940096e-09,77941,0.006403933776300152,623.523,100000,0.05
dna,1000,0.003865299979224801,0.004193199973087758,0.003732500015757978,0,0.0,1.6720947938940096e-09,77941,0.006403933776300152,623.523,100000,0.05
dna,1000,0.00377960002515465,0.0041915999609045684,0.003904599987436086,0,0.0,1.6720947938940096e-09,77941,0.006403933776300152,623.523,100000,0.05
dna,1000,0.0037799000274389982,0.0044181999983266,0.003741299966350198,0,0.0,1.6720947938940096e-09,77941,0.006403933776300152,623.523,100000,0.05
dna,5000,0.020842999976594,0.023211900028400123,0.022900599986314774,0,0.0,9.929419378733505e-07,77941,0.031575419030252294,124.7046,100000,0.05
dna,5000,0.027792899985797703,0.025017799984198064,0.020538799988571554,0,0.0,9.929419378733505e-07,77941,0.031575419030252294,124.7046,100000,0.05
dna,5000,0.02012770000146702,0.03157160000409931,0.020953299943357706,0,0.0,9.929419378733505e-07,77941,0.031575419030252294,124.7046,100000,0.05
dna,5000,0.020237899967469275,0.025543199968524277,0.020540199999231845,0,0.0,9.929419378733505e-07,77941,0.031575419030252294,124.7046,100000,0.05
dna,5000,0.0207945000147447,0.022611799999140203,0.019307599985040724,0,0.0,9.929419378733505e-07,77941,0.031575419030252294,124.7046,100000,0.05
dna,5000,0.022870899992994964,0.0316218999796547,0.01902659999905154,0,0.0,9.929419378733505e-07,77941,0.031575419030252294,124.7046,100000,0.05
dna,5000,0.020381600013934076,0.022562399972230196,0.022291700006462634,0,0.0,9.929419378733505e-07,77941,0.031575419030252294,124.7046,100000,0.05
dna,5000,0.026767799980007112,0.02574569999706,0.020619699964299798,0,0.0,9.929419378733505e-07,77941,0.031575419030252294,124.7046,100000,0.05
dna,5000,0.02032160002272576,0.022363699972629547,0.025606000039260834,0,0.0,9.929419378733505e-07,77941,0.031575419030252294,124.7046,100000,0.05
dna,5000,0.020362499984912574,0.02227269997820258,0.02053639997029677,0,0.0,9.929419378733505e-07,77941,0.031575419030252294,124.7046,100000,0.05
dna,10000,0.0395085999625735,0.04515630000969395,0.04213580000214279,0,0.0001,1.4907559563835046e-05,77941,0.062126016201487354,62.3523,100000,0.05
dna,10000,0.03898800001479685,0.044195399968884885,0.047397400019690394,0,0.0001,1.4907559563835046e-05,77941,0.062126016201487354,62.3523,100000,0.05
dna,10000,0.040956899989396334,0.04717750003328547,0.041330100037157536,0,0.0001,1.4907559563835046e-05,77941,0.062126016201487354,62.3523,100000,0.05
dna,10000,0.04927830002270639,0.04714279994368553,0.04029689996968955,0,0.0001,1.4907559563835046e-05,77941,0.062126016201487354,62.3523,100000,0.05
dna,10000,0.04180469998391345,0.04442900000140071,0.04202389996498823,0,0.0001,1.4907559563835046e-05,77941,0.062126016201487354,62.3523,100000,0.05
dna,10000,0.04173709999304265,0.05031649995362386,0.04297590005444363,0,0.0001,1.4907559563835046e-05,77941,0.062126016201487354,62.3523,100000,0.05
dna,10000,0.03944500000216067,0.04667759995209053,0.0467759000021033,0,0.0001,1.4907559563835046e-05,77941,0.062126016201487354,62.3523,100000,0.05
dna,10000,0.04000370000721887,0.04391579999355599,0.040307599992956966,0,0.0001,1.4907559563835046e-05,77941,0.062126016201487354,62.3523,100000,0.05
dna,10000,0.04112150002038106,0.04683110001496971,0.04444909997982904,0,0.0001,1.4907559563835046e-05,77941,0.062126016201487354,62.3523,100000,0.05
dna,10000,0.044747899984940886,0.04382269998313859,0.04181259998586029,0,0.0001,1.4907559563835046e-05,77941,0.062126016201487354,62.3523,100000,0.05
dna,25000,0.108965499966871,0.1182600999600254,0.10538199997972697,0,0.0002,0.00048211210043865363,77941,0.1482078447787812,24.94092,100000,0.05
dna,25000,0.10493600001791492,0.11361379997106269,0.11293549998663366,0,0.0002,0.00048211210043865363,77941,0.1482078447787812,24.94092,100000,0.05
dna,25000,0.10032859997591004,0.1426365000079386,0.1087983000325039,0,0.0002,0.00048211210043865363,77941,0.1482078447787812,24.94092,100000,0.05
dna,25000,0.19197210000129417,0.23742080002557486,0.1793395999702625,0,0.0002,0.00048211210043865363,77941,0.1482078447787812,24.94092,100000,0.05
dna,25000,0.1930473999818787,0.2538247999618761,0.295535099983681,0,0.0002,0.00048211210043865363,77941,0.1482078447787812,24.94092,100000,0.05
dna,25000,0.16081109998049214,0.1404511000146158,0.10080710001057014,0,0.0002,0.00048211210043865363,77941,0.1482078447787812,24.94092,100000,0.05
dna,25000,0.09890310000628233,0.10960839997278526,0.10523470002226532,0,0.0002,0.00048211210043865363,77941,0.1482078447787812,24.94092,100000,0.05
dna,25000,0.11012939998181537,0.1092689000070095,0.1049988999729976,0,0.0002,0.00048211210043865363,77941,0.1482078447787812,24.94092,100000,0.05
dna,25000,0.10213389998534694,0.11077919998206198,0.09715699998196214,0,0.0002,0.00048211210043865363,77941,0.1482078447787812,24.94092,100000,0.05
dna,25000,0.09802890004357323,0.11672490002820268,0.09933920000912622,0,0.0002,0.00048211210043865363,77941,0.1482078447787812,24.94092,100000,0.05
dna,50000,0.19054380001034588,0.21663759998045862,0.19968870002776384,0,0.00568,0.005669489293146056,77941,0.2744694261478727,12.47046,100000,0.05
dna,50000,0.19384449999779463,0.2167331000091508,0.20278390002204105,0,0.00568,0.005669489293146056,77941,0.2744694261478727,12.47046,100000,0.05
dna,50000,0.19279070000629872,0.23250099999131635,0.1973467000061646,0,0.00568,0.005669489293146056,77941,0.2744694261478727,12.47046,100000,0.05
dna,50000,0.19509520003339276,0.22064449999015778,0.20565430005080998,0,0.00568,0.005669489293146056,77941,0.2744694261478727,12.47046,100000,0.05
dna,50000,0.20564060000469908,0.25653429998783395,0.20575139997527003,0,0.00568,0.005669489293146056,77941,0.2744694261478727,12.47046,100000,0.05
dna,50000,0.21766140003455803,0.25525079999351874,0.20188060001237318,0,0.00568,0.005669489293146056,77941,0.2744694261478727,12.47046,100000,0.05
dna,50000,0.1902373000048101,0.21611330000450835,0.1986124999821186,0,0.00568,0.005669489293146056,77941,0.2744694261478727,12.47046,100000,0.05
dna,50000,0.19175420003011823,0.22068229998694733,0.2307398000266403,0,0.00568,0.005669489293146056,77941,0.2744694261478727,12.47046,100000,0.05
dna,50000,0.1897280999692157,0.2172770999604836,0.21307459997478873,0,0.00568,0.005669489293146056,77941,0.2744694261478727,12.47046,100000,0.05
dna,50000,0.22312429995508865,0.22295030002715066,0.20385450002504513,0,0.00568,0.005669489293146056,77941,0.2744694261478727,12.47046,100000,0.05
dna,100000,0.3888318999670446,0.4530629000510089,0.41763699997682124,0,0.05047,0.05026935043090881,77941,0.4740546860340356,6.23523,100000,0.05
dna,100000,0.43512929999269545,0.5019666000152938,0.4637180999852717,0,0.05047,0.05026935043090881,77941,0.4740546860340356,6.23523,100000,0.05
dna,100000,0.4110793999861926,0.47566230001393706,0.45263859996339306,0,0.05047,0.05026935043090881,77941,0.4740546860340356,6.23523,100000,0.05
dna,100000,0.41813209996325895,0.4611643999814987,0.48220329999458045,0,0.05047,0.05026935043090881,77941,0.4740546860340356,6.23523,100000,0.05
dna,100000,0.4206305999541655,0.5000364999868907,0.4298392999917269,0,0.05047,0.05026935043090881,77941,0.4740546860340356,6.23523,100000,0.05
dna,100000,0.4829034999711439,0.4540716999908909,0.454951899999287,0,0.05047,0.05026935043090881,77941,0.4740546860340356,6.23523,100000,0.05
dna,100000,0.40547649998916313,0.45551300002261996,0.4268793999799527,0,0.05047,0.05026935043090881,77941,0.4740546860340356,6.23523,100000,0.05
dna,100000,0.4091896999743767,0.49513309996109456,0.46874610002851114,0,0.05047,0.05026935043090881,77941,0.4740546860340356,6.23523,100000,0.05
dna,100000,0.4367075999616645,0.4661729999934323,0.43686229997547343,0,0.05047,0.05026935043090881,77941,0.4740546860340356,6.23523,100000,0.05
dna,100000,0.4144194000400603,0.5338321999879554,0.4794368000002578,0,0.05047,0.05026935043090881,77941,0.4740546860340356,6.23523,100000,0.05
dna,1000,0.003563600010238588,0.0038858000189065933,0.0038346999790519476,0,0.0,2.429928607669699e-07,59907,0.006243049078461689,479.253,100000,0.1
dna,1000,0.003459900035522878,0.00440930004697293,0.004911500029265881,0,0.0,2.429928607669699e-07,59907,0.006243049078461689,479.253,100000,0.1
dna,1000,0.004083500010892749,0.0038954000337980688,0.0036350000300444663,0,0.0,2.429928607669699e-07,59907,0.006243049078461689,479.253,100000,0.1
dna,1000,0.006578999978955835,0.004969400004483759,0.0053990000160411,0,0.0,2.429928607669699e-07,59907,0.006243049078461689,479.253,100000,0.1
dna,1000,0.005306100007146597,0.0038981999969109893,0.003765700035728514,0,0.0,2.429928607669699e-07,59907,0.006243049078461689,479.253,100000,0.1
dna,1000,0.003473500022664666,0.003860799944959581,0.003616300004068762,0,0.0,2.429928607669699e-07,59907,0.006243049078461689,479.253,100000,0.1
dna,1000,0.0041161999688483775,0.005818600009661168,0.0036353000323288143,0,0.0,2.429928607669699e-07,59907,0.006243049078461689,479.253,100000,0.1
dna,1000,0.00347440002951771,0.0038620999548584223,0.003612200031057,0,0.0,2.429928607669699e-07,59907,0.006243049078461689,479.253,100000,0.1
dna,1000,0.0035023000091314316,0.00401069998042658,0.005193099961616099,0,0.0,2.429928607669699e-07,59907,0.006243049078461689,479.253,100000,0.1
dna,1000,0.005519499944057316,0.0044849999831058085,0.0036421000258997083,0,0.0,2.429928607669699e-07,59907,0.006243049078461689,479.253,100000,0.1
dna,5000,0.018697199993766844,0.019526600022800267,0.018409500014968216,0,0.0,2.925790002196847e-05,59907,0.030804189019161068,95.8506,100000,0.1
dna,5000,0.019894500030204654,0.019478200003504753,0.021567500021774322,0,0.0,2.925790002196847e-05,59907,0.030804189019161068,95.8506,100000,0.1
dna,5000,0.019786600023508072,0.01962809998076409,0.01974959997460246,0,0.0,2.925790002196847e-05,59907,0.030804189019161068,95.8506,100000,0.1
dna,5000,0.019861700013279915,0.020985000010114163,0.021272400044836104,0,0.0,2.925790002196847e-05,59907,0.030804189019161068,95.8506,100000,0.1
dna,5000,0.018204699968919158,0.022798600024543703,0.020833300019148737,0,0.0,2.925790002196847e-05,59907,0.030804189019161068,95.8506,100000,0.1
dna,5000,0.019224399991799146,0.025759499985724688,0.020482499967329204,0,0.0,2.925790002196847e-05,59907,0.030804189019161068,95.8506,100000,0.1
dna,5000,0.03921309998258948,0.03347079997183755,0.022202799969818443,0,0.0,2.925790002196847e-05,59907,0.030804189019161068,95.8506,100000,0.1
dna,5000,0.03740739997010678,0.03658050001831725,0.018354400002863258,0,0.0,2.925790002196847e-05,59907,0.030804189019161068,95.8506,100000,0.1
dna,5000,0.018305699981283396,0.02023099997313693,0.019236399966757745,0,0.0,2.925790002196847e-05,59907,0.030804189019161068,95.8506,100000,0.1
dna,5000,0.017881900013890117,0.019787200028076768,0.018953300022985786,0,0.0,2.925790002196847e-05,59907,0.030804189019161068,95.8506,100000,0.1
dna,10000,0.036073299997951835,0.040638099948409945,0.038051399984396994,0,0.0,0.00022341040040483207,59907,0.06064229123239708,47.9253,100000,0.1
dna,10000,0.04003289999673143,0.041375999979209155,0.043082800053525716,0,0.0,0.00022341040040483207,59907,0.06064229123239708,47.9253,100000,0.1
dna,10000,0.04118759999983013,0.04694289999315515,0.041433300008066,0,0.0,0.00022341040040483207,59907,0.06064229123239708,47.9253,100000,0.1
dna,10000,0.0404582999763079,0.04373430000850931,0.037114400009159,0,0.0,0.00022341040040483207,59907,0.06064229123239708,47.9253,100000,0.1
dna,10000,0.03991300001507625,0.04245290003018454,0.038768299971707165,0,0.0,0.00022341040040483207,59907,0.06064229123239708,47.9253,100000,0.1
dna,10000,0.054018699971493334,0.054574000008869916,0.0401547999936156,0,0.0,0.00022341040040483207,59907,0.06064229123239708,47.9253,100000,0.1
dna,10000,0.03926270001102239,0.0408746000030078,0.03991480002878234,0,0.0,0.00022341040040483207,59907,0.06064229123239708,47.9253,100000,0.1
dna,10000,0.038023300003260374,0.04438450001180172,0.03709779999917373,0,0.0,0.00022341040040483207,59907,0.06064229123239708,47.9253,100000,0.1
dna,10000,0.03835019998950884,0.04271129996050149,0.046728899993468076,0,0.0,0.00022341040040483207,59907,0.06064229123239708,47.9253,100000,0.1
dna,10000,0.03799269994487986,0.04274240002268925,0.040745100006461143,0,0.0,0.00022341040040483207,59907,0.06064229123239708,47.9253,100000,0.1
dna,25000,0.0981067000539042,0.10515290003968403,0.10630660003516823,0,0.0032,0.0030399894165811267,59907,0.14482329792406098,19.17012,100000,0.1
dna,25000,0.10934810002800077,0.11009990004822612,0.10269509995123371,0,0.0032,0.0030399894165811267,59907,0.14482329792406098,19.17012,100000,0.1
dna,25000,0.1102752999868244,0.10631869995268062,0.12266950000775978,0,0.0032,0.0030399894165811267,59907,0.14482329792406098,19.17012,100000,0.1
dna,25000,0.18022219999693334,0.1205496999900788,0.09999670000979677,0,0.0032,0.0030399894165811267,59907,0.14482329792406098,19.17012,100000,0.1
dna,25000,0.0925083999754861,0.124682399968151,0.09625939995748922,0,0.0032,0.0030399894165811267,59907,0.14482329792406098,19.17012,100000,0.1
dna,25000,0.11573940003290772,0.10479249997297302,0.10569070000201464,0,0.0032,0.0030399894165811267,59907,0.14482329792406098,19.17012,100000,0.1
dna,25000,0.096872300026007,0.10963749996153638,0.10137519997078925,0,0.0032,0.0030399894165811267,59907,0.14482329792406098,19.17012,100000,0.1
dna,25000,0.10018390003824607,0.12288670003181323,0.10203879995970055,0,0.0032,0.0030399894165811267,59907,0.14482329792406098,19.17012,100000,0.1
dna,25000,0.09579950000625104,0.10703850002028048,0.12309990002540872,0,0.0032,0.0030399894165811267,59907,0.14482329792406098,19.17012,100000,0.1
dna,25000,0.11081649997504428,0.11300080001819879,0.10651919996598735,0,0.0032,0.0030399894165811267,59907,0.14482329792406098,19.17012,100000,0.1
dna,50000,0.19399530004011467,0.21165970002766699,0.20574290002696216,0,0.01854,0.019408861513406532,59907,0.26844693721270396,9.58506,100000,0.1
dna,50000,0.20968460000585765,0.2199224000214599,0.20904010004596785,0,0.01854,0.019408861513406532,59907,0.26844693721270396,9.58506,100000,0.1
dna,50000,0.18813480000244454,0.21290199999930337,0.21502599999075755,0,0.01854,0.019408861513406532,59907,0.26844693721270396,9.58506,100000,0.1
dna,50000,0.18948500003898516,0.22055850003380328,0.20081650000065565,0,0.01854,0.019408861513406532,59907,0.26844693721270396,9.58506,100000,0.1
dna,50000,0.1909690999891609,0.21624609996797517,0.20115410001017153,0,0.01854,0.019408861513406532,59907,0.26844693721270396,9.58506,100000,0.1
dna,50000,0.20135940000182018,0.22196970001095906,0.21883329999400303,0,0.01854,0.019408861513406532,59907,0.26844693721270396,9.58506,100000,0.1
dna,50000,0.20450270001310855,0.28526750003220513,0.2283933999715373,0,0.01854,0.019408861513406532,59907,0.26844693721270396,9.58506,100000,0.1
dna,50000,0.23575599998002872,0.27378319995477796,0.23015110002597794,0,0.01854,0.019408861513406532,59907,0.26844693721270396,9.58506,100000,0.1
dna,50000,0.2096239000093192,0.27237620000960305,0.24819290003506467,0,0.01854,0.019408861513406532,59907,0.26844693721270396,9.58506,100000,0.1
dna,50000,0.31397620000643656,0.24284140003146604,0.2089022999862209,0,0.01854,0.019408861513406532,59907,0.26844693721270396,9.58506,100000,0.1
dna,100000,0.4582644999609329,0.5025115000316873,0.49928589997580275,0,0.10078,0.10071321535202782,59907,0.4656204551666865,4.79253,100000,0.1
dna,100000,0.45218859997112304,0.5818761000409722,0.472306200012099,0,0.10078,0.10071321535202782,59907,0.4656204551666865,4.79253,100000,0.1
dna,100000,0.4529802000033669,0.5318400000105612,0.4783552999724634,0,0.10078,0.10071321535202782,59907,0.4656204551666865,4.79253,100000,0.1
dna,100000,0.4702005999861285,0.556340100010857,0.4623913999530487,0,0.10078,0.10071321535202782,59907,0.4656204551666865,4.79253,100000,0.1
dna,100000,0.46543010004097596,0.5171507999766618,0.48398340004496276,0,0.10078,0.10071321535202782,59907,0.4656204551666865,4.79253,100000,0.1
dna,100000,0.45163300004787743,0.5620691999793053,0.5156027000048198,0,0.10078,0.10071321535202782,59907,0.4656204551666865,4.79253,100000,0.1
dna,100000,0.4599568999838084,0.5049556000158191,0.5869247000082396,0,0.10078,0.10071321535202782,59907,0.4656204551666865,4.79253,100000,0.1
dna,100000,0.4904627000214532,0.596164199989289,0.5587096000090241,0,0.10078,0.10071321535202782,59907,0.4656204551666865,4.79253,100000,0.1
dna,100000,0.45219619997078553,0.5666473999735899,0.5805169999948703,0,0.10078,0.10071321535202782,59907,0.4656204551666865,4.79253,100000,0.1
dna,100000,0.4852240000036545,0.5578775000176392,0.5337032999959774,0,0.10078,0.10071321535202782,59907,0.4656204551666865,4.79253,100000,0.1
dna,1000,0.004110999987460673,0.008543200034182519,0.003483499982394278,0,0.002,0.006907480901426233,18034,0.006882927843626534,144.27,100000,0.5
dna,1000,0.0032590999617241323,0.005576299969106913,0.003438599989749491,0,0.002,0.006907480901426233,18034,0.006882927843626534,144.27,100000,0.5
dna,1000,0.0037042999756522477,0.005008100008126348,0.00361660000635311,0,0.002,0.006907480901426233,18034,0.006882927843626534,144.27,100000,0.5
dna,1000,0.004407999978866428,0.003478500002529472,0.005709199991542846,0,0.002,0.006907480901426233,18034,0.006882927843626534,144.27,100000,0.5
dna,1000,0.0031546999816782773,0.003814099996816367,0.0035125999711453915,0,0.002,0.006907480901426233,18034,0.006882927843626534,144.27,100000,0.5
dna,1000,0.004268999968189746,0.0041732999961823225,0.00402849999954924,0,0.002,0.006907480901426233,18034,0.006882927843626534,144.27,100000,0.5
dna,1000,0.0032562999986112118,0.0033379000378772616,0.004899099993053824,0,0.002,0.006907480901426233,18034,0.006882927843626534,144.27,100000,0.5
dna,1000,0.003151899960357696,0.003342200012411922,0.0038200999842956662,0,0.002,0.006907480901426233,18034,0.006882927843626534,144.27,100000,0.5
dna,1000,0.0030231999699026346,0.004201500036288053,0.003381499962415546,0,0.002,0.006907480901426233,18034,0.006882927843626534,144.27,100000,0.5
dna,1000,0.0029445000109262764,0.0062345999758690596,0.0036940000136382878,0,0.002,0.006907480901426233,18034,0.006882927843626534,144.27,100000,0.5
dna,5000,0.018365399970207363,0.020079599984455854,0.022175999998580664,0,0.0358,0.03406355600258992,18034,0.03413044985097387,28.854,100000,0.5
dna,5000,0.02459149999776855,0.02175149996764958,0.04026390000944957,0,0.0358,0.03406355600258992,18034,0.03413044985097387,28.854,100000,0.5
dna,5000,0.019322800042573363,0.02120050002122298,0.026976299996022135,0,0.0358,0.03406355600258992,18034,0.03413044985097387,28.854,100000,0.5
dna,5000,0.020906399993691593,0.024842899991199374,0.019872199976816773,0,0.0358,0.03406355600258992,18034,0.03413044985097387,28.854,100000,0.5
dna,5000,0.016318699985276908,0.029380699968896806,0.020485199987888336,0,0.0358,0.03406355600258992,18034,0.03413044985097387,28.854,100000,0.5
dna,5000,0.016996700025629252,0.019951900001615286,0.020680000016000122,0,0.0358,0.03406355600258992,18034,0.03413044985097387,28.854,100000,0.5
dna,5000,0.016490700014401227,0.023373399977572262,0.02497110003605485,0,0.0358,0.03406355600258992,18034,0.03413044985097387,28.854,100000,0.5
dna,5000,0.01785790000576526,0.019508600002154708,0.02035549998981878,0,0.0358,0.03406355600258992,18034,0.03413044985097387,28.854,100000,0.5
dna,5000,0.022947799996472895,0.022510599985253066,0.02635020000161603,0,0.0358,0.03406355600258992,18034,0.03413044985097387,28.854,100000,0.5
dna,5000,0.018436000042129308,0.026285500032827258,0.022802600055001676,0,0.0358,0.03406355600258992,18034,0.03413044985097387,28.854,100000,0.5
dna,10000,0.04714310000417754,0.060483000008389354,0.04847410001093522,0,0.0683,0.06696678615763818,18034,0.06731129132875857,14.427,100000,0.5
dna,10000,0.07386399997631088,0.10920819995226339,0.08359990001190454,0,0.0683,0.06696678615763818,18034,0.06731129132875857,14.427,100000,0.5
dna,10000,0.06811450002714992,0.04851399996550754,0.041602799959946424,0,0.0683,0.06696678615763818,18034,0.06731129132875857,14.427,100000,0.5
dna,10000,0.04113780002808198,0.04176930000539869,0.05108720000134781,0,0.0683,0.06696678615763818,18034,0.06731129132875857,14.427,100000,0.5
dna,10000,0.03605659998720512,0.03896469995379448,0.04412949999095872,0,0.0683,0.06696678615763818,18034,0.06731129132875857,14.427,100000,0.5
dna,10000,0.03485130000626668,0.045049100008327514,0.040335999976377934,0,0.0683,0.06696678615763818,18034,0.06731129132875857,14.427,100000,0.5
dna,10000,0.047531899996101856,0.05167959997197613,0.04961280000861734,0,0.0683,0.06696678615763818,18034,0.06731129132875857,14.427,100000,0.5
dna,10000,0.03482770000118762,0.035640900023281574,0.05194680002750829,0,0.0683,0.06696678615763818,18034,0.06731129132875857,14.427,100000,0.5
dna,10000,0.035211100010201335,0.04248359997291118,0.03745669999625534,0,0.0683,0.06696678615763818,18034,0.06731129132875857,14.427,100000,0.5
dna,10000,0.03649640001822263,0.0375361000187695,0.03750709997257218,0,0.0683,0.06696678615763818,18034,0.06731129132875857,14.427,100000,0.5
dna,25000,0.12795910000568256,0.09455779998097569,0.0995703000226058,0,0.15896,0.15910308386373662,18034,0.1597074928952658,5.7708,100000,0.5
dna,25000,0.07930649997433648,0.08758079999824986,0.08855100005166605,0,0.15896,0.15910308386373662,18034,0.1597074928952658,5.7708,100000,0.5
dna,25000,0.07573109999066219,0.08704750001197681,0.09302940004272386,0,0.15896,0.15910308386373662,18034,0.1597074928952658,5.7708,100000,0.5
dna,25000,0.0880483000073582,0.10910150001291186,0.09087349998299032,0,0.15896,0.15910308386373662,18034,0.1597074928952658,5.7708,100000,0.5
dna,25000,0.07633850001730025,0.0833009000052698,0.09512370004085824,0,0.15896,0.15910308386373662,18034,0.1597074928952658,5.7708,100000,0.5
dna,25000,0.09550910000689328,0.08555550000164658,0.09890469996025786,0,0.15896,0.15910308386373662,18034,0.1597074928952658,5.7708,100000,0.5
dna,25000,0.07736320002004504,0.09380969998892397,0.09033279999857768,0,0.15896,0.15910308386373662,18034,0.1597074928952658,5.7708,100000,0.5
dna,25000,0.07424370001535863,0.08553189999656752,0.10924279998289421,0,0.15896,0.15910308386373662,18034,0.1597074928952658,5.7708,100000,0.5
dna,25000,0.07621839997591451,0.08426229999167845,0.09475290001137182,0,0.15896,0.15910308386373662,18034,0.1597074928952658,5.7708,100000,0.5
dna,25000,0.07421739998972043,0.08707450004294515,0.08970210002735257,0,0.15896,0.15910308386373662,18034,0.1597074928952658,5.7708,100000,0.5
dna,50000,0.1541966999648139,0.17478989996016026,0.18668619997333735,0,0.29288,0.292892376432522,18034,0.2929715117488043,2.8854,100000,0.5
dna,50000,0.18263830000068992,0.1895035000052303,0.17743999999947846,0,0.29288,0.292892376432522,18034,0.2929715117488043,2.8854,100000,0.5
dna,50000,0.1486907000071369,0.1910747999791056,0.17969610000727698,0,0.29288,0.292892376432522,18034,0.2929715117488043,2.8854,100000,0.5
dna,50000,0.1482568000210449,0.172780699969735,0.17680439999094233,0,0.29288,0.292892376432522,18034,0.2929715117488043,2.8854,100000,0.5
dna,50000,0.1643338999710977,0.19293939997442067,0.22947570000542328,0,0.29288,0.292892376432522,18034,0.2929715117488043,2.8854,100000,0.5
dna,50000,0.1505089999991469,0.17058619996532798,0.17372790002264082,0,0.29288,0.292892376432522,18034,0.2929715117488043,2.8854,100000,0.5
dna,50000,0.16219369997270405,0.17263180000009015,0.23801269999239594,0,0.29288,0.292892376432522,18034,0.2929715117488043,2.8854,100000,0.5
dna,50000,0.16028030001325533,0.1845826000208035,0.18781940004555508,0,0.29288,0.292892376432522,18034,0.2929715117488043,2.8854,100000,0.5
dna,50000,0.15038349997485057,0.17552709998562932,0.17616580001777038,0,0.29288,0.292892376432522,18034,0.2929715117488043,2.8854,100000,0.5
dna,50000,0.15330669999821112,0.17427439999300987,0.18603300000540912,0,0.29288,0.292892376432522,18034,0.2929715117488043,2.8854,100000,0.5
dna,100000,0.3231584000168368,0.33725879999110475,0.356739699956961,0,0.49838,0.4999988086927538,18034,0.5009149511332918,1.4427,100000,0.5
dna,100000,0.3291873999987729,0.33776740002213046,0.34913599997526035,0,0.49838,0.4999988086927538,18034,0.5009149511332918,1.4427,100000,0.5
dna,100000,0.3106963000027463,0.34756369999377057,0.3617591000511311,0,0.49838,0.4999988086927538,18034,0.5009149511332918,1.4427,100000,0.5
dna,100000,0.320848900009878,0.33404619997600093,0.3618614999577403,0,0.49838,0.4999988086927538,18034,0.5009149511332918,1.4427,100000,0.5
dna,100000,0.33207170001696795,0.3395868000225164,0.38262590003432706,0,0.49838,0.4999988086927538,18034,0.5009149511332918,1.4427,100000,0.5
dna,100000,0.35444269998697564,0.37034419999690726,0.35609209997346625,0,0.49838,0.4999988086927538,18034,0.5009149511332918,1.4427,100000,0.5
dna,100000,0.33348540001315996,0.36037609999766573,0.4004941000021063,0,0.49838,0.4999988086927538,18034,0.5009149511332918,1.4427,100000,0.5
dna,100000,0.3096759999752976,0.36519649997353554,0.35960509994765744,0,0.49838,0.4999988086927538,18034,0.5009149511332918,1.4427,100000,0.5
dna,100000,0.3059372999705374,0.33808650000719354,0.36534870002651587,0,0.49838,0.4999988086927538,18034,0.5009149511332918,1.4427,100000,0.5
dna,100000,0.3066467000171542,0.3338876999914646,0.35048700001789257,0,0.49838,0.4999988086927538,18034,0.5009149511332918,1.4427,100000,0.5
English words,1000,0.004655099997762591,0.007197000028099865,0.004179200041107833,0,0.0,1.0800114320987647e-15,119814,0.007277993043340365,958.506,100000,0.01
English words,1000,0.0053114999900572,0.00821989995893091,0.00415129994507879,0,0.0,1.0800114320987647e-15,119814,0.007277993043340365,958.506,100000,0.01
English words,1000,0.005233699979726225,0.005113699997309595,0.004119399993214756,0,0.0,1.0800114320987647e-15,119814,0.007277993043340365,958.506,100000,0.01
English words,1000,0.005189199990127236,0.005851499969139695,0.004156599985435605,0,0.0,1.0800114320987647e-15,119814,0.007277993043340365,958.506,100000,0.01
English words,1000,0.004608799994457513,0.0054907999583519995,0.00412779999896884,0,0.0,1.0800114320987647e-15,119814,0.007277993043340365,958.506,100000,0.01
English words,1000,0.004562299989629537,0.005225999979302287,0.004112299997359514,0,0.0,1.0800114320987647e-15,119814,0.007277993043340365,958.506,100000,0.01
English words,1000,0.0046672000316902995,0.005278999975416809,0.004076499957591295,0,0.0,1.0800114320987647e-15,119814,0.007277993043340365,958.506,100000,0.01
English words,1000,0.004634900018572807,0.005073699983768165,0.004405500018037856,0,0.0,1.0800114320987647e-15,119814,0.007277993043340365,958.506,100000,0.01
English words,1000,0.00454989995341748,0.005088100035209209,0.004222300020046532,0,0.0,1.0800114320987647e-15,119814,0.007277993043340365,958.506,100000,0.01
English words,1000,0.004674700030591339,0.0051188999786973,0.0046104000066407025,0,0.0,1.0800114320987647e-15,119814,0.007277993043340365,958.506,100000,0.01
English words,5000,0.023383899999316782,0.025738800002727658,0.02139020001050085,0,0.0,7.620389843068936e-11,119814,0.03584015123536003,191.7012,100000,0.01
English words,5000,0.023586000024806708,0.026790799980517477,0.021027499984484166,0,0.0,7.620389843068936e-11,119814,0.03584015123536003,191.7012,100000,0.01
English words,5000,0.02403319999575615,0.030506999988574535,0.022198199992999434,0,0.0,7.620389843068936e-11,119814,0.03584015123536003,191.7012,100000,0.01
English words,5000,0.03590609994716942,0.032015200005844235,0.02226379996864125,0,0.0,7.620389843068936e-11,119814,0.03584015123536003,191.7012,100000,0.01
English words,5000,0.02554999996209517,0.026953699998557568,0.02357260003918782,0,0.0,7.620389843068936e-11,119814,0.03584015123536003,191.7012,100000,0.01
English words,5000,0.023451899993233383,0.027772999950684607,0.02141829999163747,0,0.0,7.620389843068936e-11,119814,0.03584015123536003,191.7012,100000,0.01
English words,5000,0.023091999988537282,0.025753900001291186,0.020771699957549572,0,0.0,7.620389843068936e-11,119814,0.03584015123536003,191.7012,100000,0.01
English words,5000,0.023134900024160743,0.025995900039561093,0.021073099982459098,0,0.0,7.620389843068936e-11,119814,0.03584015123536003,191.7012,100000,0.01
English words,5000,0.022864500002469867,0.026205900008790195,0.020937199995387346,0,0.0,7.620389843068936e-11,119814,0.03584015123536003,191.7012,100000,0.01
English words,5000,0.02319290000014007,0.026842900027986616,0.022528899949975312,0,0.0,7.620389843068936e-11,119814,0.03584015123536003,191.7012,100000,0.01
English words,10000,0.04894149996107444,0.05365459999302402,0.043463599984534085,0,0.0,8.593887279990108e-09,119814,0.07040540173979089,95.8506,100000,0.01
English words,10000,0.04670860001351684,0.0545255999895744,0.044111000024713576,0,0.0,8.593887279990108e-09,119814,0.07040540173979089,95.8506,100000,0.01
English words,10000,0.05561239999951795,0.052117799990810454,0.04403279995312914,0,0.0,8.593887279990108e-09,119814,0.07040540173979089,95.8506,100000,0.01
English words,10000,0.04872149997390807,0.05440269998507574,0.044365999987348914,0,0.0,8.593887279990108e-09,119814,0.07040540173979089,95.8506,100000,0.01
English words,10000,0.04941650002729148,0.052689500036649406,0.04192469996633008,0,0.0,8.593887279990108e-09,119814,0.07040540173979089,95.8506,100000,0.01
English words,10000,0.047302299994044006,0.057596699974965304,0.04373849998228252,0,0.0,8.593887279990108e-09,119814,0.07040540173979089,95.8506,100000,0.01
English words,10000,0.045757099986076355,0.05153729999437928,0.04294989997288212,0,0.0,8.593887279990108e-09,119814,0.07040540173979089,95.8506,100000,0.01
English words,10000,0.046339499996975064,0.05535909999161959,0.042484500037971884,0,0.0,8.593887279990108e-09,119814,0.07040540173979089,95.8506,100000,0.01
English words,10000,0.04735180002171546,0.056640799972228706,0.042084200016688555,0,0.0,8.593887279990108e-09,119814,0.07040540173979089,95.8506,100000,0.01
English words,10000,0.04685919999610633,0.05679529998451471,0.043315400020219386,0,0.0,8.593887279990108e-09,119814,0.07040540173979089,95.8506,100000,0.01
English words,25000,0.11654799996176735,0.14788589999079704,0.150900200009346,0,0.0,3.6041501959913267e-06,119814,0.1668659351115173,38.34024,100000,0.01
English words,25000,0.12131730001419783,0.13758809998398647,0.12084780004806817,0,0.0,3.6041501959913267e-06,119814,0.1668659351115173,38.34024,100000,0.01
English words,25000,0.13889020000351593,0.14345390000380576,0.11567089997697622,0,0.0,3.6041501959913267e-06,119814,0.1668659351115173,38.34024,100000,0.01
English words,25000,0.11890260002110153,0.14836980000836775,0.11242929997388273,0,0.0,3.6041501959913267e-06,119814,0.1668659351115173,38.34024,100000,0.01
English words,25000,0.14696929999627173,0.15232480003032833,0.12310520000755787,0,0.0,3.6041501959913267e-06,119814,0.1668659351115173,38.34024,100000,0.01
English words,25000,0.17046970000956208,0.20583859999896958,0.120054800005164,0,0.0,3.6041501959913267e-06,119814,0.1668659351115173,38.34024,100000,0.01
English words,25000,0.11904609994962811,0.1467479999992065,0.1198003999888897,0,0.0,3.6041501959913267e-06,119814,0.1668659351115173,38.34024,100000,0.01
English words,25000,0.1335213000420481,0.1474504999932833,0.12648040003841743,0,0.0,3.6041501959913267e-06,119814,0.1668659351115173,38.34024,100000,0.01
English words,25000,0.13045499997679144,0.14051070000277832,0.11250629997812212,0,0.0,3.6041501959913267e-06,119814,0.1668659351115173,38.34024,100000,0.01
English words,25000,0.13343499996699393,0.15620780002791435,0.11691580002661794,0,0.0,3.6041501959913267e-06,119814,0.1668659351115173,38.34024,100000,0.01
English words,50000,0.2519076000317,0.29342290002387017,0.2774255000404082,0,0.00032,0.00025069266290340725,119814,0.3057435216889618,19.17012,100000,0.01
English words,50000,0.26076860004104674,0.283017200010363,0.25189270003465936,0,0.00032,0.00025069266290340725,119814,0.3057435216889618,19.17012,100000,0.01
English words,50000,0.28521580004598945,0.2864865000010468,0.23346140002831817,0,0.00032,0.00025069266290340725,119814,0.3057435216889618,19.17012,100000,0.01
English words,50000,0.2508057999657467,0.3097010000492446,0.23469569999724627,0,0.00032,0.00025069266290340725,119814,0.3057435216889618,19.17012,100000,0.01
English words,50000,0.24922739999601617,0.33721889997832477,0.24070860003121197,0,0.00032,0.00025069266290340725,119814,0.3057435216889618,19.17012,100000,0.01
English words,50000,0.24904700001934543,0.2999137000297196,0.23461410001618788,0,0.00032,0.00025069266290340725,119814,0.3057435216889618,19.17012,100000,0.01
English words,50000,0.2773394999676384,0.3073761999839917,0.23852290003560483,0,0.00032,0.00025069266290340725,119814,0.3057435216889618,19.17012,100000,0.01
English words,50000,0.2585966999758966,0.3211392000084743,0.23678839998319745,0,0.00032,0.00025069266290340725,119814,0.3057435216889618,19.17012,100000,0.01
English words,50000,0.2618951000040397,0.2806894999812357,0.23303240002132952,0,0.00032,0.00025069266290340725,119814,0.3057435216889618,19.17012,100000,0.01
English words,50000,0.2470327999908477,0.3437178999884054,0.3461868000449613,0,0.00032,0.00025069266290340725,119814,0.3057435216889618,19.17012,100000,0.01
English words,100000,0.5090124999987893,0.594676700013224,0.4912934000021778,0,0.00983,0.010039209581758123,119814,0.5174991079868044,9.58506,100000,0.01
English words,100000,0.5129007999785244,0.5830828999751247,0.5186487000319175,0,0.00983,0.010039209581758123,119814,0.5174991079868044,9.58506,100000,0.01
English words,100000,0.5072051000315696,0.583000099984929,0.4776016999967396,0,0.00983,0.010039209581758123,119814,0.5174991079868044,9.58506,100000,0.01
English words,100000,0.5136841000057757,0.5669509000144899,0.48383650003233925,0,0.00983,0.010039209581758123,119814,0.5174991079868044,9.58506,100000,0.01
English words,100000,0.5003127999952994,0.5830937999999151,0.5481691000168212,0,0.00983,0.010039209581758123,119814,0.5174991079868044,9.58506,100000,0.01
English words,100000,0.5117053000140004,0.5984941000351682,0.4896589000127278,0,0.00983,0.010039209581758123,119814,0.5174991079868044,9.58506,100000,0.01
English words,100000,0.5798653999809176,0.5666043999954127,0.48625859996536747,0,0.00983,0.010039209581758123,119814,0.5174991079868044,9.58506,100000,0.01
English words,100000,0.5393832999980077,0.603168600006029,0.4933906000223942,0,0.00983,0.010039209581758123,119814,0.5174991079868044,9.58506,100000,0.01
English words,100000,0.5507512000040151,0.5868960000225343,0.5027681000065058,0,0.00983,0.010039209581758123,119814,0.5174991079868044,9.58506,100000,0.01
English words,100000,0.49820070003625005,0.5813012000289746,0.4755788999609649,0,0.00983,0.010039209581758123,119814,0.5174991079868044,9.58506,100000,0.01
English words,1000,0.005039600015152246,0.004238299967255443,0.0062833999982103705,0,0.0,1.6720947938940096e-09,77941,0.006394311035839897,623.523,100000,0.05
English words,1000,0.004686800006311387,0.004205700010061264,0.0037681999965570867,0,0.0,1.6720947938940096e-09,77941,0.006394311035839897,623.523,100000,0.05
English words,1000,0.0038696000119671226,0.004355599987320602,0.00512039999011904,0,0.0,1.6720947938940096e-09,77941,0.006394311035839897,623.523,100000,0.05
English words,1000,0.005526000051759183,0.004272299993317574,0.00379879999672994,0,0.0,1.6720947938940096e-09,77941,0.006394311035839897,623.523,100000,0.05
English words,1000,0.0037964999792166054,0.006020099972374737,0.0045760999782942235,0,0.0,1.6720947938940096e-09,77941,0.006394311035839897,623.523,100000,0.05
English words,1000,0.003959900001063943,0.004204500000923872,0.003771900024730712,0,0.0,1.6720947938940096e-09,77941,0.006394311035839897,623.523,100000,0.05
English words,1000,0.0038077000062912703,0.005170000018551946,0.003934999986086041,0,0.0,1.6720947938940096e-09,77941,0.006394311035839897,623.523,100000,0.05
English words,1000,0.003784200001973659,0.004191800020635128,0.0037594999885186553,0,0.0,1.6720947938940096e-09,77941,0.006394311035839897,623.523,100000,0.05
English words,1000,0.00376180000603199,0.004818800021894276,0.004260800022166222,0,0.0,1.6720947938940096e-09,77941,0.006394311035839897,623.523,100000,0.05
English words,1000,0.005174200050532818,0.0041945999837480485,0.0037543000071309507,0,0.0,1.6720947938940096e-09,77941,0.006394311035839897,623.523,100000,0.05
English words,5000,0.021456899994518608,0.02445389999775216,0.020755200006533414,0,0.0,9.929419378733505e-07,77941,0.031573815240175586,124.7046,100000,0.05
English words,5000,0.019639699952676892,0.022793999989517033,0.0222269999794662,0,0.0,9.929419378733505e-07,77941,0.031573815240175586,124.7046,100000,0.05
English words,5000,0.01900899998145178,0.02469560003373772,0.020885500009171665,0,0.0,9.929419378733505e-07,77941,0.031573815240175586,124.7046,100000,0.05
English words,5000,0.022264699975494295,0.0245291999890469,0.026026499981526285,0,0.0,9.929419378733505e-07,77941,0.031573815240175586,124.7046,100000,0.05
English words,5000,0.020449999952688813,0.021510599995963275,0.022970399993937463,0,0.0,9.929419378733505e-07,77941,0.031573815240175586,124.7046,100000,0.05
English words,5000,0.02279760001692921,0.021410299988929182,0.01894229999743402,0,0.0,9.929419378733505e-07,77941,0.031573815240175586,124.7046,100000,0.05
English words,5000,0.02537709998432547,0.022583500016480684,0.025275099964346737,0,0.0,9.929419378733505e-07,77941,0.031573815240175586,124.7046,100000,0.05
English words,5000,0.019969999964814633,0.021522700029890984,0.028910199995152652,0,0.0,9.929419378733505e-07,77941,0.031573815240175586,124.7046,100000,0.05
English words,5000,0.02051750000100583,0.023687399982009083,0.020348100049886853,0,0.0,9.929419378733505e-07,77941,0.031573815240175586,124.7046,100000,0.05
English words,5000,0.021316499973181635,0.02362280001398176,0.019224699994083494,0,0.0,9.929419378733505e-07,77941,0.031573815240175586,124.7046,100000,0.05
English words,10000,0.04216660000383854,0.04922919999808073,0.042010400036815554,0,0.0,1.4907559563835046e-05,77941,0.06215488442286812,62.3523,100000,0.05
English words,10000,0.04156010004226118,0.05853490001754835,0.04367789998650551,0,0.0,1.4907559563835046e-05,77941,0.06215488442286812,62.3523,100000,0.05
English words,10000,0.03953159996308386,0.0445917000179179,0.04026119998889044,0,0.0,1.4907559563835046e-05,77941,0.06215488442286812,62.3523,100000,0.05
English words,10000,0.04140309995273128,0.046152900031302124,0.04375740000978112,0,0.0,1.4907559563835046e-05,77941,0.06215488442286812,62.3523,100000,0.05
English words,10000,0.04342160001397133,0.04747609997866675,0.0409737000009045,0,0.0,1.4907559563835046e-05,77941,0.06215488442286812,62.3523,100000,0.05
English words,10000,0.04542020004009828,0.04764639999484643,0.040599600004497916,0,0.0,1.4907559563835046e-05,77941,0.06215488442286812,62.3523,100000,0.05
English words,10000,0.05884390004212037,0.0657327999942936,0.046231199987232685,0,0.0,1.4907559563835046e-05,77941,0.06215488442286812,62.3523,100000,0.05
English words,10000,0.04185679997317493,0.0451935000019148,0.04266239999560639,0,0.0,1.4907559563835046e-05,77941,0.06215488442286812,62.3523,100000,0.05
English words,10000,0.03965670004254207,0.060288599983323365,0.04612089996226132,0,0.0,1.4907559563835046e-05,77941,0.06215488442286812,62.3523,100000,0.05
English words,10000,0.041416199994273484,0.04756099998485297,0.04625419998774305,0,0.0,1.4907559563835046e-05,77941,0.06215488442286812,62.3523,100000,0.05
English words,25000,0.11554159998195246,0.11827869998523965,0.10738850000780076,0,0.0004,0.00048211210043865363,77941,0.14809076810318145,24.94092,100000,0.05
English words,25000,0.10506390000227839,0.1154679000028409,0.11016759998165071,0,0.0004,0.00048211210043865363,77941,0.14809076810318145,24.94092,100000,0.05
English words,25000,0.10428450000472367,0.11543629999505356,0.13931169995339587,0,0.0004,0.00048211210043865363,77941,0.14809076810318145,24.94092,100000,0.05
English words,25000,0.14898239995818585,0.11523499997565523,0.09960159996990114,0,0.0004,0.00048211210043865363,77941,0.14809076810318145,24.94092,100000,0.05
English words,25000,0.10110840003471822,0.11919060000218451,0.10728810000000522,0,0.0004,0.00048211210043865363,77941,0.14809076810318145,24.94092,100000,0.05
English words,25000,0.10350960004143417,0.1446414000238292,0.1011280000093393,0,0.0004,0.00048211210043865363,77941,0.14809076810318145,24.94092,100000,0.05
English words,25000,0.1068066000007093,0.11525069997878745,0.1048642999958247,0,0.0004,0.00048211210043865363,77941,0.14809076810318145,24.94092,100000,0.05
English words,25000,0.09960469999350607,0.12775999994482845,0.11118129995884374,0,0.0004,0.00048211210043865363,77941,0.14809076810318145,24.94092,100000,0.05
English words,25000,0.10072849999414757,0.1253170999698341,0.10155809996649623,0,0.0004,0.00048211210043865363,77941,0.14809076810318145,24.94092,100000,0.05
English words,25000,0.11213999998290092,0.11409280000953004,0.10071119997883216,0,0.0004,0.00048211210043865363,77941,0.14809076810318145,24.94092,100000,0.05
English words,50000,0.2085856000194326,0.23286780004855245,0.24666169995907694,0,0.00618,0.005669489293146056,77941,0.2745865028234724,12.47046,100000,0.05
English words,50000,0.21123230003286153,0.23599140002625063,0.21630649996222928,0,0.00618,0.005669489293146056,77941,0.2745865028234724,12.47046,100000,0.05
English words,50000,0.20843419997254387,0.2555304000270553,0.21250169997802004,0,0.00618,0.005669489293146056,77941,0.2745865028234724,12.47046,100000,0.05
English words,50000,0.2114958000020124,0.25212660001125187,0.21320689999265596,0,0.00618,0.005669489293146056,77941,0.2745865028234724,12.47046,100000,0.05
English words,50000,0.2158019000198692,0.23257450002711266,0.209094499994535,0,0.00618,0.005669489293146056,77941,0.2745865028234724,12.47046,100000,0.05
English words,50000,0.2037951999809593,0.22423910000361502,0.22500159998890013,0,0.00618,0.005669489293146056,77941,0.2745865028234724,12.47046,100000,0.05
English words,50000,0.20299329998670146,0.2909083000267856,0.2516907000099309,0,0.00618,0.005669489293146056,77941,0.2745865028234724,12.47046,100000,0.05
English words,50000,0.21017159998882562,0.24977470003068447,0.22563080000691116,0,0.00618,0.005669489293146056,77941,0.2745865028234724,12.47046,100000,0.05
English words,50000,0.2163797999965027,0.23637130000861362,0.25840280001284555,0,0.00618,0.005669489293146056,77941,0.2745865028234724,12.47046,100000,0.05
English words,50000,0.2163046000059694,0.2568761999718845,0.2166469999938272,0,0.00618,0.005669489293146056,77941,0.2745865028234724,12.47046,100000,0.05
English words,100000,0.46115270000882447,0.5486914999783039,0.4449307000031695,0,0.05079,0.05026935043090881,77941,0.4737676076103047,6.23523,100000,0.05
English words,100000,0.4163711000001058,0.4736632999847643,0.5007001000340097,0,0.05079,0.05026935043090881,77941,0.4737676076103047,6.23523,100000,0.05
English words,100000,0.42561450001085177,0.4674358000047505,0.44666090002283454,0,0.05079,0.05026935043090881,77941,0.4737676076103047,6.23523,100000,0.05
English words,100000,0.41454679996240884,0.4659590000519529,0.4330043999943882,0,0.05079,0.05026935043090881,77941,0.4737676076103047,6.23523,100000,0.05
English words,100000,0.428562699991744,0.46151009999448434,0.42603509995387867,0,0.05079,0.05026935043090881,77941,0.4737676076103047,6.23523,100000,0.05
English words,100000,0.41390230000251904,0.47482369997305796,0.43249310000101104,0,0.05079,0.05026935043090881,77941,0.4737676076103047,6.23523,100000,0.05
English words,100000,0.4288953000213951,0.4934112000046298,0.522229399997741,0,0.05079,0.05026935043090881,77941,0.4737676076103047,6.23523,100000,0.05
English words,100000,0.4249277000199072,0.508684300002642,0.532867299974896,0,0.05079,0.05026935043090881,77941,0.4737676076103047,6.23523,100000,0.05
English words,100000,0.432749799976591,0.4769007000140846,0.4782652999856509,0,0.05079,0.05026935043090881,77941,0.4737676076103047,6.23523,100000,0.05
English words,100000,0.4547478000167757,0.4904418000369333,0.4199347000103444,0,0.05079,0.05026935043090881,77941,0.4737676076103047,6.23523,100000,0.05
English words,1000,0.005257499986328185,0.003924799966625869,0.00367129995720461,0,0.0,2.429928607669699e-07,59907,0.006238875917312985,479.253,100000,0.1
English words,1000,0.003530499991029501,0.003918000031262636,0.009132000035606325,0,0.0,2.429928607669699e-07,59907,0.006238875917312985,479.253,100000,0.1
English words,1000,0.00428190000820905,0.0038882000371813774,0.0036432999768294394,0,0.0,2.429928607669699e-07,59907,0.006238875917312985,479.253,100000,0.1
English words,1000,0.0035457999911159277,0.003944600000977516,0.0053601000108756125,0,0.0,2.429928607669699e-07,59907,0.006238875917312985,479.253,100000,0.1
English words,1000,0.0035442999796941876,0.003932100022211671,0.003953299950808287,0,0.0,2.429928607669699e-07,59907,0.006238875917312985,479.253,100000,0.1
English words,1000,0.003541799960657954,0.00644060003105551,0.004184000019449741,0,0.0,2.429928607669699e-07,59907,0.006238875917312985,479.253,100000,0.1
English words,1000,0.005095100030303001,0.0038896999903954566,0.003665899974294007,0,0.0,2.429928607669699e-07,59907,0.006238875917312985,479.253,100000,0.1
English words,1000,0.0034975000307895243,0.0038828999968245625,0.004324500041548163,0,0.0,2.429928607669699e-07,59907,0.006238875917312985,479.253,100000,0.1
English words,1000,0.0035254000104032457,0.004046400019433349,0.0036684999940916896,0,0.0,2.429928607669699e-07,59907,0.006238875917312985,479.253,100000,0.1
English words,1000,0.0036379999946802855,0.0038948000292293727,0.0036462999996729195,0,0.0,2.429928607669699e-07,59907,0.006238875917312985,479.253,100000,0.1
English words,5000,0.018041800009086728,0.02130720001878217,0.018502599967177957,0,0.0,2.925790002196847e-05,59907,0.0307854097939919,95.8506,100000,0.1
English words,5000,0.018956299987621605,0.019864699977915734,0.019165100005920976,0,0.0,2.925790002196847e-05,59907,0.0307854097939919,95.8506,100000,0.1
English words,5000,0.01814090000698343,0.021040700026787817,0.01977650000480935,0,0.0,2.925790002196847e-05,59907,0.0307854097939919,95.8506,100000,0.1
English words,5000,0.01931259996490553,0.023066700028721243,0.02946890000021085,0,0.0,2.925790002196847e-05,59907,0.0307854097939919,95.8506,100000,0.1
English words,5000,0.019800799957010895,0.023992000031284988,0.02418150001903996,0,0.0,2.925790002196847e-05,59907,0.0307854097939919,95.8506,100000,0.1
English words,5000,0.02025209995917976,0.02132030000211671,0.020190200011711568,0,0.0,2.925790002196847e-05,59907,0.0307854097939919,95.8506,100000,0.1
English words,5000,0.01776600000448525,0.02435729996068403,0.019035200006328523,0,0.0,2.925790002196847e-05,59907,0.0307854097939919,95.8506,100000,0.1
English words,5000,0.02068779995897785,0.024749800038989633,0.024658000038471073,0,0.0,2.925790002196847e-05,59907,0.0307854097939919,95.8506,100000,0.1
English words,5000,0.020061099960003048,0.0196828999905847,0.01855259999865666,0,0.0,2.925790002196847e-05,59907,0.0307854097939919,95.8506,100000,0.1
English words,5000,0.021101600024849176,0.02026399999158457,0.019522399990819395,0,0.0,2.925790002196847e-05,59907,0.0307854097939919,95.8506,100000,0.1
English words,10000,0.03636179998284206,0.043342099990695715,0.04478739999467507,0,0.0004,0.00022341040040483207,59907,0.06063811807124838,47.9253,100000,0.1
English words,10000,0.044995600008405745,0.04300700000021607,0.03740949998609722,0,0.0004,0.00022341040040483207,59907,0.06063811807124838,47.9253,100000,0.1
English words,10000,0.03657789999851957,0.04272550001041964,0.038962299993727356,0,0.0004,0.00022341040040483207,59907,0.06063811807124838,47.9253,100000,0.1
English words,10000,0.03891629999270663,0.04123440000694245,0.040590699994936585,0,0.0004,0.00022341040040483207,59907,0.06063811807124838,47.9253,100000,0.1
English words,10000,0.035380000015720725,0.042902199958916754,0.03984230000060052,0,0.0004,0.00022341040040483207,59907,0.06063811807124838,47.9253,100000,0.1
English words,10000,0.040924100030679256,0.05104980000760406,0.040990899957250804,0,0.0004,0.00022341040040483207,59907,0.06063811807124838,47.9253,100000,0.1
English words,10000,0.03823559999000281,0.042801399948075414,0.0387087999843061,0,0.0004,0.00022341040040483207,59907,0.06063811807124838,47.9253,100000,0.1
English words,10000,0.035302799951750785,0.04139920003945008,0.04026969999540597,0,0.0004,0.00022341040040483207,59907,0.06063811807124838,47.9253,100000,0.1
English words,10000,0.03814639995107427,0.03996160003589466,0.04041030001826584,0,0.0004,0.00022341040040483207,59907,0.06063811807124838,47.9253,100000,0.1
English words,10000,0.035459899983834475,0.05561099998885766,0.042332999990321696,0,0.0004,0.00022341040040483207,59907,0.06063811807124838,47.9253,100000,0.1
English words,25000,0.08962980000069365,0.11329330003354698,0.10491110000293702,0,0.00272,0.0030399894165811267,59907,0.14487546243841978,19.17012,100000,0.1
English words,25000,0.09307790000457317,0.1161524000344798,0.09892969997599721,0,0.00272,0.0030399894165811267,59907,0.14487546243841978,19.17012,100000,0.1
English words,25000,0.09423290000995621,0.11528450000332668,0.11111150000942871,0,0.00272,0.0030399894165811267,59907,0.14487546243841978,19.17012,100000,0.1
English words,25000,0.09942869999213144,0.10253490001196042,0.10098160000052303,0,0.00272,0.0030399894165811267,59907,0.14487546243841978,19.17012,100000,0.1
English words,25000,0.09674919996177778,0.10988469998119399,0.10378669999772683,0,0.00272,0.0030399894165811267,59907,0.14487546243841978,19.17012,100000,0.1
English words,25000,0.11882579996017739,0.10889519995544106,0.10058500000741333,0,0.00272,0.0030399894165811267,59907,0.14487546243841978,19.17012,100000,0.1
English words,25000,0.0975855000433512,0.10566190001554787,0.12755550001747906,0,0.00272,0.0030399894165811267,59907,0.14487546243841978,19.17012,100000,0.1
English words,25000,0.10934359999373555,0.10448280000127852,0.0991105999564752,0,0.00272,0.0030399894165811267,59907,0.14487546243841978,19.17012,100000,0.1
English words,25000,0.10014549997868016,0.13722820003749803,0.1157468999736011,0,0.00272,0.0030399894165811267,59907,0.14487546243841978,19.17012,100000,0.1
English words,25000,0.11183619999792427,0.10683920001611114,0.09844999999040738,0,0.00272,0.0030399894165811267,59907,0.14487546243841978,19.17012,100000,0.1
English words,50000,0.18063229997642338,0.20668830000795424,0.19296529999701306,0,0.01762,0.019408861513406532,59907,0.268340521603412,9.58506,100000,0.1
English words,50000,0.18425370001932606,0.20451189996674657,0.19486119999783114,0,0.01762,0.019408861513406532,59907,0.268340521603412,9.58506,100000,0.1
English words,50000,0.24677039997186512,0.2038143999525346,0.1997799000237137,0,0.01762,0.019408861513406532,59907,0.268340521603412,9.58506,100000,0.1
English words,50000,0.1820953999995254,0.2058307999977842,0.19557140005053952,0,0.01762,0.019408861513406532,59907,0.268340521603412,9.58506,100000,0.1
English words,50000,0.1824499000213109,0.1991907000192441,0.1986340000294149,0,0.01762,0.019408861513406532,59907,0.268340521603412,9.58506,100000,0.1
English words,50000,0.18517650000285357,0.20949500001734123,0.19632019998971373,0,0.01762,0.019408861513406532,59907,0.268340521603412,9.58506,100000,0.1
English words,50000,0.1785587000194937,0.19958340004086494,0.19520349998492748,0,0.01762,0.019408861513406532,59907,0.268340521603412,9.58506,100000,0.1
English words,50000,0.1816860999679193,0.20427539997035637,0.19855949998600408,0,0.01762,0.019408861513406532,59907,0.268340521603412,9.58506,100000,0.1
English words,50000,0.18291260005207732,0.20956499996827915,0.20056380005553365,0,0.01762,0.019408861513406532,59907,0.268340521603412,9.58506,100000,0.1
English words,50000,0.1859421999542974,0.2050969999982044,0.1933001999859698,0,0.01762,0.019408861513406532,59907,0.268340521603412,9.58506,100000,0.1
English words,100000,0.36994640005286783,0.4101788999978453,0.3944994999910705,0,0.10182,0.10071321535202782,59907,0.46520731221296474,4.79253,100000,0.1
English words,100000,0.3598776999861002,0.4053419000119902,0.4024543999694288,0,0.10182,0.10071321535202782,59907,0.46520731221296474,4.79253,100000,0.1
English words,100000,0.35481310001341626,0.4052561999997124,0.41659229999640957,0,0.10182,0.10071321535202782,59907,0.46520731221296474,4.79253,100000,0.1
English words,100000,0.3694466999731958,0.40846399997826666,0.40728810004657134,0,0.10182,0.10071321535202782,59907,0.46520731221296474,4.79253,100000,0.1
English words,100000,0.37550970003940165,0.46713519998593256,0.3926759999594651,0,0.10182,0.10071321535202782,59907,0.46520731221296474,4.79253,100000,0.1
English words,100000,0.366903199988883,0.4399266000255011,0.4065149999805726,0,0.10182,0.10071321535202782,59907,0.46520731221296474,4.79253,100000,0.1
English words,100000,0.39981939998688176,0.4052444999688305,0.39213849999941885,0,0.10182,0.10071321535202782,59907,0.46520731221296474,4.79253,100000,0.1
English words,100000,0.3685059000272304,0.46466910000890493,0.4452628999715671,0,0.10182,0.10071321535202782,59907,0.46520731221296474,4.79253,100000,0.1
English words,100000,0.38385369995376095,0.4403413999825716,0.44798330002231523,0,0.10182,0.10071321535202782,59907,0.46520731221296474,4.79253,100000,0.1
English words,100000,0.4113515000208281,0.447321199986618,0.44097470003180206,0,0.10182,0.10071321535202782,59907,0.46520731221296474,4.79253,100000,0.1
English words,1000,0.00309070001821965,0.0037101999623700976,0.003442400018684566,0,0.007,0.006907480901426233,18034,0.006882927843626534,144.27,100000,0.5
English words,1000,0.0029972000047564507,0.00330689997645095,0.003612699976656586,0,0.007,0.006907480901426233,18034,0.006882927843626534,144.27,100000,0.5
English words,1000,0.002972799993585795,0.0032960999524220824,0.003452500037383288,0,0.007,0.006907480901426233,18034,0.006882927843626534,144.27,100000,0.5
English words,1000,0.0029486999846994877,0.0032609000336378813,0.003411100013181567,0,0.007,0.006907480901426233,18034,0.006882927843626534,144.27,100000,0.5
English words,1000,0.0030610000248998404,0.0033136000274680555,0.0034365999745205045,0,0.007,0.006907480901426233,18034,0.006882927843626534,144.27,100000,0.5
English words,1000,0.0029506999999284744,0.0032879000063985586,0.0036318000056780875,0,0.007,0.006907480901426233,18034,0.006882927843626534,144.27,100000,0.5
English words,1000,0.0029873999883420765,0.0033104000031016767,0.0034601999795995653,0,0.007,0.006907480901426233,18034,0.006882927843626534,144.27,100000,0.5
English words,1000,0.004455399990547448,0.003353099978994578,0.0034155999892391264,0,0.007,0.006907480901426233,18034,0.006882927843626534,144.27,100000,0.5
English words,1000,0.0038846000097692013,0.0032825000234879553,0.003451899974606931,0,0.007,0.006907480901426233,18034,0.006882927843626534,144.27,100000,0.5
English words,1000,0.0031997999758459628,0.005271699978038669,0.003452999982982874,0,0.007,0.006907480901426233,18034,0.006882927843626534,144.27,100000,0.5
English words,5000,0.016338199959136546,0.018341100018005818,0.01816279999911785,0,0.03,0.03406355600258992,18034,0.034033409579261105,28.854,100000,0.5
English words,5000,0.017857099999673665,0.01837780000641942,0.020535400020889938,0,0.03,0.03406355600258992,18034,0.034033409579261105,28.854,100000,0.5
English words,5000,0.015064599981997162,0.01672710001002997,0.022331300016958266,0,0.03,0.03406355600258992,18034,0.034033409579261105,28.854,100000,0.5
English words,5000,0.01643110002623871,0.01730359997600317,0.018231800000648946,0,0.03,0.03406355600258992,18034,0.034033409579261105,28.854,100000,0.5
English words,5000,0.016201100021135062,0.027934700017794967,0.01815409999107942,0,0.03,0.03406355600258992,18034,0.034033409579261105,28.854,100000,0.5
English words,5000,0.017154700006358325,0.01658369996584952,0.01775119994999841,0,0.03,0.03406355600258992,18034,0.034033409579261105,28.854,100000,0.5
English words,5000,0.016405300004407763,0.018424500012770295,0.020550799963530153,0,0.03,0.03406355600258992,18034,0.034033409579261105,28.854,100000,0.5
English words,5000,0.016513099952135235,0.01855290000094101,0.02399289997993037,0,0.03,0.03406355600258992,18034,0.034033409579261105,28.854,100000,0.5
English words,5000,0.030134000000543892,0.01823839999269694,0.018301100004464388,0,0.03,0.03406355600258992,18034,0.034033409579261105,28.854,100000,0.5
English words,5000,0.01577150000957772,0.017188999976497144,0.018230199988465756,0,0.03,0.03406355600258992,18034,0.034033409579261105,28.854,100000,0.5
English words,10000,0.02998900000238791,0.03396239998983219,0.03498220001347363,0,0.0665,0.06696678615763818,18034,0.06691619879392806,14.427,100000,0.5
English words,10000,0.03076999995391816,0.033449499984271824,0.03502840001601726,0,0.0665,0.06696678615763818,18034,0.06691619879392806,14.427,100000,0.5
English words,10000,0.03191690001403913,0.03676930000074208,0.03864800004521385,0,0.0665,0.06696678615763818,18034,0.06691619879392806,14.427,100000,0.5
English words,10000,0.03197710000677034,0.034919300000183284,0.03626060002716258,0,0.0665,0.06696678615763818,18034,0.06691619879392806,14.427,100000,0.5
English words,10000,0.03701919998275116,0.033850900013931096,0.04015170002821833,0,0.0665,0.06696678615763818,18034,0.06691619879392806,14.427,100000,0.5
English words,10000,0.041673599975183606,0.03342630004044622,0.05048520001582801,0,0.0665,0.06696678615763818,18034,0.06691619879392806,14.427,100000,0.5
English words,10000,0.03246379998745397,0.03332569997292012,0.03786849998869002,0,0.0665,0.06696678615763818,18034,0.06691619879392806,14.427,100000,0.5
English words,10000,0.031502500001806766,0.03403260000050068,0.03602219995809719,0,0.0665,0.06696678615763818,18034,0.06691619879392806,14.427,100000,0.5
English words,10000,0.03316289995564148,0.03445490001467988,0.03573649999452755,0,0.0665,0.06696678615763818,18034,0.06691619879392806,14.427,100000,0.5
English words,10000,0.029340600012801588,0.03334959998028353,0.03565789997810498,0,0.0665,0.06696678615763818,18034,0.06691619879392806,14.427,100000,0.5
English words,25000,0.07495729997754097,0.08568150002975017,0.0870287999860011,0,0.15848,0.15910308386373662,18034,0.15892423927358426,5.7708,100000,0.5
English words,25000,0.0743456999771297,0.08709499996621162,0.08720010000979528,0,0.15848,0.15910308386373662,18034,0.15892423927358426,5.7708,100000,0.5
English words,25000,0.07758879999164492,0.09186759998556226,0.08989790000487119,0,0.15848,0.15910308386373662,18034,0.15892423927358426,5.7708,100000,0.5
English words,25000,0.07902780000586063,0.08703340002102777,0.08988749998388812,0,0.15848,0.15910308386373662,18034,0.15892423927358426,5.7708,100000,0.5
English words,25000,0.07453689997782931,0.09213250002358109,0.10907360003329813,0,0.15848,0.15910308386373662,18034,0.15892423927358426,5.7708,100000,0.5
English words,25000,0.09813020000001416,0.10689740005182102,0.08932879997882992,0,0.15848,0.15910308386373662,18034,0.15892423927358426,5.7708,100000,0.5
English words,25000,0.07906429999275133,0.08612630004063249,0.08823580003809184,0,0.15848,0.15910308386373662,18034,0.15892423927358426,5.7708,100000,0.5
English words,25000,0.08240489999298006,0.08615800004918128,0.08839639998041093,0,0.15848,0.15910308386373662,18034,0.15892423927358426,5.7708,100000,0.5
English words,25000,0.07792019995395094,0.09211229998618364,0.092229200003203,0,0.15848,0.15910308386373662,18034,0.15892423927358426,5.7708,100000,0.5
English words,25000,0.07664379995549098,0.08727289998205379,0.10235000000102445,0,0.15848,0.15910308386373662,18034,0.15892423927358426,5.7708,100000,0.5
English words,50000,0.17351519997464493,0.17544130003079772,0.18599520000861958,0,0.29136,0.292892376432522,18034,0.29276356830941985,2.8854,100000,0.5
English words,50000,0.152888200012967,0.16948240000056103,0.17469890002394095,0,0.29136,0.292892376432522,18034,0.29276356830941985,2.8854,100000,0.5
English words,50000,0.15509729995392263,0.1740171000128612,0.18624439998529851,0,0.29136,0.292892376432522,18034,0.29276356830941985,2.8854,100000,0.5
English words,50000,0.1614869000040926,0.19675869995262474,0.19603799999458715,0,0.29136,0.292892376432522,18034,0.29276356830941985,2.8854,100000,0.5
English words,50000,0.15544469997985289,0.1762148000416346,0.1867729999939911,0,0.29136,0.292892376432522,18034,0.29276356830941985,2.8854,100000,0.5
English words,50000,0.1597509999992326,0.16927810001652688,0.17681039997842163,0,0.29136,0.292892376432522,18034,0.29276356830941985,2.8854,100000,0.5
English words,50000,0.15211969998199493,0.17044400004670024,0.17696730000898242,0,0.29136,0.292892376432522,18034,0.29276356830941985,2.8854,100000,0.5
English words,50000,0.15502249996643513,0.16815380001207814,0.17538189998595044,0,0.29136,0.292892376432522,18034,0.29276356830941985,2.8854,100000,0.5
English words,50000,0.15338739997241646,0.16995999997016042,0.17717540002195165,0,0.29136,0.292892376432522,18034,0.29276356830941985,2.8854,100000,0.5
English words,50000,0.1531859000097029,0.16905999998562038,0.17561999999452382,0,0.29136,0.292892376432522,18034,0.29276356830941985,2.8854,100000,0.5
English words,100000,0.310715599975083,0.34782319999067113,0.3636030000052415,0,0.49645,0.4999988086927538,18034,0.49851667013239065,1.4427,100000,0.5
English words,100000,0.3341704999911599,0.40376640000613406,0.36350420000962913,0,0.49645,0.4999988086927538,18034,0.49851667013239065,1.4427,100000,0.5
English words,100000,0.32918729999801144,0.3729831000091508,0.39634759997716174,0,0.49645,0.4999988086927538,18034,0.49851667013239065,1.4427,100000,0.5
English words,100000,0.3390186000033282,0.4686638999846764,0.36426489998120815,0,0.49645,0.4999988086927538,18034,0.49851667013239065,1.4427,100000,0.5
English words,100000,0.34626229997957125,0.3697353000170551,0.3897774000070058,0,0.49645,0.4999988086927538,18034,0.49851667013239065,1.4427,100000,0.5
English words,100000,0.326163399964571,0.37774610001361,0.36935759999323636,0,0.49645,0.4999988086927538,18034,0.49851667013239065,1.4427,100000,0.5
English words,100000,0.32493220001924783,0.3668527000118047,0.37911959999473765,0,0.49645,0.4999988086927538,18034,0.49851667013239065,1.4427,100000,0.5
English words,100000,0.33088230004068464,0.3861567000276409,0.46042919997125864,0,0.49645,0.4999988086927538,18034,0.49851667013239065,1.4427,100000,0.5
English words,100000,0.3796680000377819,0.4875383999897167,0.4316572999814525,0,0.49645,0.4999988086927538,18034,0.49851667013239065,1.4427,100000,0.5
English words,100000,0.39456769998651,0.3816655999980867,0.42803979996824637,0,0.49645,0.4999988086927538,18034,0.49851667013239065,1.4427,100000,0.5
English sentences,1000,0.005532900046091527,0.005696000007446855,0.006157300027552992,0,0.0,1.0800114320987647e-15,119814,0.007276949753053189,958.506,100000,0.01
English sentences,1000,0.006627099995967001,0.005405600008089095,0.004383499966934323,0,0.0,1.0800114320987647e-15,119814,0.007276949753053189,958.506,100000,0.01
English sentences,1000,0.008907999959774315,0.005661600036546588,0.0047771999961696565,0,0.0,1.0800114320987647e-15,119814,0.007276949753053189,958.506,100000,0.01
English sentences,1000,0.004876599996350706,0.005462500033900142,0.00671320001129061,0,0.0,1.0800114320987647e-15,119814,0.007276949753053189,958.506,100000,0.01
English sentences,1000,0.004885500005912036,0.008890500001143664,0.004637300036847591,0,0.0,1.0800114320987647e-15,119814,0.007276949753053189,958.506,100000,0.01
English sentences,1000,0.005147999967448413,0.005391500017140061,0.0043382000294514,0,0.0,1.0800114320987647e-15,119814,0.007276949753053189,958.506,100000,0.01
English sentences,1000,0.005158500047400594,0.008004600007552654,0.004380800004582852,0,0.0,1.0800114320987647e-15,119814,0.007276949753053189,958.506,100000,0.01
English sentences,1000,0.005310299980919808,0.008793000015430152,0.0061784000135958195,0,0.0,1.0800114320987647e-15,119814,0.007276949753053189,958.506,100000,0.01
English sentences,1000,0.00938289996702224,0.006523800024297088,0.008591299992986023,0,0.0,1.0800114320987647e-15,119814,0.007276949753053189,958.506,100000,0.01
English sentences,1000,0.009989599988330156,0.00947330001508817,0.005035299982409924,0,0.0,1.0800114320987647e-15,119814,0.007276949753053189,958.506,100000,0.01
English sentences,5000,0.03258009999990463,0.03860500000882894,0.030356300005223602,0,0.0,7.620389843068936e-11,119814,0.035869363363400956,191.7012,100000,0.01
English sentences,5000,0.028993999992962927,0.031093799974769354,0.025379200000315905,0,0.0,7.620389843068936e-11,119814,0.035869363363400956,191.7012,100000,0.01
English sentences,5000,0.03618480003206059,0.03653979999944568,0.034653900016564876,0,0.0,7.620389843068936e-11,119814,0.035869363363400956,191.7012,100000,0.01
English sentences,5000,0.02727199997752905,0.04478429997107014,0.035386000003200024,0,0.0,7.620389843068936e-11,119814,0.035869363363400956,191.7012,100000,0.01
English sentences,5000,0.033437400008551776,0.04129619995364919,0.022592700028326362,0,0.0,7.620389843068936e-11,119814,0.035869363363400956,191.7012,100000,0.01
English sentences,5000,0.027305700001306832,0.03156089998083189,0.02259760000742972,0,0.0,7.620389843068936e-11,119814,0.035869363363400956,191.7012,100000,0.01
English sentences,5000,0.03174489998491481,0.033011000021360815,0.03627890005009249,0,0.0,7.620389843068936e-11,119814,0.035869363363400956,191.7012,100000,0.01
English sentences,5000,0.04162370000267401,0.03569769999012351,0.03860059997532517,0,0.0,7.620389843068936e-11,119814,0.035869363363400956,191.7012,100000,0.01
English sentences,5000,0.030940699973143637,0.034785699972417206,0.02358109998749569,0,0.0,7.620389843068936e-11,119814,0.035869363363400956,191.7012,100000,0.01
English sentences,5000,0.026138699962757528,0.029253699991386384,0.022512700001243502,0,0.0,7.620389843068936e-11,119814,0.035869363363400956,191.7012,100000,0.01
English sentences,10000,0.05984189995797351,0.07885710004484281,0.07029300002614036,0,0.0,8.593887279990108e-09,119814,0.07040227186892936,95.8506,100000,0.01
English sentences,10000,0.06237549998331815,0.05886250000912696,0.04760789999272674,0,0.0,8.593887279990108e-09,119814,0.07040227186892936,95.8506,100000,0.01
English sentences,10000,0.05149880005046725,0.058135800005402416,0.045127700024750084,0,0.0,8.593887279990108e-09,119814,0.07040227186892936,95.8506,100000,0.01
English sentences,10000,0.050668800016865134,0.0605142000131309,0.045964699995238334,0,0.0,8.593887279990108e-09,119814,0.07040227186892936,95.8506,100000,0.01
English sentences,10000,0.04940359998727217,0.0571825000224635,0.045669399958569556,0,0.0,8.593887279990108e-09,119814,0.07040227186892936,95.8506,100000,0.01
English sentences,10000,0.050681900000199676,0.055593500030227005,0.04461380001157522,0,0.0,8.593887279990108e-09,119814,0.07040227186892936,95.8506,100000,0.01
English sentences,10000,0.055650000052992254,0.057986399973742664,0.04606610001064837,0,0.0,8.593887279990108e-09,119814,0.07040227186892936,95.8506,100000,0.01
English sentences,10000,0.048887800017837435,0.06827710004290566,0.04569820000324398,0,0.0,8.593887279990108e-09,119814,0.07040227186892936,95.8506,100000,0.01
English sentences,10000,0.056338099995628,0.05747170001268387,0.044866700016427785,0,0.0,8.593887279990108e-09,119814,0.07040227186892936,95.8506,100000,0.01
English sentences,10000,0.04990159999579191,0.05882610002299771,0.04627769999206066,0,0.0,8.593887279990108e-09,119814,0.07040227186892936,95.8506,100000,0.01
English sentences,25000,0.13730820000637323,0.15413039998384193,0.12067600002046674,0,0.0,3.6041501959913267e-06,119814,0.16682837666117897,38.34024,100000,0.01
English sentences,25000,0.148659200000111,0.14106490003177896,0.11439840000821277,0,0.0,3.6041501959913267e-06,119814,0.16682837666117897,38.34024,100000,0.01
English sentences,25000,0.1294044000096619,0.14232240000274032,0.11547090002568439,0,0.0,3.6041501959913267e-06,119814,0.16682837666117897,38.34024,100000,0.01
English sentences,25000,0.12744109996128827,0.14145989995449781,0.12351340003078803,0,0.0,3.6041501959913267e-06,119814,0.16682837666117897,38.34024,100000,0.01
English sentences,25000,0.13834140001563355,0.14576659997692332,0.11601900000823662,0,0.0,3.6041501959913267e-06,119814,0.16682837666117897,38.34024,100000,0.01
English sentences,25000,0.12756079999962822,0.1403281000093557,0.11464539996813983,0,0.0,3.6041501959913267e-06,119814,0.16682837666117897,38.34024,100000,0.01
English sentences,25000,0.12424679996911436,0.14465789997484535,0.12413750000996515,0,0.0,3.6041501959913267e-06,119814,0.16682837666117897,38.34024,100000,0.01
English sentences,25000,0.13645910000195727,0.15667529997881502,0.12918379995971918,0,0.0,3.6041501959913267e-06,119814,0.16682837666117897,38.34024,100000,0.01
English sentences,25000,0.1271506999619305,0.14235229999758303,0.11558819998754188,0,0.0,3.6041501959913267e-06,119814,0.16682837666117897,38.34024,100000,0.01
English sentences,25000,0.12775390001479536,0.14278290001675487,0.11364250001497567,0,0.0,3.6041501959913267e-06,119814,0.16682837666117897,38.34024,100000,0.01
English sentences,50000,0.2629064000211656,0.28242890001274645,0.23784760001581162,0,0.00024,0.00025069266290340725,119814,0.30599704122874555,19.17012,100000,0.01
English sentences,50000,0.2681814000243321,0.2848783999797888,0.24255600001197308,0,0.00024,0.00025069266290340725,119814,0.30599704122874555,19.17012,100000,0.01
English sentences,50000,0.2586092999554239,0.31952799996361136,0.2826434000162408,0,0.00024,0.00025069266290340725,119814,0.30599704122874555,19.17012,100000,0.01
English sentences,50000,0.3749602999887429,0.36337759997695684,0.322533700033091,0,0.00024,0.00025069266290340725,119814,0.30599704122874555,19.17012,100000,0.01
English sentences,50000,0.2793228999944404,0.347666300018318,0.2409219000255689,0,0.00024,0.00025069266290340725,119814,0.30599704122874555,19.17012,100000,0.01
English sentences,50000,0.29113409999990836,0.3711174000054598,0.23406639997847378,0,0.00024,0.00025069266290340725,119814,0.30599704122874555,19.17012,100000,0.01
English sentences,50000,0.2568687000311911,0.29348100000061095,0.23428159998729825,0,0.00024,0.00025069266290340725,119814,0.30599704122874555,19.17012,100000,0.01
English sentences,50000,0.2552655999897979,0.3082645999966189,0.23656329995719716,0,0.00024,0.00025069266290340725,119814,0.30599704122874555,19.17012,100000,0.01
English sentences,50000,0.2548674999852665,0.30881089996546507,0.2536495999665931,0,0.00024,0.00025069266290340725,119814,0.30599704122874555,19.17012,100000,0.01
English sentences,50000,0.2531751000205986,0.29311430000234395,0.2416677000001073,0,0.00024,0.00025069266290340725,119814,0.30599704122874555,19.17012,100000,0.01
English sentences,100000,0.5099168000160716,0.5740117999957874,0.532119000039529,0,0.01041,0.010039209581758123,119814,0.5182627964770173,9.58506,100000,0.01
English sentences,100000,0.5749052000464872,0.7269327999674715,0.7335546999820508,0,0.01041,0.010039209581758123,119814,0.5182627964770173,9.58506,100000,0.01
English sentences,100000,0.7738048000028357,0.7766321999952197,0.5742401999887079,0,0.01041,0.010039209581758123,119814,0.5182627964770173,9.58506,100000,0.01
English sentences,100000,0.7245352999889292,0.8071313999826089,0.7122495999792591,0,0.01041,0.010039209581758123,119814,0.5182627964770173,9.58506,100000,0.01
English sentences,100000,0.6607576999813318,0.6143295000074431,0.6268362000118941,0,0.01041,0.010039209581758123,119814,0.5182627964770173,9.58506,100000,0.01
English sentences,100000,0.730974999954924,0.7987587000243366,0.6647161000291817,0,0.01041,0.010039209581758123,119814,0.5182627964770173,9.58506,100000,0.01
English sentences,100000,0.5820413999608718,0.6401115999906324,0.5161904999986291,0,0.01041,0.010039209581758123,119814,0.5182627964770173,9.58506,100000,0.01
English sentences,100000,0.5119421000126749,0.5905757000437006,0.660213700029999,0,0.01041,0.010039209581758123,119814,0.5182627964770173,9.58506,100000,0.01
English sentences,100000,0.5268347999663092,0.6258543000440113,0.4989290999947116,0,0.01041,0.010039209581758123,119814,0.5182627964770173,9.58506,100000,0.01
English sentences,100000,0.525774400040973,0.5738360999966972,0.4973982999799773,0,0.01041,0.010039209581758123,119814,0.5182627964770173,9.58506,100000,0.01
English sentences,1000,0.004249099991284311,0.004759399977046996,0.004129699955228716,0,0.0,1.6720947938940096e-09,77941,0.0063911034556864785,623.523,100000,0.05
English sentences,1000,0.004127299995161593,0.004507499979808927,0.004064599983394146,0,0.0,1.6720947938940096e-09,77941,0.0063911034556864785,623.523,100000,0.05
English sentences,1000,0.004063100030180067,0.005546899978071451,0.0040886999922804534,0,0.0,1.6720947938940096e-09,77941,0.0063911034556864785,623.523,100000,0.05
English sentences,1000,0.0040691999602131546,0.004466300015337765,0.004037100006826222,0,0.0,1.6720947938940096e-09,77941,0.0063911034556864785,623.523,100000,0.05
English sentences,1000,0.004400200035888702,0.004519100009929389,0.004058799997437745,0,0.0,1.6720947938940096e-09,77941,0.0063911034556864785,623.523,100000,0.05
English sentences,1000,0.004062999971210957,0.004463499994017184,0.004220800008624792,0,0.0,1.6720947938940096e-09,77941,0.0063911034556864785,623.523,100000,0.05
English sentences,1000,0.0041117999935522676,0.004631000047083944,0.004075300006661564,0,0.0,1.6720947938940096e-09,77941,0.0063911034556864785,623.523,100000,0.05
English sentences,1000,0.004294100042898208,0.0045748999691568315,0.004091599956154823,0,0.0,1.6720947938940096e-09,77941,0.0063911034556864785,623.523,100000,0.05
English sentences,1000,0.004066399997100234,0.004553800041321665,0.0040327999740839005,0,0.0,1.6720947938940096e-09,77941,0.0063911034556864785,623.523,100000,0.05
English sentences,1000,0.004546800046227872,0.004496000008657575,0.004028800001833588,0,0.0,1.6720947938940096e-09,77941,0.0063911034556864785,623.523,100000,0.05
English sentences,5000,0.020224599982611835,0.022968799981754273,0.020659300033003092,0,0.0,9.929419378733505e-07,77941,0.03157862661040571,124.7046,100000,0.05
English sentences,5000,0.020445700036361814,0.023419700039085,0.021211499988567084,0,0.0,9.929419378733505e-07,77941,0.03157862661040571,124.7046,100000,0.05
English sentences,5000,0.020451099961064756,0.02365550003014505,0.020803700026590377,0,0.0,9.929419378733505e-07,77941,0.03157862661040571,124.7046,100000,0.05
English sentences,5000,0.022994800005108118,0.023844500014092773,0.021282600006088614,0,0.0,9.929419378733505e-07,77941,0.03157862661040571,124.7046,100000,0.05
English sentences,5000,0.021769499988295138,0.0254424000158906,0.020924200012814254,0,0.0,9.929419378733505e-07,77941,0.03157862661040571,124.7046,100000,0.05
English sentences,5000,0.021535399951972067,0.023186300008092076,0.02058089995989576,0,0.0,9.929419378733505e-07,77941,0.03157862661040571,124.7046,100000,0.05
English sentences,5000,0.020354800042696297,0.025980299978982657,0.021005799993872643,0,0.0,9.929419378733505e-07,77941,0.03157862661040571,124.7046,100000,0.05
English sentences,5000,0.02170410001417622,0.023146099993027747,0.0239278000080958,0,0.0,9.929419378733505e-07,77941,0.03157862661040571,124.7046,100000,0.05
English sentences,5000,0.021452499961014837,0.024925299978349358,0.02053959999466315,0,0.0,9.929419378733505e-07,77941,0.03157862661040571,124.7046,100000,0.05
English sentences,5000,0.020888099970761687,0.025484199984930456,0.02480369998374954,0,0.0,9.929419378733505e-07,77941,0.03157862661040571,124.7046,100000,0.05
English sentences,10000,0.04614329995820299,0.04572809999808669,0.04130509996321052,0,0.0,1.4907559563835046e-05,77941,0.06209073281979975,62.3523,100000,0.05
English sentences,10000,0.042475199967157096,0.047410600003786385,0.041459100029896945,0,0.0,1.4907559563835046e-05,77941,0.06209073281979975,62.3523,100000,0.05
English sentences,10000,0.042313699959777296,0.04587070003617555,0.04140829999232665,0,0.0,1.4907559563835046e-05,77941,0.06209073281979975,62.3523,100000,0.05
English sentences,10000,0.04223779996391386,0.04728970001451671,0.0437233000411652,0,0.0,1.4907559563835046e-05,77941,0.06209073281979975,62.3523,100000,0.05
English sentences,10000,0.0409734999993816,0.04696950002107769,0.0416632000124082,0,0.0,1.4907559563835046e-05,77941,0.06209073281979975,62.3523,100000,0.05
English sentences,10000,0.04123790003359318,0.04798299999674782,0.04289579996839166,0,0.0,1.4907559563835046e-05,77941,0.06209073281979975,62.3523,100000,0.05
English sentences,10000,0.040507600002456456,0.04709020000882447,0.042644099972676486,0,0.0,1.4907559563835046e-05,77941,0.06209073281979975,62.3523,100000,0.05
English sentences,10000,0.04768999997759238,0.04706499999156222,0.04418899997835979,0,0.0,1.4907559563835046e-05,77941,0.06209073281979975,62.3523,100000,0.05
English sentences,10000,0.04155449999962002,0.04529979999642819,0.041682899987790734,0,0.0,1.4907559563835046e-05,77941,0.06209073281979975,62.3523,100000,0.05
English sentences,10000,0.040869500022381544,0.04654329997720197,0.04183190001640469,0,0.0,1.4907559563835046e-05,77941,0.06209073281979975,62.3523,100000,0.05
English sentences,25000,0.10995909996563569,0.12243529997067526,0.10713270003907382,0,0.00056,0.00048211210043865363,77941,0.14818378792763057,24.94092,100000,0.05
English sentences,25000,0.10324840003158897,0.1178634999669157,0.11354799999389797,0,0.00056,0.00048211210043865363,77941,0.14818378792763057,24.94092,100000,0.05
English sentences,25000,0.10743840003851801,0.11540279997279868,0.12079590000212193,0,0.00056,0.00048211210043865363,77941,0.14818378792763057,24.94092,100000,0.05
English sentences,25000,0.1058568999869749,0.11875839997082949,0.11402280000038445,0,0.00056,0.00048211210043865363,77941,0.14818378792763057,24.94092,100000,0.05
English sentences,25000,0.15851879998808727,0.15082079998683184,0.11728850001236424,0,0.00056,0.00048211210043865363,77941,0.14818378792763057,24.94092,100000,0.05
English sentences,25000,0.11287710000760853,0.13673190004192293,0.11937949998537078,0,0.00056,0.00048211210043865363,77941,0.14818378792763057,24.94092,100000,0.05
English sentences,25000,0.11386510002193972,0.14551300002494827,0.1251497999764979,0,0.00056,0.00048211210043865363,77941,0.14818378792763057,24.94092,100000,0.05
English sentences,25000,0.14003609999781474,0.21079749998170882,0.1647835000185296,0,0.00056,0.00048211210043865363,77941,0.14818378792763057,24.94092,100000,0.05
English sentences,25000,0.1542026000097394,0.15446639998117462,0.13516730000264943,0,0.00056,0.00048211210043865363,77941,0.14818378792763057,24.94092,100000,0.05
English sentences,25000,0.1412832000060007,0.13731459999689832,0.12299679999705404,0,0.00056,0.00048211210043865363,77941,0.14818378792763057,24.94092,100000,0.05
English sentences,50000,0.2378255000221543,0.2906484000268392,0.3147683000424877,0,0.00572,0.005669489293146056,77941,0.27416310224322116,12.47046,100000,0.05
English sentences,50000,0.33749750000424683,0.2933626000303775,0.2812059999560006,0,0.00572,0.005669489293146056,77941,0.27416310224322116,12.47046,100000,0.05
English sentences,50000,0.2655057000229135,0.3265302000218071,0.2610242000082508,0,0.00572,0.005669489293146056,77941,0.27416310224322116,12.47046,100000,0.05
English sentences,50000,0.31440570001723245,0.2664166000322439,0.26828760001808405,0,0.00572,0.005669489293146056,77941,0.27416310224322116,12.47046,100000,0.05
English sentences,50000,0.26476179994642735,0.30302569997729734,0.2510765999904834,0,0.00572,0.005669489293146056,77941,0.27416310224322116,12.47046,100000,0.05
English sentences,50000,0.25112709996756166,0.282865299959667,0.2491946000372991,0,0.00572,0.005669489293146056,77941,0.27416310224322116,12.47046,100000,0.05
English sentences,50000,0.2832642000284977,0.3537396999890916,0.3037393999984488,0,0.00572,0.005669489293146056,77941,0.27416310224322116,12.47046,100000,0.05
English sentences,50000,0.2552620999631472,0.368672400014475,0.24111260002246127,0,0.00572,0.005669489293146056,77941,0.27416310224322116,12.47046,100000,0.05
English sentences,50000,0.24966179998591542,0.2642140000243671,0.2512493999674916,0,0.00572,0.005669489293146056,77941,0.27416310224322116,12.47046,100000,0.05
English sentences,50000,0.2649474999634549,0.2576409999746829,0.2486100999522023,0,0.00572,0.005669489293146056,77941,0.27416310224322116,12.47046,100000,0.05
English sentences,100000,0.5109483000123873,0.6280934999813326,0.49189969996223226,0,0.05053,0.05026935043090881,77941,0.47330090469798225,6.23523,100000,0.05
English sentences,100000,0.6484228000044823,0.9186227999744006,1.3146690999856219,0,0.05053,0.05026935043090881,77941,0.47330090469798225,6.23523,100000,0.05
English sentences,100000,0.6808725000009872,0.6724520000279881,0.636733399995137,0,0.05053,0.05026935043090881,77941,0.47330090469798225,6.23523,100000,0.05
English sentences,100000,0.6290342000429519,0.6740864000166766,0.6414647999918088,0,0.05053,0.05026935043090881,77941,0.47330090469798225,6.23523,100000,0.05
English sentences,100000,0.6066144999931566,0.6680866000242531,0.6458759999950416,0,0.05053,0.05026935043090881,77941,0.47330090469798225,6.23523,100000,0.05
English sentences,100000,0.6095612000208348,0.6746337000513449,0.6111010999884456,0,0.05053,0.05026935043090881,77941,0.47330090469798225,6.23523,100000,0.05
English sentences,100000,0.6341388000291772,0.6787525999825448,0.6321225999854505,0,0.05053,0.05026935043090881,77941,0.47330090469798225,6.23523,100000,0.05
English sentences,100000,0.6097017000429332,0.6546810999861918,0.6336578000336885,0,0.05053,0.05026935043090881,77941,0.47330090469798225,6.23523,100000,0.05
English sentences,100000,0.5986796999932267,0.6753793000243604,0.6143879999872297,0,0.05053,0.05026935043090881,77941,0.47330090469798225,6.23523,100000,0.05
English sentences,100000,0.6002849999931641,0.6684056000085548,0.6524642000440508,0,0.05053,0.05026935043090881,77941,0.47330090469798225,6.23523,100000,0.05
English sentences,1000,0.0062405000207945704,0.006612099998164922,0.005447999981697649,0,0.0,2.429928607669699e-07,59907,0.006249308820184746,479.253,100000,0.1
English sentences,1000,0.005300600023474544,0.006000199995469302,0.008286199998110533,0,0.0,2.429928607669699e-07,59907,0.006249308820184746,479.253,100000,0.1
English sentences,1000,0.0052581000491045415,0.00619030004600063,0.006485199963208288,0,0.0,2.429928607669699e-07,59907,0.006249308820184746,479.253,100000,0.1
English sentences,1000,0.005357899994123727,0.005584199971053749,0.005395599990151823,0,0.0,2.429928607669699e-07,59907,0.006249308820184746,479.253,100000,0.1
English sentences,1000,0.006967300025280565,0.00562430004356429,0.0052420999854803085,0,0.0,2.429928607669699e-07,59907,0.006249308820184746,479.253,100000,0.1
English sentences,1000,0.008999000012408942,0.009077000024262816,0.011296899989247322,0,0.0,2.429928607669699e-07,59907,0.006249308820184746,479.253,100000,0.1
English sentences,1000,0.008591599995270371,0.005608699982985854,0.005382300005294383,0,0.0,2.429928607669699e-07,59907,0.006249308820184746,479.253,100000,0.1
English sentences,1000,0.005405100004281849,0.0056034000008367,0.0073376999935135245,0,0.0,2.429928607669699e-07,59907,0.006249308820184746,479.253,100000,0.1
English sentences,1000,0.005219999991822988,0.005946699995547533,0.005845200037583709,0,0.0,2.429928607669699e-07,59907,0.006249308820184746,479.253,100000,0.1
English sentences,1000,0.005509000038728118,0.0056579000083729625,0.005224799970164895,0,0.0,2.429928607669699e-07,59907,0.006249308820184746,479.253,100000,0.1
English sentences,5000,0.026419300003908575,0.02969150000717491,0.02806770004099235,0,0.0,2.925790002196847e-05,59907,0.03079375611628931,95.8506,100000,0.1
English sentences,5000,0.027213599998503923,0.028951600019354373,0.0278866000007838,0,0.0,2.925790002196847e-05,59907,0.03079375611628931,95.8506,100000,0.1
English sentences,5000,0.026634400011971593,0.04216680000536144,0.030170999991241843,0,0.0,2.925790002196847e-05,59907,0.03079375611628931,95.8506,100000,0.1
English sentences,5000,0.02885450003668666,0.03749060002155602,0.028983900032471865,0,0.0,2.925790002196847e-05,59907,0.03079375611628931,95.8506,100000,0.1
English sentences,5000,0.02656990004470572,0.028965900011826307,0.0274271999951452,0,0.0,2.925790002196847e-05,59907,0.03079375611628931,95.8506,100000,0.1
English sentences,5000,0.026100300019606948,0.02991070004645735,0.02864120004232973,0,0.0,2.925790002196847e-05,59907,0.03079375611628931,95.8506,100000,0.1
English sentences,5000,0.02602559997467324,0.029543399985414,0.030010900052729994,0,0.0,2.925790002196847e-05,59907,0.03079375611628931,95.8506,100000,0.1
English sentences,5000,0.02691180002875626,0.03027660003863275,0.02768369996920228,0,0.0,2.925790002196847e-05,59907,0.03079375611628931,95.8506,100000,0.1
English sentences,5000,0.026511100004427135,0.03222450002795085,0.031625600007828325,0,0.0,2.925790002196847e-05,59907,0.03079375611628931,95.8506,100000,0.1
English sentences,5000,0.03373800002736971,0.030298199970275164,0.02778480004053563,0,0.0,2.925790002196847e-05,59907,0.03079375611628931,95.8506,100000,0.1
English sentences,10000,0.05408349999925122,0.06276749999960884,0.059008699958212674,0,0.0002,0.00022341040040483207,59907,0.06066524361871496,47.9253,100000,0.1
English sentences,10000,0.055183099990244955,0.06048689997987822,0.060684399970341474,0,0.0002,0.00022341040040483207,59907,0.06066524361871496,47.9253,100000,0.1
English sentences,10000,0.0570523000205867,0.06061570002930239,0.0592847999650985,0,0.0002,0.00022341040040483207,59907,0.06066524361871496,47.9253,100000,0.1
English sentences,10000,0.052741300023626536,0.062001600046642125,0.056456000020261854,0,0.0002,0.00022341040040483207,59907,0.06066524361871496,47.9253,100000,0.1
English sentences,10000,0.05585410003550351,0.06347130000358447,0.06250140001066029,0,0.0002,0.00022341040040483207,59907,0.06066524361871496,47.9253,100000,0.1
English sentences,10000,0.05849070003023371,0.06589100003475323,0.06486589997075498,0,0.0002,0.00022341040040483207,59907,0.06066524361871496,47.9253,100000,0.1
English sentences,10000,0.06594599998788908,0.07371090003289282,0.05883569997968152,0,0.0002,0.00022341040040483207,59907,0.06066524361871496,47.9253,100000,0.1
English sentences,10000,0.058207200025208294,0.06393040000693873,0.057002699992153794,0,0.0002,0.00022341040040483207,59907,0.06066524361871496,47.9253,100000,0.1
English sentences,10000,0.05973560002166778,0.059582000016234815,0.05691480002133176,0,0.0002,0.00022341040040483207,59907,0.06066524361871496,47.9253,100000,0.1
English sentences,10000,0.054793199989944696,0.06577020004624501,0.05952359997900203,0,0.0002,0.00022341040040483207,59907,0.06066524361871496,47.9253,100000,0.1
English sentences,25000,0.14094719995046034,0.17112579999957234,0.14609769999515265,0,0.00288,0.0030399894165811267,59907,0.14499439753115786,19.17012,100000,0.1
English sentences,25000,0.13912060001166537,0.15533549996325746,0.14129800000227988,0,0.00288,0.0030399894165811267,59907,0.14499439753115786,19.17012,100000,0.1
English sentences,25000,0.13896389998262748,0.15895610000006855,0.1527009999845177,0,0.00288,0.0030399894165811267,59907,0.14499439753115786,19.17012,100000,0.1
English sentences,25000,0.13954850001027808,0.15879070002119988,0.14952530001755804,0,0.00288,0.0030399894165811267,59907,0.14499439753115786,19.17012,100000,0.1
English sentences,25000,0.14197260001674294,0.15411280002444983,0.1572730999905616,0,0.00288,0.0030399894165811267,59907,0.14499439753115786,19.17012,100000,0.1
English sentences,25000,0.1426554000354372,0.1605581000330858,0.16636380000272766,0,0.00288,0.0030399894165811267,59907,0.14499439753115786,19.17012,100000,0.1
English sentences,25000,0.13465580000774935,0.15131069999188185,0.1603567999554798,0,0.00288,0.0030399894165811267,59907,0.14499439753115786,19.17012,100000,0.1
English sentences,25000,0.165547400014475,0.17844779998995364,0.152620000008028,0,0.00288,0.0030399894165811267,59907,0.14499439753115786,19.17012,100000,0.1
English sentences,25000,0.14151579997269437,0.15216230001533404,0.1472947999718599,0,0.00288,0.0030399894165811267,59907,0.14499439753115786,19.17012,100000,0.1
English sentences,25000,0.14372370002092794,0.16182870004558936,0.15415620000567287,0,0.00288,0.0030399894165811267,59907,0.14499439753115786,19.17012,100000,0.1
English sentences,50000,0.2811431000009179,0.30921310000121593,0.3058563999948092,0,0.02008,0.019408861513406532,59907,0.26886425332757435,9.58506,100000,0.1
English sentences,50000,0.2730421000160277,0.3135069000418298,0.30501780001213774,0,0.02008,0.019408861513406532,59907,0.26886425332757435,9.58506,100000,0.1
English sentences,50000,0.302233399997931,0.3132592999609187,0.29698039998766035,0,0.02008,0.019408861513406532,59907,0.26886425332757435,9.58506,100000,0.1
English sentences,50000,0.27878470002906397,0.3119421000010334,0.29327009996632114,0,0.02008,0.019408861513406532,59907,0.26886425332757435,9.58506,100000,0.1
English sentences,50000,0.2886057000141591,0.3114824999938719,0.296296100015752,0,0.02008,0.019408861513406532,59907,0.26886425332757435,9.58506,100000,0.1
English sentences,50000,0.3150963999796659,0.31103699997765943,0.3063976999837905,0,0.02008,0.019408861513406532,59907,0.26886425332757435,9.58506,100000,0.1
English sentences,50000,0.2750019999803044,0.32004620000952855,0.29050480003934354,0,0.02008,0.019408861513406532,59907,0.26886425332757435,9.58506,100000,0.1
English sentences,50000,0.2873469000332989,0.3144334999960847,0.3476842000382021,0,0.02008,0.019408861513406532,59907,0.26886425332757435,9.58506,100000,0.1
English sentences,50000,0.2870721999788657,0.32321020000381395,0.2963266000151634,0,0.02008,0.019408861513406532,59907,0.26886425332757435,9.58506,100000,0.1
English sentences,50000,0.2761995000182651,0.3132608000305481,0.29739759996300563,0,0.02008,0.019408861513406532,59907,0.26886425332757435,9.58506,100000,0.1
English sentences,100000,0.5577673999941908,0.6263724000309594,0.6107095000334084,0,0.10135,0.10071321535202782,59907,0.4651885329877956,4.79253,100000,0.1
English sentences,100000,0.5520841999677941,0.6327448000083677,0.6797502999543212,0,0.10135,0.10071321535202782,59907,0.4651885329877956,4.79253,100000,0.1
English sentences,100000,0.5681915999739431,0.6202950000297278,0.6097717999946326,0,0.10135,0.10071321535202782,59907,0.4651885329877956,4.79253,100000,0.1
English sentences,100000,0.6449338000384159,0.6252120999852195,0.5998545999755152,0,0.10135,0.10071321535202782,59907,0.4651885329877956,4.79253,100000,0.1
English sentences,100000,0.5525445999810472,0.6216613999567926,0.5999112999998033,0,0.10135,0.10071321535202782,59907,0.4651885329877956,4.79253,100000,0.1
English sentences,100000,0.5609334000037052,0.6176421000272967,0.615773800003808,0,0.10135,0.10071321535202782,59907,0.4651885329877956,4.79253,100000,0.1
English sentences,100000,0.5559586000163108,0.6186054999707267,0.6046694000251591,0,0.10135,0.10071321535202782,59907,0.4651885329877956,4.79253,100000,0.1
English sentences,100000,0.5444327000295743,0.6239227000041865,0.6336014999542385,0,0.10135,0.10071321535202782,59907,0.4651885329877956,4.79253,100000,0.1
English sentences,100000,0.5492039999808185,0.6348143999930471,0.6082341999863274,0,0.10135,0.10071321535202782,59907,0.4651885329877956,4.79253,100000,0.1
English sentences,100000,0.566980900010094,0.6930362000130117,0.7384497000020929,0,0.10135,0.10071321535202782,59907,0.4651885329877956,4.79253,100000,0.1
English sentences,1000,0.006892000033985823,0.0071434000274166465,0.006862599984742701,0,0.006,0.006907480901426233,18034,0.006903722187564982,144.27,100000,0.5
English sentences,1000,0.0062194999773055315,0.006238300004042685,0.007025600003544241,0,0.006,0.006907480901426233,18034,0.006903722187564982,144.27,100000,0.5
English sentences,1000,0.005951699975412339,0.00787329999729991,0.007482100045308471,0,0.006,0.006907480901426233,18034,0.006903722187564982,144.27,100000,0.5
English sentences,1000,0.005791500036139041,0.00727609999012202,0.006865900009870529,0,0.006,0.006907480901426233,18034,0.006903722187564982,144.27,100000,0.5
English sentences,1000,0.0052284999983385205,0.006575700012035668,0.007039799995254725,0,0.006,0.006907480901426233,18034,0.006903722187564982,144.27,100000,0.5
English sentences,1000,0.005971500009763986,0.005472999997437,0.0071604999830015,0,0.006,0.006907480901426233,18034,0.006903722187564982,144.27,100000,0.5
English sentences,1000,0.004974799987394363,0.0060745999799109995,0.007158199965488166,0,0.006,0.006907480901426233,18034,0.006903722187564982,144.27,100000,0.5
English sentences,1000,0.005359400005545467,0.006154900009278208,0.006311399978585541,0,0.006,0.006907480901426233,18034,0.006903722187564982,144.27,100000,0.5
English sentences,1000,0.00619180005742237,0.00573229999281466,0.007260400045197457,0,0.006,0.006907480901426233,18034,0.006903722187564982,144.27,100000,0.5
English sentences,1000,0.006021999986842275,0.006536100001540035,0.0063587999902665615,0,0.006,0.006907480901426233,18034,0.006903722187564982,144.27,100000,0.5
English sentences,5000,0.029773299989756197,0.032243299996480346,0.029752600006759167,0,0.0346,0.03406355600258992,18034,0.034047272475220075,28.854,100000,0.5
English sentences,5000,0.024429900047834963,0.03678700001910329,0.030634299968369305,0,0.0346,0.03406355600258992,18034,0.034047272475220075,28.854,100000,0.5
English sentences,5000,0.028573299990966916,0.027662200038321316,0.028464799979701638,0,0.0346,0.03406355600258992,18034,0.034047272475220075,28.854,100000,0.5
English sentences,5000,0.028996999957598746,0.03235049999784678,0.033822899975348264,0,0.0346,0.03406355600258992,18034,0.034047272475220075,28.854,100000,0.5
English sentences,5000,0.028328599990345538,0.028944999969098717,0.033678999985568225,0,0.0346,0.03406355600258992,18034,0.034047272475220075,28.854,100000,0.5
English sentences,5000,0.024641699972562492,0.030123099975753576,0.03013430000282824,0,0.0346,0.03406355600258992,18034,0.034047272475220075,28.854,100000,0.5
English sentences,5000,0.030205100018065423,0.03385439998237416,0.03673230001004413,0,0.0346,0.03406355600258992,18034,0.034047272475220075,28.854,100000,0.5
English sentences,5000,0.028883399965707213,0.02816079999320209,0.03413310000905767,0,0.0346,0.03406355600258992,18034,0.034047272475220075,28.854,100000,0.5
English sentences,5000,0.027706299966666847,0.040289899974595755,0.03871299995807931,0,0.0346,0.03406355600258992,18034,0.034047272475220075,28.854,100000,0.5
English sentences,5000,0.02847179997479543,0.03312009997898713,0.02821710001444444,0,0.0346,0.03406355600258992,18034,0.034047272475220075,28.854,100000,0.5
English sentences,10000,0.053202299983240664,0.059071100025903434,0.061003599956166,0,0.0661,0.06696678615763818,18034,0.06686074721009219,14.427,100000,0.5
English sentences,10000,0.05048729997361079,0.053427300008479506,0.05134610005188733,0,0.0661,0.06696678615763818,18034,0.06686074721009219,14.427,100000,0.5
English sentences,10000,0.04362630000105128,0.04908080003224313,0.05472569999983534,0,0.0661,0.06696678615763818,18034,0.06686074721009219,14.427,100000,0.5
English sentences,10000,0.05109309998806566,0.05836080003064126,0.05941249994793907,0,0.0661,0.06696678615763818,18034,0.06686074721009219,14.427,100000,0.5
English sentences,10000,0.054091099998913705,0.05859999998938292,0.0595651000039652,0,0.0661,0.06696678615763818,18034,0.06686074721009219,14.427,100000,0.5
English sentences,10000,0.0495606999611482,0.06363079999573529,0.05823859997326508,0,0.0661,0.06696678615763818,18034,0.06686074721009219,14.427,100000,0.5
English sentences,10000,0.047169000026769936,0.053674699971452355,0.05573399999411777,0,0.0661,0.06696678615763818,18034,0.06686074721009219,14.427,100000,0.5
English sentences,10000,0.047609000001102686,0.051185799995437264,0.05569010000908747,0,0.0661,0.06696678615763818,18034,0.06686074721009219,14.427,100000,0.5
English sentences,10000,0.04834680003114045,0.0501327000092715,0.052322400035336614,0,0.0661,0.06696678615763818,18034,0.06686074721009219,14.427,100000,0.5
English sentences,10000,0.0498414000030607,0.051630100002512336,0.052835999988019466,0,0.0661,0.06696678615763818,18034,0.06686074721009219,14.427,100000,0.5
English sentences,25000,0.11547350004548207,0.12816149997524917,0.1438386999652721,0,0.15628,0.15910308386373662,18034,0.15883413044985098,5.7708,100000,0.5
English sentences,25000,0.11337440001079813,0.13247680000495166,0.1429214999661781,0,0.15628,0.15910308386373662,18034,0.15883413044985098,5.7708,100000,0.5
English sentences,25000,0.12245809996966273,0.1299843000015244,0.1345440000295639,0,0.15628,0.15910308386373662,18034,0.15883413044985098,5.7708,100000,0.5
English sentences,25000,0.1212952999630943,0.12955169996712357,0.13698389998171479,0,0.15628,0.15910308386373662,18034,0.15883413044985098,5.7708,100000,0.5
English sentences,25000,0.11375709995627403,0.1311287999851629,0.135299599962309,0,0.15628,0.15910308386373662,18034,0.15883413044985098,5.7708,100000,0.5
English sentences,25000,0.11535039998125285,0.12959739996585995,0.1409605999942869,0,0.15628,0.15910308386373662,18034,0.15883413044985098,5.7708,100000,0.5
English sentences,25000,0.12109410000266507,0.16636769997421652,0.16429270000662655,0,0.15628,0.15910308386373662,18034,0.15883413044985098,5.7708,100000,0.5
English sentences,25000,0.12369320000289008,0.13347369997063652,0.16640330001246184,0,0.15628,0.15910308386373662,18034,0.15883413044985098,5.7708,100000,0.5
English sentences,25000,0.1348580999765545,0.1457279000314884,0.1429409999982454,0,0.15628,0.15910308386373662,18034,0.15883413044985098,5.7708,100000,0.5
English sentences,25000,0.11901800002669916,0.13958419999107718,0.1377904000109993,0,0.15628,0.15910308386373662,18034,0.15883413044985098,5.7708,100000,0.5
English sentences,50000,0.24199379998026416,0.2893051999853924,0.27114110003458336,0,0.2918,0.292892376432522,18034,0.2926457336937686,2.8854,100000,0.5
English sentences,50000,0.23975690000224859,0.258112000010442,0.29787369997939095,0,0.2918,0.292892376432522,18034,0.2926457336937686,2.8854,100000,0.5
English sentences,50000,0.2503682999522425,0.2810454999562353,0.2666196000063792,0,0.2918,0.292892376432522,18034,0.2926457336937686,2.8854,100000,0.5
English sentences,50000,0.28103750001173466,0.30162069998914376,0.2676544999703765,0,0.2918,0.292892376432522,18034,0.2926457336937686,2.8854,100000,0.5
English sentences,50000,0.23726379999425262,0.26438200002303347,0.27340589999221265,0,0.2918,0.292892376432522,18034,0.2926457336937686,2.8854,100000,0.5
English sentences,50000,0.23410490003880113,0.26983290002681315,0.2841474000015296,0,0.2918,0.292892376432522,18034,0.2926457336937686,2.8854,100000,0.5
English sentences,50000,0.23793439997825772,0.2535282000317238,0.3244379999814555,0,0.2918,0.292892376432522,18034,0.2926457336937686,2.8854,100000,0.5
English sentences,50000,0.2809051999938674,0.29762999998638406,0.2696503999759443,0,0.2918,0.292892376432522,18034,0.2926457336937686,2.8854,100000,0.5
English sentences,50000,0.23832509998464957,0.26286529999924824,0.3287873999797739,0,0.2918,0.292892376432522,18034,0.2926457336937686,2.8854,100000,0.5
English sentences,50000,0.2398164999904111,0.26521310000680387,0.2739788999897428,0,0.2918,0.292892376432522,18034,0.2926457336937686,2.8854,100000,0.5
English sentences,100000,0.4714007000438869,0.5239801999996416,0.5441330999601632,0,0.50043,0.4999988086927538,18034,0.49992375407222567,1.4427,100000,0.5
English sentences,100000,0.4721803999855183,0.6603605999844149,0.5684521000366658,0,0.50043,0.4999988086927538,18034,0.49992375407222567,1.4427,100000,0.5
English sentences,100000,0.5036941000143997,0.5626067999983206,0.5443757000030018,0,0.50043,0.4999988086927538,18034,0.49992375407222567,1.4427,100000,0.5
English sentences,100000,0.5434895000071265,0.638959200005047,0.7567022000439465,0,0.50043,0.4999988086927538,18034,0.49992375407222567,1.4427,100000,0.5
English sentences,100000,0.5521453999681398,0.520247999986168,0.5401147000375204,0,0.50043,0.4999988086927538,18034,0.49992375407222567,1.4427,100000,0.5
English sentences,100000,0.4762928999844007,0.5278371999738738,0.6077182000153698,0,0.50043,0.4999988086927538,18034,0.49992375407222567,1.4427,100000,0.5
English sentences,100000,0.604175699991174,0.7653951999964193,0.6661326000466943,0,0.50043,0.4999988086927538,18034,0.49992375407222567,1.4427,100000,0.5
English sentences,100000,0.7524630000116304,0.7490947000333108,0.664099299989175,0,0.50043,0.4999988086927538,18034,0.49992375407222567,1.4427,100000,0.5
English sentences,100000,0.7381610000156797,0.6978687000228092,0.6759228000300936,0,0.50043,0.4999988086927538,18034,0.49992375407222567,1.4427,100000,0.5
English sentences,100000,0.5638685000012629,0.5368192999740131,0.530872699979227,0,0.50043,0.4999988086927538,18034,0.49992375407222567,1.4427,100000,0.5
